old_path,new_path,sha256_before,sha256_after,action,category,sha256_current,post_move_rewrite
Astrology-Database/#Articles/Dasamsa-Loss and Gain in Career.pptx,Astrology-Database/Articles/Dasamsa-Loss and Gain in Career.pptx,6ca6e1dc770b0a5562330cf59097679a1728f5a957af270623788a94ee75b113,6ca6e1dc770b0a5562330cf59097679a1728f5a957af270623788a94ee75b113,moved,Astrology/Articles,6ca6e1dc770b0a5562330cf59097679a1728f5a957af270623788a94ee75b113,no
Astrology-Database/#Articles/Horary Astrology the 6th Reader 3.doc,Astrology-Database/Articles/Horary Astrology the 6th Reader 3.doc,fbbb5d9533082a342a90f6ae02803b71e2531d1becc59d0bcaa02e202c23e6e9,fbbb5d9533082a342a90f6ae02803b71e2531d1becc59d0bcaa02e202c23e6e9,moved,Astrology/Articles,fbbb5d9533082a342a90f6ae02803b71e2531d1becc59d0bcaa02e202c23e6e9,no
Astrology-Database/#Articles/Jaimini Chara Dasha in Astrology.doc,Astrology-Database/Articles/Jaimini Chara Dasha in Astrology.doc,0bd4dcb651ff8b47dc950ce40f7e5554f17f3a0d22185cc3ee71de55e17ab024,0bd4dcb651ff8b47dc950ce40f7e5554f17f3a0d22185cc3ee71de55e17ab024,moved,Astrology/Articles,0bd4dcb651ff8b47dc950ce40f7e5554f17f3a0d22185cc3ee71de55e17ab024,no
Astrology-Database/#Articles/jaimini_astrology.doc,Astrology-Database/Articles/jaimini_astrology.doc,fa1aaa98a2279991d85d3e41a4c3b98ac33cde9759632fe3514b220f4f6a4f82,fa1aaa98a2279991d85d3e41a4c3b98ac33cde9759632fe3514b220f4f6a4f82,moved,Astrology/Articles,fa1aaa98a2279991d85d3e41a4c3b98ac33cde9759632fe3514b220f4f6a4f82,no
Astrology-Database/#Articles/Jyotish and free will (Sanjay Rath).doc,Astrology-Database/Articles/Jyotish and free will (Sanjay Rath).doc,929720c3dde73ad6ca9fb6b516211cda5a01dd098baa899258a36cea6671c476,929720c3dde73ad6ca9fb6b516211cda5a01dd098baa899258a36cea6671c476,moved,Astrology/Articles,929720c3dde73ad6ca9fb6b516211cda5a01dd098baa899258a36cea6671c476,no
Astrology-Database/#Articles/prashna-FINDING LOST ARTICLES USING HORARY ASTROLOGY.doc,Astrology-Database/Articles/prashna-FINDING LOST ARTICLES USING HORARY ASTROLOGY.doc,7ee0433a9bc0bf1177bfe4a0e5202beb929dbff44ab419f2b5cebd9a392fe808,7ee0433a9bc0bf1177bfe4a0e5202beb929dbff44ab419f2b5cebd9a392fe808,moved,Astrology/Articles,7ee0433a9bc0bf1177bfe4a0e5202beb929dbff44ab419f2b5cebd9a392fe808,no
Astrology-Database/#Articles/yogas.html,Astrology-Database/Articles/yogas.html,d114bfbdb11973ad00de45155b396f4e8a906980ffe9e47d81d3d4af020fbab4,d114bfbdb11973ad00de45155b396f4e8a906980ffe9e47d81d3d4af020fbab4,moved,Astrology/Articles,d114bfbdb11973ad00de45155b396f4e8a906980ffe9e47d81d3d4af020fbab4,no
Astrology-Database/(I)Timing-of-EventsCrux-of-Vedic-Astrology-1 .md,Astrology-Database/Jaimini/(I)Timing-of-EventsCrux-of-Vedic-Astrology-1 .md,c3fc187826191f2cf174b858e1f0669edd03c97f7eaaa499bcbd8db1372428e3,c3fc187826191f2cf174b858e1f0669edd03c97f7eaaa499bcbd8db1372428e3,moved,Astrology/Jaimini,c3fc187826191f2cf174b858e1f0669edd03c97f7eaaa499bcbd8db1372428e3,no
Astrology-Database/(II)Timing of Events-Crux-of-Vedic-Astrology-Timing-of-Events.md,Astrology-Database/Jaimini/(II)Timing of Events-Crux-of-Vedic-Astrology-Timing-of-Events.md,1cafd4bdcfde4c4dc5393810e944c9e840c175a8c40c7c92dbf6175be539773a,1cafd4bdcfde4c4dc5393810e944c9e840c175a8c40c7c92dbf6175be539773a,moved,Astrology/Jaimini,1cafd4bdcfde4c4dc5393810e944c9e840c175a8c40c7c92dbf6175be539773a,no
Astrology-Database/01_Principles_of_the_Uranian_System.md,Astrology-Database/Uranian/01_Principles_of_the_Uranian_System.md,25e44d07fd35cd16455a0f66004a95e445aa3df38877fe244c4e5546ae27723f,25e44d07fd35cd16455a0f66004a95e445aa3df38877fe244c4e5546ae27723f,moved,Astrology/Uranian,d0f27590dbc1c571f8a9b8262b3b78d51a83626cc08c92f80c9fb7ac8aa865b8,yes
Astrology-Database/02_Rules_for_Planetary_Pictures.md,Astrology-Database/Vedic-Classics/02_Rules_for_Planetary_Pictures.md,54081266842789e1535651cc64ac9c30e6a494d45affb6ed687a8ac2a2b1a957,54081266842789e1535651cc64ac9c30e6a494d45affb6ed687a8ac2a2b1a957,moved,Astrology/Vedic-Classics,0421de09301d220bb330940fe006ddf1cbe71b6dd94f0feedf9c91fe26643f54,yes
Astrology-Database/03_Alfred_Witte_And_I.md,Astrology-Database/Uranian/03_Alfred_Witte_And_I.md,ca59b2aea9fd3423c8e6b9e74f425c0dfef0b3a6ba3e54be82507f048480c649,ca59b2aea9fd3423c8e6b9e74f425c0dfef0b3a6ba3e54be82507f048480c649,moved,Astrology/Uranian,ca59b2aea9fd3423c8e6b9e74f425c0dfef0b3a6ba3e54be82507f048480c649,no
Astrology-Database/12-houses-of-zodiac-from-bphs.html.md,Astrology-Database/Jaimini/12-houses-of-zodiac-from-bphs.html.md,5bf4d32daa17c457c46487de300fdb4dd9a8181fae20a0fcb1dced12aca4a00c,5bf4d32daa17c457c46487de300fdb4dd9a8181fae20a0fcb1dced12aca4a00c,moved,Astrology/Jaimini,5bf4d32daa17c457c46487de300fdb4dd9a8181fae20a0fcb1dced12aca4a00c,no
Astrology-Database/12Reading Remedy.md,Astrology-Database/Vedic-Classics/12Reading Remedy.md,7b2b7f0b8f46b4a30e774c5c70c6437c12d186922207c62dc1804484ddbcf2f9,7b2b7f0b8f46b4a30e774c5c70c6437c12d186922207c62dc1804484ddbcf2f9,moved,Astrology/Vedic-Classics,7b2b7f0b8f46b4a30e774c5c70c6437c12d186922207c62dc1804484ddbcf2f9,no
Astrology-Database/1st house_express star teller.md,Astrology-Database/Jaimini/1st house_express star teller.md,22db32bce354e6bb2836b577efd01480083ef2d1b1e416c643f41da34ec6a952,22db32bce354e6bb2836b577efd01480083ef2d1b1e416c643f41da34ec6a952,moved,Astrology/Jaimini,22db32bce354e6bb2836b577efd01480083ef2d1b1e416c643f41da34ec6a952,no
Astrology-Database/20260731-dk-in-8th-house-terrain-card.md,Astrology-Database/Jaimini/20260731-dk-in-8th-house-terrain-card.md,68364368ecd1b1d168f1284b85983cf530cbff7671b319d0739f7ec989b3bd9e,68364368ecd1b1d168f1284b85983cf530cbff7671b319d0739f7ec989b3bd9e,moved,Astrology/Jaimini,35100083e7806d0c850cd59452d233042998c0fac831d2ebdf8e80ba17b9ed1c,yes
Astrology-Database/20260731-soulmate-three-layer-marriage-framework.md,Astrology-Database/Jaimini/20260731-soulmate-three-layer-marriage-framework.md,b40f90ad0a8b4ade55ca92401c2eb00de7ceea3ffd2a44f6e672923eb2cee856,b40f90ad0a8b4ade55ca92401c2eb00de7ceea3ffd2a44f6e672923eb2cee856,moved,Astrology/Jaimini,4054e39fd1b91cbaae7945455ee654eaf344db183027f7087049306a7d0d733c,yes
Astrology-Database/20260801-relationship-good-or-bad-technical-model.md,Astrology-Database/Jaimini/20260801-relationship-good-or-bad-technical-model.md,4881a5ba14a8f8ada795d04908d2056c23261b4602719607fc3f76bc8b39e46e,4881a5ba14a8f8ada795d04908d2056c23261b4602719607fc3f76bc8b39e46e,moved,Astrology/Jaimini,6104e60abd6dd0a0eba31ab6de36f52e168e668832163b74e8f95d0b118eaf11,yes
Astrology-Database/300 Important Combinations.md,Astrology-Database/Natal-Rectification/300 Important Combinations.md,3355e89ea0e152c1f9c386a59663c61d0e5899cfec444b687a3e2c2fa3434afc,3355e89ea0e152c1f9c386a59663c61d0e5899cfec444b687a3e2c2fa3434afc,moved,Astrology/Natal-Rectification,3355e89ea0e152c1f9c386a59663c61d0e5899cfec444b687a3e2c2fa3434afc,no
Astrology-Database/4 Step Theory.md,Astrology-Database/KP-Prashna/4 Step Theory.md,872181e3ba7fca91df00abd42d6c070a6e18e3e5ad9b719cc9e46e9ae95980c0,872181e3ba7fca91df00abd42d6c070a6e18e3e5ad9b719cc9e46e9ae95980c0,moved,Astrology/KP-Prashna,872181e3ba7fca91df00abd42d6c070a6e18e3e5ad9b719cc9e46e9ae95980c0,no
Astrology-Database/53-SecretsofShastiamsa11BCPBW.md,Astrology-Database/Jaimini/53-SecretsofShastiamsa11BCPBW.md,5e42587e9c96dbaffd366a99cb6e3f5ca5ee81cf438e2fbe4498142f7bc8d3cc,5e42587e9c96dbaffd366a99cb6e3f5ca5ee81cf438e2fbe4498142f7bc8d3cc,moved,Astrology/Jaimini,5e42587e9c96dbaffd366a99cb6e3f5ca5ee81cf438e2fbe4498142f7bc8d3cc,no
Astrology-Database/74-TheSignificanceOfBirthNumberInHoroscopesBW.md,Astrology-Database/Jaimini/74-TheSignificanceOfBirthNumberInHoroscopesBW.md,c85a146f805c87265f809b78d96455421c0fc6467c9528d9dd8fa97c1fd5065b,c85a146f805c87265f809b78d96455421c0fc6467c9528d9dd8fa97c1fd5065b,moved,Astrology/Jaimini,c85a146f805c87265f809b78d96455421c0fc6467c9528d9dd8fa97c1fd5065b,no
Astrology-Database/A Manual of Hindu Astrology by BV Raman.md,Astrology-Database/Jaimini/A Manual of Hindu Astrology by BV Raman.md,1c87340de2d431fd28814994c6ffc96aca2180631a24c7188ae0157f28d5b3e6,1c87340de2d431fd28814994c6ffc96aca2180631a24c7188ae0157f28d5b3e6,moved,Astrology/Jaimini,1c87340de2d431fd28814994c6ffc96aca2180631a24c7188ae0157f28d5b3e6,no
Astrology-Database/A Manual of Jaimini Astrology_Iranganti Rangacharya 2009.md,Astrology-Database/Jaimini/A Manual of Jaimini Astrology_Iranganti Rangacharya 2009.md,a4cd095c776ce4043ec33c0d2b26dc4843d533e03e385652b46b1367963d5742,a4cd095c776ce4043ec33c0d2b26dc4843d533e03e385652b46b1367963d5742,moved,Astrology/Jaimini,a4cd095c776ce4043ec33c0d2b26dc4843d533e03e385652b46b1367963d5742,no
Astrology-Database/a4_debilitated_planets_great_parashara_exception_s.md,Astrology-Database/Financial/a4_debilitated_planets_great_parashara_exception_s.md,b5de33059e5a73cc48703021b84af78740d46eb958342be4b46c2d1b726151bc,b5de33059e5a73cc48703021b84af78740d46eb958342be4b46c2d1b726151bc,moved,Astrology/Financial,b5de33059e5a73cc48703021b84af78740d46eb958342be4b46c2d1b726151bc,no
Astrology-Database/Advance Use of Jaimini Char Dasha by KN Rao Sir..md,Astrology-Database/Jaimini/Advance Use of Jaimini Char Dasha by KN Rao Sir..md,6872c4ae17175e5034c86c84797b768e39a2b9c633ba8acdfd8bacc6a0d55fd8,6872c4ae17175e5034c86c84797b768e39a2b9c633ba8acdfd8bacc6a0d55fd8,moved,Astrology/Jaimini,6872c4ae17175e5034c86c84797b768e39a2b9c633ba8acdfd8bacc6a0d55fd8,no
Astrology-Database/all - Copy.md,Astrology-Database/KP-Prashna/all - Copy.md,7baacf010d230c6df8576852a48976ac53c7276c02683eb0b7c27d3e9c6cc78b,7baacf010d230c6df8576852a48976ac53c7276c02683eb0b7c27d3e9c6cc78b,moved,Astrology/KP-Prashna,7baacf010d230c6df8576852a48976ac53c7276c02683eb0b7c27d3e9c6cc78b,no
Astrology-Database/An-insight-about-Astrology-and-KP-Astrology.md,Astrology-Database/Nadi/An-insight-about-Astrology-and-KP-Astrology.md,21a65c38b695efa7629c3766a4f6021b5b5431d71035d3bf14e55a3202a021cd,21a65c38b695efa7629c3766a4f6021b5b5431d71035d3bf14e55a3202a021cd,moved,Astrology/Nadi,21a65c38b695efa7629c3766a4f6021b5b5431d71035d3bf14e55a3202a021cd,no
Astrology-Database/AnAstrobiographicalSketchofDrBVRamanByKNRaoPart1BW.md,Astrology-Database/Jaimini/AnAstrobiographicalSketchofDrBVRamanByKNRaoPart1BW.md,c3f4eba9cab8f0faa8a88e229a1acba18b682dede35f9f3d9af966e506cd928e,c3f4eba9cab8f0faa8a88e229a1acba18b682dede35f9f3d9af966e506cd928e,moved,Astrology/Jaimini,c3f4eba9cab8f0faa8a88e229a1acba18b682dede35f9f3d9af966e506cd928e,no
Astrology-Database/ANovelApproachToTheDiagnosisOfCancerThroughMedicalAstrologyBW.md,Astrology-Database/Jaimini/ANovelApproachToTheDiagnosisOfCancerThroughMedicalAstrologyBW.md,2fb4bbf9670dcc512dcdeb6267842d9a54297469a504b44164ddf82aa0c08778,2fb4bbf9670dcc512dcdeb6267842d9a54297469a504b44164ddf82aa0c08778,moved,Astrology/Jaimini,2fb4bbf9670dcc512dcdeb6267842d9a54297469a504b44164ddf82aa0c08778,no
Astrology-Database/article.php.md,Astrology-Database/Articles/article.php.md,8f90fc533c23ea9cb120659dcffb8a0656349e240b8cf4c7908d1bb0557bafe4,8f90fc533c23ea9cb120659dcffb8a0656349e240b8cf4c7908d1bb0557bafe4,moved,Astrology/Articles,8f90fc533c23ea9cb120659dcffb8a0656349e240b8cf4c7908d1bb0557bafe4,no
Astrology-Database/arudha-pada.md,Astrology-Database/Jaimini/arudha-pada.md,a48080dedcf619811bf7394268ff530b7e1df6434bb91d7a0b79bdcec31254e2,a48080dedcf619811bf7394268ff530b7e1df6434bb91d7a0b79bdcec31254e2,moved,Astrology/Jaimini,a48080dedcf619811bf7394268ff530b7e1df6434bb91d7a0b79bdcec31254e2,no
Astrology-Database/aspects-in-vedic-astrology.md,Astrology-Database/Jaimini/aspects-in-vedic-astrology.md,113a55ad830cc4db3210067da5c17625155bdb8546c50fc3ab46b373e86d186d,113a55ad830cc4db3210067da5c17625155bdb8546c50fc3ab46b373e86d186d,moved,Astrology/Jaimini,113a55ad830cc4db3210067da5c17625155bdb8546c50fc3ab46b373e86d186d,no
Astrology-Database/asthamangal prashnam.md,Astrology-Database/KP-Prashna/asthamangal prashnam.md,e174eae8679360d67d2af31e11729874afc689384b52e0c4966f2589d1785216,e174eae8679360d67d2af31e11729874afc689384b52e0c4966f2589d1785216,moved,Astrology/KP-Prashna,e174eae8679360d67d2af31e11729874afc689384b52e0c4966f2589d1785216,no
Astrology-Database/Astrology for Beginners Bv Raman.md,Astrology-Database/Jaimini/Astrology for Beginners Bv Raman.md,16d67d551b51e57113954d586446fa30e5e9ec74b3221f82358d4508f9a46612,16d67d551b51e57113954d586446fa30e5e9ec74b3221f82358d4508f9a46612,moved,Astrology/Jaimini,16d67d551b51e57113954d586446fa30e5e9ec74b3221f82358d4508f9a46612,no
Astrology-Database/Astrology-KP-System.md,Astrology-Database/Nadi/Astrology-KP-System.md,d1cd700bef21a3c900e1dd4b00dec0aeb7c98a9d1f815e48cf67565914484c68,d1cd700bef21a3c900e1dd4b00dec0aeb7c98a9d1f815e48cf67565914484c68,moved,Astrology/Nadi,d1cd700bef21a3c900e1dd4b00dec0aeb7c98a9d1f815e48cf67565914484c68,no
Astrology-Database/AuspiciousYogaByOPPaliwalBW.md,Astrology-Database/Natal-Rectification/AuspiciousYogaByOPPaliwalBW.md,a5b1bb050d894e5106451c91bc0fa918ca2d003c937f41e19b2bc14d511d67d5,a5b1bb050d894e5106451c91bc0fa918ca2d003c937f41e19b2bc14d511d67d5,moved,Astrology/Natal-Rectification,a5b1bb050d894e5106451c91bc0fa918ca2d003c937f41e19b2bc14d511d67d5,no
Astrology-Database/Basic Concept to Financial Vedic Astrology.md,Astrology-Database/Financial/Basic Concept to Financial Vedic Astrology.md,c079654a74c6893de331f272215bc40527f81864c6edfbaee0642eda88a1809d,c079654a74c6893de331f272215bc40527f81864c6edfbaee0642eda88a1809d,moved,Astrology/Financial,c079654a74c6893de331f272215bc40527f81864c6edfbaee0642eda88a1809d,no
Astrology-Database/Bhava and Graha Balas 1996.md,Astrology-Database/Nadi/Bhava and Graha Balas 1996.md,c2230304d4c767afea95497e693985989b85804c966873f366a9eef3527b4350,c2230304d4c767afea95497e693985989b85804c966873f366a9eef3527b4350,moved,Astrology/Nadi,c2230304d4c767afea95497e693985989b85804c966873f366a9eef3527b4350,no
Astrology-Database/Bhavartha Ratnakara by B V Raman.md,Astrology-Database/Natal-Rectification/Bhavartha Ratnakara by B V Raman.md,62ba5f3dc2193bdac0140b3337b0faa72191c6a059948be359b1d5e233b27335,62ba5f3dc2193bdac0140b3337b0faa72191c6a059948be359b1d5e233b27335,moved,Astrology/Natal-Rectification,62ba5f3dc2193bdac0140b3337b0faa72191c6a059948be359b1d5e233b27335,no
Astrology-Database/Bhrighu NadiJyotisham-1BW.md,Astrology-Database/Nadi/Bhrighu NadiJyotisham-1BW.md,b14c5edabeef4c781ef0065d7b6f6be81b0f7d5e193340319fe5f3a395e6a021,b14c5edabeef4c781ef0065d7b6f6be81b0f7d5e193340319fe5f3a395e6a021,moved,Astrology/Nadi,b14c5edabeef4c781ef0065d7b6f6be81b0f7d5e193340319fe5f3a395e6a021,no
Astrology-Database/BhrighuChakraPadathi-1.md,Astrology-Database/Nadi/BhrighuChakraPadathi-1.md,8122d626737f1ad831018a30a7812f3c8b80f9b4ad7423ad4acd20bbe97dfd2c,8122d626737f1ad831018a30a7812f3c8b80f9b4ad7423ad4acd20bbe97dfd2c,moved,Astrology/Nadi,8122d626737f1ad831018a30a7812f3c8b80f9b4ad7423ad4acd20bbe97dfd2c,no
Astrology-Database/BhrighuChakraPaddathi-3VimshottariDasaBW.md,Astrology-Database/Jaimini/BhrighuChakraPaddathi-3VimshottariDasaBW.md,03484fd2fd87292ee1ae796680c1d57688fbe3cf6e4c9cfa70e29bc41606eb79,03484fd2fd87292ee1ae796680c1d57688fbe3cf6e4c9cfa70e29bc41606eb79,moved,Astrology/Jaimini,03484fd2fd87292ee1ae796680c1d57688fbe3cf6e4c9cfa70e29bc41606eb79,no
Astrology-Database/Bhrigu Nandi Nadi rules.md,Astrology-Database/Jaimini/Bhrigu Nandi Nadi rules.md,1347b4b698ade5493face90f33e6e364ae91b78145d181c39103ded2d8967b37,1347b4b698ade5493face90f33e6e364ae91b78145d181c39103ded2d8967b37,moved,Astrology/Jaimini,1347b4b698ade5493face90f33e6e364ae91b78145d181c39103ded2d8967b37,no
Astrology-Database/Bhrigu Nandi Nadi.md,Astrology-Database/Jaimini/Bhrigu Nandi Nadi.md,b52aa0acca2e7b777e102f2a83d6f8dcc2599c3caf95cdbbe1289d8ecbd1babd,b52aa0acca2e7b777e102f2a83d6f8dcc2599c3caf95cdbbe1289d8ecbd1babd,moved,Astrology/Jaimini,b52aa0acca2e7b777e102f2a83d6f8dcc2599c3caf95cdbbe1289d8ecbd1babd,no
Astrology-Database/Bhrigu Prashna Nadi - R.G. Rao.md,Astrology-Database/Jaimini/Bhrigu Prashna Nadi - R.G. Rao.md,c1ae94d7ec4b89265043d6e9ec576a1377bf9c33a7467578a48a2e041fa0605c,c1ae94d7ec4b89265043d6e9ec576a1377bf9c33a7467578a48a2e041fa0605c,moved,Astrology/Jaimini,c1ae94d7ec4b89265043d6e9ec576a1377bf9c33a7467578a48a2e041fa0605c,no
Astrology-Database/Bhrigu Saral Paddhati (BSP) RULES.md,Astrology-Database/Nadi/Bhrigu Saral Paddhati (BSP) RULES.md,e73add0948d1b5d51aef9378e51ce861890541f47d850009bbe7f9dcd92ceea2,e73add0948d1b5d51aef9378e51ce861890541f47d850009bbe7f9dcd92ceea2,moved,Astrology/Nadi,e73add0948d1b5d51aef9378e51ce861890541f47d850009bbe7f9dcd92ceea2,no
Astrology-Database/bhrigu-nadi-principles.md,Astrology-Database/Nadi/bhrigu-nadi-principles.md,336bad19c7e16d21ca763684fc372818cd40a4816307d50c94e9d3de296052f1,336bad19c7e16d21ca763684fc372818cd40a4816307d50c94e9d3de296052f1,moved,Astrology/Nadi,336bad19c7e16d21ca763684fc372818cd40a4816307d50c94e9d3de296052f1,no
Astrology-Database/Birth Time Rectification – The Chandra Navamsa Paddathi (System) – Part 1 & 2 – Jyotish – The Divine Science(0).md,Astrology-Database/Nadi/Birth Time Rectification – The Chandra Navamsa Paddathi (System) – Part 1 & 2 – Jyotish – The Divine Science(0).md,01b1197b43072b7902cf147e69261b328208f183a9a4b9e266fcb724e68a64d6,01b1197b43072b7902cf147e69261b328208f183a9a4b9e266fcb724e68a64d6,moved,Astrology/Nadi,01b1197b43072b7902cf147e69261b328208f183a9a4b9e266fcb724e68a64d6,no
Astrology-Database/Birth Time Rectification – The Chandra Navamsa Paddathi (System) – Part 1 & 2 – Jyotish – The Divine Science.md,Astrology-Database/Natal-Rectification/Birth Time Rectification – The Chandra Navamsa Paddathi (System) – Part 1 & 2 – Jyotish – The Divine Science.md,7559112cda13166373b913d4beb123fc7b282785e8469378152af8050dc977f2,7559112cda13166373b913d4beb123fc7b282785e8469378152af8050dc977f2,moved,Astrology/Natal-Rectification,7559112cda13166373b913d4beb123fc7b282785e8469378152af8050dc977f2,no
Astrology-Database/Birth-detail-collections/Charts Kala/Ayushman.cht,Astrology-Database/Chart-Collections/Birth-detail-collections/Charts Kala/Ayushman.cht,cf4f095862644fd34584e72f73102ca0ee99413d84ccadd70165762a9f8addb0,cf4f095862644fd34584e72f73102ca0ee99413d84ccadd70165762a9f8addb0,moved,Astrology/Chart-Collections,cf4f095862644fd34584e72f73102ca0ee99413d84ccadd70165762a9f8addb0,no
Astrology-Database/Birth-detail-collections/Charts Kala/Database/Actors/Amitabh Bachchan.cht,Astrology-Database/Chart-Collections/Birth-detail-collections/Charts Kala/Database/Actors/Amitabh Bachchan.cht,84a274d9fc8b94c21a6f4e617da1bae63ade92baf486d2831505c15752f7856b,84a274d9fc8b94c21a6f4e617da1bae63ade92baf486d2831505c15752f7856b,moved,Astrology/Chart-Collections,84a274d9fc8b94c21a6f4e617da1bae63ade92baf486d2831505c15752f7856b,no
Astrology-Database/Birth-detail-collections/Charts Kala/Database/Actors/Andre Gregory.cht,Astrology-Database/Chart-Collections/Birth-detail-collections/Charts Kala/Database/Actors/Andre Gregory.cht,778a70c8d814213442087e6ca64eadce6af5e8398341b003a3ce207dac4b45ff,778a70c8d814213442087e6ca64eadce6af5e8398341b003a3ce207dac4b45ff,moved,Astrology/Chart-Collections,778a70c8d814213442087e6ca64eadce6af5e8398341b003a3ce207dac4b45ff,no
Astrology-Database/Birth-detail-collections/Charts Kala/Database/Actors/Anthony Hopkins.cht,Astrology-Database/Chart-Collections/Birth-detail-collections/Charts Kala/Database/Actors/Anthony Hopkins.cht,c40861c454b8a6bcabe70b91598def035f77ae1df3e5cb8c12f5de133f204d78,c40861c454b8a6bcabe70b91598def035f77ae1df3e5cb8c12f5de133f204d78,moved,Astrology/Chart-Collections,c40861c454b8a6bcabe70b91598def035f77ae1df3e5cb8c12f5de133f204d78,no
Astrology-Database/Birth-detail-collections/Charts Kala/Database/Actors/Antonio Banderas.cht,Astrology-Database/Chart-Collections/Birth-detail-collections/Charts Kala/Database/Actors/Antonio Banderas.cht,267e31cfa5f9fe5ac1fc678af0fe10101ce6f0fc1b1b80b2cbc5634261488b7e,267e31cfa5f9fe5ac1fc678af0fe10101ce6f0fc1b1b80b2cbc5634261488b7e,moved,Astrology/Chart-Collections,267e31cfa5f9fe5ac1fc678af0fe10101ce6f0fc1b1b80b2cbc5634261488b7e,no
Astrology-Database/Birth-detail-collections/Charts Kala/Database/Actors/Arnold Schwarzenegger.cht,Astrology-Database/Chart-Collections/Birth-detail-collections/Charts Kala/Database/Actors/Arnold Schwarzenegger.cht,8f64b930cb8f76df77567d64d95278a4c780c5c8037754dcee6dd99de455c9e0,8f64b930cb8f76df77567d64d95278a4c780c5c8037754dcee6dd99de455c9e0,moved,Astrology/Chart-Collections,8f64b930cb8f76df77567d64d95278a4c780c5c8037754dcee6dd99de455c9e0,no
Astrology-Database/Birth-detail-collections/Charts Kala/Database/Actors/Arthur Godfrey.cht,Astrology-Database/Chart-Collections/Birth-detail-collections/Charts Kala/Database/Actors/Arthur Godfrey.cht,1d0fa47c02008cf289ce579294de0e03b976fb9fe24fe22d0579e0ec51d476f8,1d0fa47c02008cf289ce579294de0e03b976fb9fe24fe22d0579e0ec51d476f8,moved,Astrology/Chart-Collections,1d0fa47c02008cf289ce579294de0e03b976fb9fe24fe22d0579e0ec51d476f8,no
Astrology-Database/Birth-detail-collections/Charts Kala/Database/Actors/Beau Bridges.cht,Astrology-Database/Chart-Collections/Birth-detail-collections/Charts Kala/Database/Actors/Beau Bridges.cht,597abc8a81171ee1866f6bdae58d5b7a81aed329eb1615c67523c30755fd6b3f,597abc8a81171ee1866f6bdae58d5b7a81aed329eb1615c67523c30755fd6b3f,moved,Astrology/Chart-Collections,597abc8a81171ee1866f6bdae58d5b7a81aed329eb1615c67523c30755fd6b3f,no
Astrology-Database/Birth-detail-collections/Charts Kala/Database/Actors/Billy Martin.cht,Astrology-Database/Chart-Collections/Birth-detail-collections/Charts Kala/Database/Actors/Billy Martin.cht,4f9289c247d4ef70b3fe135c9cae61577c1a4418a029908b96f4c22989b63e8f,4f9289c247d4ef70b3fe135c9cae61577c1a4418a029908b96f4c22989b63e8f,moved,Astrology/Chart-Collections,4f9289c247d4ef70b3fe135c9cae61577c1a4418a029908b96f4c22989b63e8f,no
Astrology-Database/Birth-detail-collections/Charts Kala/Database/Actors/Cary Grant.cht,Astrology-Database/Chart-Collections/Birth-detail-collections/Charts Kala/Database/Actors/Cary Grant.cht,fb7171da52953944624b153e5b61c045ee3a888cb711f3a8c871267979a14c06,fb7171da52953944624b153e5b61c045ee3a888cb711f3a8c871267979a14c06,moved,Astrology/Chart-Collections,fb7171da52953944624b153e5b61c045ee3a888cb711f3a8c871267979a14c06,no
Astrology-Database/Birth-detail-collections/Charts Kala/Database/Actors/Charles Bronson.cht,Astrology-Database/Chart-Collections/Birth-detail-collections/Charts Kala/Database/Actors/Charles Bronson.cht,840f717f8e8a8ac0b423b84986166e15a11a37e8cf67944cc24dc2fc1401364c,840f717f8e8a8ac0b423b84986166e15a11a37e8cf67944cc24dc2fc1401364c,moved,Astrology/Chart-Collections,840f717f8e8a8ac0b423b84986166e15a11a37e8cf67944cc24dc2fc1401364c,no
Astrology-Database/Birth-detail-collections/Charts Kala/Database/Actors/Charles Chaplin.cht,Astrology-Database/Chart-Collections/Birth-detail-collections/Charts Kala/Database/Actors/Charles Chaplin.cht,0d661019101d7b4949461ebd2c450773151388559efa7b99fd84bf5a4ef392a4,0d661019101d7b4949461ebd2c450773151388559efa7b99fd84bf5a4ef392a4,moved,Astrology/Chart-Collections,0d661019101d7b4949461ebd2c450773151388559efa7b99fd84bf5a4ef392a4,no
Astrology-Database/Birth-detail-collections/Charts Kala/Database/Actors/Charlton Heston.cht,Astrology-Database/Chart-Collections/Birth-detail-collections/Charts Kala/Database/Actors/Charlton Heston.cht,423244fe293461a250603ccff7192062429222b4bd97c3f8c9adfd31a418ca44,423244fe293461a250603ccff7192062429222b4bd97c3f8c9adfd31a418ca44,moved,Astrology/Chart-Collections,423244fe293461a250603ccff7192062429222b4bd97c3f8c9adfd31a418ca44,no
Astrology-Database/Birth-detail-collections/Charts Kala/Database/Actors/Clark Gable.cht,Astrology-Database/Chart-Collections/Birth-detail-collections/Charts Kala/Database/Actors/Clark Gable.cht,03862d4b23d3266db9cec7cff83aab0c2c0c9cac1c1c9075b9ffab0d059330f3,03862d4b23d3266db9cec7cff83aab0c2c0c9cac1c1c9075b9ffab0d059330f3,moved,Astrology/Chart-Collections,03862d4b23d3266db9cec7cff83aab0c2c0c9cac1c1c9075b9ffab0d059330f3,no
Astrology-Database/Birth-detail-collections/Charts Kala/Database/Actors/Clint Eastwood.cht,Astrology-Database/Chart-Collections/Birth-detail-collections/Charts Kala/Database/Actors/Clint Eastwood.cht,7f7f5a2506b978ea991457729073964bcef7099c19c1b3581a5e267170457865,7f7f5a2506b978ea991457729073964bcef7099c19c1b3581a5e267170457865,moved,Astrology/Chart-Collections,7f7f5a2506b978ea991457729073964bcef7099c19c1b3581a5e267170457865,no
Astrology-Database/Birth-detail-collections/Charts Kala/Database/Actors/David Hasselhoff.cht,Astrology-Database/Chart-Collections/Birth-detail-collections/Charts Kala/Database/Actors/David Hasselhoff.cht,8974ceeaf8b75693ceef9d871e50ecf4970ab5f7f120112d37c92543c2f96cb8,8974ceeaf8b75693ceef9d871e50ecf4970ab5f7f120112d37c92543c2f96cb8,moved,Astrology/Chart-Collections,8974ceeaf8b75693ceef9d871e50ecf4970ab5f7f120112d37c92543c2f96cb8,no
Astrology-Database/Birth-detail-collections/Charts Kala/Database/Actors/Don Johnson.cht,Astrology-Database/Chart-Collections/Birth-detail-collections/Charts Kala/Database/Actors/Don Johnson.cht,10ad9e49d71686b8795086d41bc9fded1a53200a0880f856775d6368151cf681,10ad9e49d71686b8795086d41bc9fded1a53200a0880f856775d6368151cf681,moved,Astrology/Chart-Collections,10ad9e49d71686b8795086d41bc9fded1a53200a0880f856775d6368151cf681,no
Astrology-Database/Birth-detail-collections/Charts Kala/Database/Actors/Douglas Fairbanks.cht,Astrology-Database/Chart-Collections/Birth-detail-collections/Charts Kala/Database/Actors/Douglas Fairbanks.cht,4df618dbf257eadc117350b42f0d92bbec1b299feb56bb28bc23fac6386c597a,4df618dbf257eadc117350b42f0d92bbec1b299feb56bb28bc23fac6386c597a,moved,Astrology/Chart-Collections,4df618dbf257eadc117350b42f0d92bbec1b299feb56bb28bc23fac6386c597a,no
Astrology-Database/Birth-detail-collections/Charts Kala/Database/Actors/Edward R. Murrow.cht,Astrology-Database/Chart-Collections/Birth-detail-collections/Charts Kala/Database/Actors/Edward R. Murrow.cht,16ce38decb1de351d7e44d5d9f972864a9fbae02bdfa63d8ad0ced5fc73afbb1,16ce38decb1de351d7e44d5d9f972864a9fbae02bdfa63d8ad0ced5fc73afbb1,moved,Astrology/Chart-Collections,16ce38decb1de351d7e44d5d9f972864a9fbae02bdfa63d8ad0ced5fc73afbb1,no
Astrology-Database/Birth-detail-collections/Charts Kala/Database/Actors/Gene Kelly.cht,Astrology-Database/Chart-Collections/Birth-detail-collections/Charts Kala/Database/Actors/Gene Kelly.cht,9cf8b69a1ed624d78b354faa91f05044ffb23539d7222a5349068b8429bdd111,9cf8b69a1ed624d78b354faa91f05044ffb23539d7222a5349068b8429bdd111,moved,Astrology/Chart-Collections,9cf8b69a1ed624d78b354faa91f05044ffb23539d7222a5349068b8429bdd111,no
Astrology-Database/Birth-detail-collections/Charts Kala/Database/Actors/Groucho Marx.cht,Astrology-Database/Chart-Collections/Birth-detail-collections/Charts Kala/Database/Actors/Groucho Marx.cht,2977c0ff12a9d6a468651d4f100944a6b532fadfd4f228c4eb6a6e62a0f910c2,2977c0ff12a9d6a468651d4f100944a6b532fadfd4f228c4eb6a6e62a0f910c2,moved,Astrology/Chart-Collections,2977c0ff12a9d6a468651d4f100944a6b532fadfd4f228c4eb6a6e62a0f910c2,no
"Astrology-Database/Birth-detail-collections/Charts Kala/Database/Actors/Harris, Richard.cht","Astrology-Database/Chart-Collections/Birth-detail-collections/Charts Kala/Database/Actors/Harris, Richard.cht",2c02ae6806bef6982c7f2c6b4b8cb6a62043bd0e2772c4481edd219059cb0bcb,2c02ae6806bef6982c7f2c6b4b8cb6a62043bd0e2772c4481edd219059cb0bcb,moved,Astrology/Chart-Collections,2c02ae6806bef6982c7f2c6b4b8cb6a62043bd0e2772c4481edd219059cb0bcb,no
Astrology-Database/Birth-detail-collections/Charts Kala/Database/Actors/Harrison Ford.cht,Astrology-Database/Chart-Collections/Birth-detail-collections/Charts Kala/Database/Actors/Harrison Ford.cht,5a459f5ceb04bb18cf4448b198984e75196f5fee7e6f9baf7d023d56e8e6277b,5a459f5ceb04bb18cf4448b198984e75196f5fee7e6f9baf7d023d56e8e6277b,moved,Astrology/Chart-Collections,5a459f5ceb04bb18cf4448b198984e75196f5fee7e6f9baf7d023d56e8e6277b,no
Astrology-Database/Birth-detail-collections/Charts Kala/Database/Actors/Humphrey Bogart.cht,Astrology-Database/Chart-Collections/Birth-detail-collections/Charts Kala/Database/Actors/Humphrey Bogart.cht,008f5cfcaf1bff016f535254e3687c295323858293e9017cd9ce4be94014e672,008f5cfcaf1bff016f535254e3687c295323858293e9017cd9ce4be94014e672,moved,Astrology/Chart-Collections,008f5cfcaf1bff016f535254e3687c295323858293e9017cd9ce4be94014e672,no
Astrology-Database/Birth-detail-collections/Charts Kala/Database/Actors/Jack Benny.cht,Astrology-Database/Chart-Collections/Birth-detail-collections/Charts Kala/Database/Actors/Jack Benny.cht,86bcfc97184705e88960fcf32be3f3d633bd7a9f75a91009be34613acb189e3f,86bcfc97184705e88960fcf32be3f3d633bd7a9f75a91009be34613acb189e3f,moved,Astrology/Chart-Collections,86bcfc97184705e88960fcf32be3f3d633bd7a9f75a91009be34613acb189e3f,no
Astrology-Database/Birth-detail-collections/Charts Kala/Database/Actors/Jack Nicholson.cht,Astrology-Database/Chart-Collections/Birth-detail-collections/Charts Kala/Database/Actors/Jack Nicholson.cht,f5e77e0b1574e397b75cbfe132d620af2bc353a72738d4aa4f6be65455a7daba,f5e77e0b1574e397b75cbfe132d620af2bc353a72738d4aa4f6be65455a7daba,moved,Astrology/Chart-Collections,f5e77e0b1574e397b75cbfe132d620af2bc353a72738d4aa4f6be65455a7daba,no
Astrology-Database/Birth-detail-collections/Charts Kala/Database/Actors/Jackie Gleason.cht,Astrology-Database/Chart-Collections/Birth-detail-collections/Charts Kala/Database/Actors/Jackie Gleason.cht,724ef70e0c733b01221d154747a4b205762853ec19b73fa3d244ced4d8440219,724ef70e0c733b01221d154747a4b205762853ec19b73fa3d244ced4d8440219,moved,Astrology/Chart-Collections,724ef70e0c733b01221d154747a4b205762853ec19b73fa3d244ced4d8440219,no
Astrology-Database/Birth-detail-collections/Charts Kala/Database/Actors/James Dean.cht,Astrology-Database/Chart-Collections/Birth-detail-collections/Charts Kala/Database/Actors/James Dean.cht,c18868ffd0ce118742f0a865793e93482204f137fbdd27a8778d3ce2fae770af,c18868ffd0ce118742f0a865793e93482204f137fbdd27a8778d3ce2fae770af,moved,Astrology/Chart-Collections,c18868ffd0ce118742f0a865793e93482204f137fbdd27a8778d3ce2fae770af,no
Astrology-Database/Birth-detail-collections/Charts Kala/Database/Actors/Jean Gabin.cht,Astrology-Database/Chart-Collections/Birth-detail-collections/Charts Kala/Database/Actors/Jean Gabin.cht,27dcdf5ecf37080771261897e8ab6c4335be18c61ed26452e8dd5642314dddca,27dcdf5ecf37080771261897e8ab6c4335be18c61ed26452e8dd5642314dddca,moved,Astrology/Chart-Collections,27dcdf5ecf37080771261897e8ab6c4335be18c61ed26452e8dd5642314dddca,no
Astrology-Database/Birth-detail-collections/Charts Kala/Database/Actors/John Belushi.cht,Astrology-Database/Chart-Collections/Birth-detail-collections/Charts Kala/Database/Actors/John Belushi.cht,fcd8e1bdb3ca63241464be1f7c43c3ce00af6dcc19a463293a1d8d5556702cc7,fcd8e1bdb3ca63241464be1f7c43c3ce00af6dcc19a463293a1d8d5556702cc7,moved,Astrology/Chart-Collections,fcd8e1bdb3ca63241464be1f7c43c3ce00af6dcc19a463293a1d8d5556702cc7,no
Astrology-Database/Birth-detail-collections/Charts Kala/Database/Actors/John Travolta.cht,Astrology-Database/Chart-Collections/Birth-detail-collections/Charts Kala/Database/Actors/John Travolta.cht,8889a20bc0b1f2d7af5e8c583d4311214925bbc83b0c92e9cab22d5ece7713ef,8889a20bc0b1f2d7af5e8c583d4311214925bbc83b0c92e9cab22d5ece7713ef,moved,Astrology/Chart-Collections,8889a20bc0b1f2d7af5e8c583d4311214925bbc83b0c92e9cab22d5ece7713ef,no
Astrology-Database/Birth-detail-collections/Charts Kala/Database/Actors/Johnny Depp.cht,Astrology-Database/Chart-Collections/Birth-detail-collections/Charts Kala/Database/Actors/Johnny Depp.cht,17f4404424fa6670b7670aa6b831272406707a2e66f1d939249a028dcba46323,17f4404424fa6670b7670aa6b831272406707a2e66f1d939249a028dcba46323,moved,Astrology/Chart-Collections,17f4404424fa6670b7670aa6b831272406707a2e66f1d939249a028dcba46323,no
Astrology-Database/Birth-detail-collections/Charts Kala/Database/Actors/Kevin Sorbo.cht,Astrology-Database/Chart-Collections/Birth-detail-collections/Charts Kala/Database/Actors/Kevin Sorbo.cht,17ccb671ff64498fd121ee68898e8eed3612a95dd15f595132b946a3c61b50cc,17ccb671ff64498fd121ee68898e8eed3612a95dd15f595132b946a3c61b50cc,moved,Astrology/Chart-Collections,17ccb671ff64498fd121ee68898e8eed3612a95dd15f595132b946a3c61b50cc,no
Astrology-Database/Birth-detail-collections/Charts Kala/Database/Actors/Lee Van Cleef.cht,Astrology-Database/Chart-Collections/Birth-detail-collections/Charts Kala/Database/Actors/Lee Van Cleef.cht,0c2db0327d364a465067da54954bcf376311584133a1133ca679e0e4fc5ac6e0,0c2db0327d364a465067da54954bcf376311584133a1133ca679e0e4fc5ac6e0,moved,Astrology/Chart-Collections,0c2db0327d364a465067da54954bcf376311584133a1133ca679e0e4fc5ac6e0,no
Astrology-Database/Birth-detail-collections/Charts Kala/Database/Actors/Lenny Bruce.cht,Astrology-Database/Chart-Collections/Birth-detail-collections/Charts Kala/Database/Actors/Lenny Bruce.cht,33f2547c64965bad3dc4c3d854cca5a7fa31061edbe8db79fcb4934ad30bcb23,33f2547c64965bad3dc4c3d854cca5a7fa31061edbe8db79fcb4934ad30bcb23,moved,Astrology/Chart-Collections,33f2547c64965bad3dc4c3d854cca5a7fa31061edbe8db79fcb4934ad30bcb23,no
Astrology-Database/Birth-detail-collections/Charts Kala/Database/Actors/Marlon Brando.cht,Astrology-Database/Chart-Collections/Birth-detail-collections/Charts Kala/Database/Actors/Marlon Brando.cht,8b672ad9cc10aa7b27ee09db2765a7a49971f7ed19738c7db8c40c3301851295,8b672ad9cc10aa7b27ee09db2765a7a49971f7ed19738c7db8c40c3301851295,moved,Astrology/Chart-Collections,8b672ad9cc10aa7b27ee09db2765a7a49971f7ed19738c7db8c40c3301851295,no
Astrology-Database/Birth-detail-collections/Charts Kala/Database/Actors/Martin Sheen.cht,Astrology-Database/Chart-Collections/Birth-detail-collections/Charts Kala/Database/Actors/Martin Sheen.cht,19765b577bff8b37cca60af1c23f13b3194439c6f46bd637fb7884fe3373d87c,19765b577bff8b37cca60af1c23f13b3194439c6f46bd637fb7884fe3373d87c,moved,Astrology/Chart-Collections,19765b577bff8b37cca60af1c23f13b3194439c6f46bd637fb7884fe3373d87c,no
"Astrology-Database/Birth-detail-collections/Charts Kala/Database/Actors/McQueen, Steve.cht","Astrology-Database/Chart-Collections/Birth-detail-collections/Charts Kala/Database/Actors/McQueen, Steve.cht",345aa5194f785b4e5005745599d46a14bcb4c5096d08c6261dd92644c6792cef,345aa5194f785b4e5005745599d46a14bcb4c5096d08c6261dd92644c6792cef,moved,Astrology/Chart-Collections,345aa5194f785b4e5005745599d46a14bcb4c5096d08c6261dd92644c6792cef,no
Astrology-Database/Birth-detail-collections/Charts Kala/Database/Actors/Mel Gibson.cht,Astrology-Database/Chart-Collections/Birth-detail-collections/Charts Kala/Database/Actors/Mel Gibson.cht,967b2e067b9704b311000c80bd49b8827d6a7e334bc392b69481110f44e3bebd,967b2e067b9704b311000c80bd49b8827d6a7e334bc392b69481110f44e3bebd,moved,Astrology/Chart-Collections,967b2e067b9704b311000c80bd49b8827d6a7e334bc392b69481110f44e3bebd,no
Astrology-Database/Birth-detail-collections/Charts Kala/Database/Actors/Merv Griffin.cht,Astrology-Database/Chart-Collections/Birth-detail-collections/Charts Kala/Database/Actors/Merv Griffin.cht,0dfa6887d5c108b8054f4f32e5979c32d316a2c2b2c2f98f5b9d1a64e7eca274,0dfa6887d5c108b8054f4f32e5979c32d316a2c2b2c2f98f5b9d1a64e7eca274,moved,Astrology/Chart-Collections,0dfa6887d5c108b8054f4f32e5979c32d316a2c2b2c2f98f5b9d1a64e7eca274,no
Astrology-Database/Birth-detail-collections/Charts Kala/Database/Actors/Michael J Fox.cht,Astrology-Database/Chart-Collections/Birth-detail-collections/Charts Kala/Database/Actors/Michael J Fox.cht,d27d591ad69906899461389caf3d549af9b010ff8ddb8c08812113be294c8e5a,d27d591ad69906899461389caf3d549af9b010ff8ddb8c08812113be294c8e5a,moved,Astrology/Chart-Collections,d27d591ad69906899461389caf3d549af9b010ff8ddb8c08812113be294c8e5a,no
Astrology-Database/Birth-detail-collections/Charts Kala/Database/Actors/Micheal Moriarty.cht,Astrology-Database/Chart-Collections/Birth-detail-collections/Charts Kala/Database/Actors/Micheal Moriarty.cht,fc8430a1e6d2c8227c6ad03d46ab5b38108e791e9d4428014d833f7b30953740,fc8430a1e6d2c8227c6ad03d46ab5b38108e791e9d4428014d833f7b30953740,moved,Astrology/Chart-Collections,fc8430a1e6d2c8227c6ad03d46ab5b38108e791e9d4428014d833f7b30953740,no
"Astrology-Database/Birth-detail-collections/Charts Kala/Database/Actors/Murphy, Audie.cht","Astrology-Database/Chart-Collections/Birth-detail-collections/Charts Kala/Database/Actors/Murphy, Audie.cht",952ee4236608e6bb5298de29347f6b7543b0b1d51aeda4ba46b78c782eb96dec,952ee4236608e6bb5298de29347f6b7543b0b1d51aeda4ba46b78c782eb96dec,moved,Astrology/Chart-Collections,952ee4236608e6bb5298de29347f6b7543b0b1d51aeda4ba46b78c782eb96dec,no
"Astrology-Database/Birth-detail-collections/Charts Kala/Database/Actors/Nielsen, Leslie.cht","Astrology-Database/Chart-Collections/Birth-detail-collections/Charts Kala/Database/Actors/Nielsen, Leslie.cht",4602c4b21a58812d2740a7e9a2044b9e0a1491752a19ba48c57f99bcbfacb6fa,4602c4b21a58812d2740a7e9a2044b9e0a1491752a19ba48c57f99bcbfacb6fa,moved,Astrology/Chart-Collections,4602c4b21a58812d2740a7e9a2044b9e0a1491752a19ba48c57f99bcbfacb6fa,no
Astrology-Database/Birth-detail-collections/Charts Kala/Database/Actors/Omar Sharif.cht,Astrology-Database/Chart-Collections/Birth-detail-collections/Charts Kala/Database/Actors/Omar Sharif.cht,bec8fcc46504de70649b365b2e0be18dd19b6c264dce848e553919d75193966b,bec8fcc46504de70649b365b2e0be18dd19b6c264dce848e553919d75193966b,moved,Astrology/Chart-Collections,bec8fcc46504de70649b365b2e0be18dd19b6c264dce848e553919d75193966b,no
Astrology-Database/Birth-detail-collections/Charts Kala/Database/Actors/Patrick Swayze.cht,Astrology-Database/Chart-Collections/Birth-detail-collections/Charts Kala/Database/Actors/Patrick Swayze.cht,72718bdd99af6470869630c7f52051ccecc5b073608469df2d3c3973d8522e9f,72718bdd99af6470869630c7f52051ccecc5b073608469df2d3c3973d8522e9f,moved,Astrology/Chart-Collections,72718bdd99af6470869630c7f52051ccecc5b073608469df2d3c3973d8522e9f,no
Astrology-Database/Birth-detail-collections/Charts Kala/Database/Actors/Paul Newman.cht,Astrology-Database/Chart-Collections/Birth-detail-collections/Charts Kala/Database/Actors/Paul Newman.cht,dd735a69d2239064bc06caafb4216dd8dd3487db517bfe878f6184108e7f758b,dd735a69d2239064bc06caafb4216dd8dd3487db517bfe878f6184108e7f758b,moved,Astrology/Chart-Collections,dd735a69d2239064bc06caafb4216dd8dd3487db517bfe878f6184108e7f758b,no
Astrology-Database/Birth-detail-collections/Charts Kala/Database/Actors/Peter Fonda.cht,Astrology-Database/Chart-Collections/Birth-detail-collections/Charts Kala/Database/Actors/Peter Fonda.cht,ef39d7b7c314f7d7bbf4eedaff63a8dffc942c60a92d2cbc31aeeae3fe529fc7,ef39d7b7c314f7d7bbf4eedaff63a8dffc942c60a92d2cbc31aeeae3fe529fc7,moved,Astrology/Chart-Collections,ef39d7b7c314f7d7bbf4eedaff63a8dffc942c60a92d2cbc31aeeae3fe529fc7,no
Astrology-Database/Birth-detail-collections/Charts Kala/Database/Actors/Peter Max.cht,Astrology-Database/Chart-Collections/Birth-detail-collections/Charts Kala/Database/Actors/Peter Max.cht,3698dc627d9abfd89019689991ebe1d7611f5adea199749392ebc8eef29e7c14,3698dc627d9abfd89019689991ebe1d7611f5adea199749392ebc8eef29e7c14,moved,Astrology/Chart-Collections,3698dc627d9abfd89019689991ebe1d7611f5adea199749392ebc8eef29e7c14,no
Astrology-Database/Birth-detail-collections/Charts Kala/Database/Actors/Richard Chamberlin.cht,Astrology-Database/Chart-Collections/Birth-detail-collections/Charts Kala/Database/Actors/Richard Chamberlin.cht,425ae4e0a4d8924c40ae7c19be20b76a1d927463b118706ea4710493d7d060c1,425ae4e0a4d8924c40ae7c19be20b76a1d927463b118706ea4710493d7d060c1,moved,Astrology/Chart-Collections,425ae4e0a4d8924c40ae7c19be20b76a1d927463b118706ea4710493d7d060c1,no
Astrology-Database/Birth-detail-collections/Charts Kala/Database/Actors/Robert Deniro.cht,Astrology-Database/Chart-Collections/Birth-detail-collections/Charts Kala/Database/Actors/Robert Deniro.cht,70e02f26096dae666a90856e9e7814f4a67134f5138363d448f02329d4c0954e,70e02f26096dae666a90856e9e7814f4a67134f5138363d448f02329d4c0954e,moved,Astrology/Chart-Collections,70e02f26096dae666a90856e9e7814f4a67134f5138363d448f02329d4c0954e,no
Astrology-Database/Birth-detail-collections/Charts Kala/Database/Actors/Robert Urich.cht,Astrology-Database/Chart-Collections/Birth-detail-collections/Charts Kala/Database/Actors/Robert Urich.cht,eca7053b0820d3bc0f8ffaeee816b93d1ae5b80b0584e815782055e5a9e87ab2,eca7053b0820d3bc0f8ffaeee816b93d1ae5b80b0584e815782055e5a9e87ab2,moved,Astrology/Chart-Collections,eca7053b0820d3bc0f8ffaeee816b93d1ae5b80b0584e815782055e5a9e87ab2,no
Astrology-Database/Birth-detail-collections/Charts Kala/Database/Actors/Robin Williams.cht,Astrology-Database/Chart-Collections/Birth-detail-collections/Charts Kala/Database/Actors/Robin Williams.cht,2b7e7f03c12e7b086a22acb3846e8d54be12bcb8e3afdd63f8567543f0ece81c,2b7e7f03c12e7b086a22acb3846e8d54be12bcb8e3afdd63f8567543f0ece81c,moved,Astrology/Chart-Collections,2b7e7f03c12e7b086a22acb3846e8d54be12bcb8e3afdd63f8567543f0ece81c,no
Astrology-Database/Birth-detail-collections/Charts Kala/Database/Actors/Rock Hudson.cht,Astrology-Database/Chart-Collections/Birth-detail-collections/Charts Kala/Database/Actors/Rock Hudson.cht,a3d4f308dcb703a4bbecb6e045306296c396767e37d09e3006c579548e3fb528,a3d4f308dcb703a4bbecb6e045306296c396767e37d09e3006c579548e3fb528,moved,Astrology/Chart-Collections,a3d4f308dcb703a4bbecb6e045306296c396767e37d09e3006c579548e3fb528,no
Astrology-Database/Birth-detail-collections/Charts Kala/Database/Actors/Roy Rogers.cht,Astrology-Database/Chart-Collections/Birth-detail-collections/Charts Kala/Database/Actors/Roy Rogers.cht,5f8c8736d7c705c6eeac498643b3fd76166e0ba27b52741b96eaf85a76f6934a,5f8c8736d7c705c6eeac498643b3fd76166e0ba27b52741b96eaf85a76f6934a,moved,Astrology/Chart-Collections,5f8c8736d7c705c6eeac498643b3fd76166e0ba27b52741b96eaf85a76f6934a,no
Astrology-Database/Birth-detail-collections/Charts Kala/Database/Actors/Sean Connery.cht,Astrology-Database/Chart-Collections/Birth-detail-collections/Charts Kala/Database/Actors/Sean Connery.cht,40e55fb1f405c9e9b24a0671c4213c0acd6e2f48e02c2f6bb7e30792b99b8218,40e55fb1f405c9e9b24a0671c4213c0acd6e2f48e02c2f6bb7e30792b99b8218,moved,Astrology/Chart-Collections,40e55fb1f405c9e9b24a0671c4213c0acd6e2f48e02c2f6bb7e30792b99b8218,no
"Astrology-Database/Birth-detail-collections/Charts Kala/Database/Actors/Shatner, William.cht","Astrology-Database/Chart-Collections/Birth-detail-collections/Charts Kala/Database/Actors/Shatner, William.cht",fc28d14bfd15c26ebff8aec6b20c42958bd1738ca2c5e14218034da978ffbf88,fc28d14bfd15c26ebff8aec6b20c42958bd1738ca2c5e14218034da978ffbf88,moved,Astrology/Chart-Collections,fc28d14bfd15c26ebff8aec6b20c42958bd1738ca2c5e14218034da978ffbf88,no
Astrology-Database/Birth-detail-collections/Charts Kala/Database/Actors/Stacy Keach.cht,Astrology-Database/Chart-Collections/Birth-detail-collections/Charts Kala/Database/Actors/Stacy Keach.cht,1c50170fa646b281688196c5223454affa179fff068e4dd893fd95869c37906d,1c50170fa646b281688196c5223454affa179fff068e4dd893fd95869c37906d,moved,Astrology/Chart-Collections,1c50170fa646b281688196c5223454affa179fff068e4dd893fd95869c37906d,no
Astrology-Database/Birth-detail-collections/Charts Kala/Database/Actors/Steve Reeves.cht,Astrology-Database/Chart-Collections/Birth-detail-collections/Charts Kala/Database/Actors/Steve Reeves.cht,09edd107223e541ff7f41760fa70c963e68be50da21d0135d2362f896bdebaa4,09edd107223e541ff7f41760fa70c963e68be50da21d0135d2362f896bdebaa4,moved,Astrology/Chart-Collections,09edd107223e541ff7f41760fa70c963e68be50da21d0135d2362f896bdebaa4,no
Astrology-Database/Birth-detail-collections/Charts Kala/Database/Actors/Sylvester Stallone.cht,Astrology-Database/Chart-Collections/Birth-detail-collections/Charts Kala/Database/Actors/Sylvester Stallone.cht,2bc2bf6b0eca4492f86a55027d5252e3ecf150eda116ce9e6ae125f63b8031ff,2bc2bf6b0eca4492f86a55027d5252e3ecf150eda116ce9e6ae125f63b8031ff,moved,Astrology/Chart-Collections,2bc2bf6b0eca4492f86a55027d5252e3ecf150eda116ce9e6ae125f63b8031ff,no
Astrology-Database/Birth-detail-collections/Charts Kala/Database/Actors/Ted Turner.cht,Astrology-Database/Chart-Collections/Birth-detail-collections/Charts Kala/Database/Actors/Ted Turner.cht,784a91b4692a7a735ff8da44ad48911a05a36e0ec66511b51da974522c41f7ac,784a91b4692a7a735ff8da44ad48911a05a36e0ec66511b51da974522c41f7ac,moved,Astrology/Chart-Collections,784a91b4692a7a735ff8da44ad48911a05a36e0ec66511b51da974522c41f7ac,no
Astrology-Database/Birth-detail-collections/Charts Kala/Database/Actors/Tom Hanks.cht,Astrology-Database/Chart-Collections/Birth-detail-collections/Charts Kala/Database/Actors/Tom Hanks.cht,81d67246f8a7e3e301287d32574f538f56c2ee36b4ddad268f55ce532be4db6a,81d67246f8a7e3e301287d32574f538f56c2ee36b4ddad268f55ce532be4db6a,moved,Astrology/Chart-Collections,81d67246f8a7e3e301287d32574f538f56c2ee36b4ddad268f55ce532be4db6a,no
Astrology-Database/Birth-detail-collections/Charts Kala/Database/Actors/Tom Snyder.cht,Astrology-Database/Chart-Collections/Birth-detail-collections/Charts Kala/Database/Actors/Tom Snyder.cht,9c574e7fbd47ad17becd2a5550e3b5ed8313475f2dd62b3f5a2cc10ba8cd55b9,9c574e7fbd47ad17becd2a5550e3b5ed8313475f2dd62b3f5a2cc10ba8cd55b9,moved,Astrology/Chart-Collections,9c574e7fbd47ad17becd2a5550e3b5ed8313475f2dd62b3f5a2cc10ba8cd55b9,no
Astrology-Database/Birth-detail-collections/Charts Kala/Database/Actors/Walter Cronkhite.cht,Astrology-Database/Chart-Collections/Birth-detail-collections/Charts Kala/Database/Actors/Walter Cronkhite.cht,892e3b5f712021c2ff6656cf048cfe3308ffc0534a8ebb72816dc740637b6fc2,892e3b5f712021c2ff6656cf048cfe3308ffc0534a8ebb72816dc740637b6fc2,moved,Astrology/Chart-Collections,892e3b5f712021c2ff6656cf048cfe3308ffc0534a8ebb72816dc740637b6fc2,no
Astrology-Database/Birth-detail-collections/Charts Kala/Database/Actors/Will Rogers.cht,Astrology-Database/Chart-Collections/Birth-detail-collections/Charts Kala/Database/Actors/Will Rogers.cht,5084a157ef463f36ac47ebc720561336258fd4f07c62f02bcf9d914703ac40e1,5084a157ef463f36ac47ebc720561336258fd4f07c62f02bcf9d914703ac40e1,moved,Astrology/Chart-Collections,5084a157ef463f36ac47ebc720561336258fd4f07c62f02bcf9d914703ac40e1,no
Astrology-Database/Birth-detail-collections/Charts Kala/Database/Actors/William Holden.cht,Astrology-Database/Chart-Collections/Birth-detail-collections/Charts Kala/Database/Actors/William Holden.cht,8a0c1827ed700874df62bb3b6ae222ef757217882e0b3dfd0e9cee7400b43a33,8a0c1827ed700874df62bb3b6ae222ef757217882e0b3dfd0e9cee7400b43a33,moved,Astrology/Chart-Collections,8a0c1827ed700874df62bb3b6ae222ef757217882e0b3dfd0e9cee7400b43a33,no
Astrology-Database/Birth-detail-collections/Charts Kala/Database/Actresses/Aishwarya Rai.cht,Astrology-Database/Chart-Collections/Birth-detail-collections/Charts Kala/Database/Actresses/Aishwarya Rai.cht,ad9f49bb3079ecc8dba5493c08a8ee6e67340b8d9505b69038adbfd12a625cfe,ad9f49bb3079ecc8dba5493c08a8ee6e67340b8d9505b69038adbfd12a625cfe,moved,Astrology/Chart-Collections,ad9f49bb3079ecc8dba5493c08a8ee6e67340b8d9505b69038adbfd12a625cfe,no
Astrology-Database/Birth-detail-collections/Charts Kala/Database/Actresses/Angelina Jolie.cht,Astrology-Database/Chart-Collections/Birth-detail-collections/Charts Kala/Database/Actresses/Angelina Jolie.cht,70fbbf455961c7c4fd6135232a542ec4c47362b898d042a3beb56f74c37e52de,70fbbf455961c7c4fd6135232a542ec4c47362b898d042a3beb56f74c37e52de,moved,Astrology/Chart-Collections,70fbbf455961c7c4fd6135232a542ec4c47362b898d042a3beb56f74c37e52de,no
Astrology-Database/Birth-detail-collections/Charts Kala/Database/Actresses/Ann Margret.cht,Astrology-Database/Chart-Collections/Birth-detail-collections/Charts Kala/Database/Actresses/Ann Margret.cht,76c8fededd9199506c95b4dd125684226cae2320e1998772964056585ad93f7b,76c8fededd9199506c95b4dd125684226cae2320e1998772964056585ad93f7b,moved,Astrology/Chart-Collections,76c8fededd9199506c95b4dd125684226cae2320e1998772964056585ad93f7b,no
Astrology-Database/Birth-detail-collections/Charts Kala/Database/Actresses/Ashley Judd.cht,Astrology-Database/Chart-Collections/Birth-detail-collections/Charts Kala/Database/Actresses/Ashley Judd.cht,1498679b51a40ae521b5b1800b40c44f4361b3cd3bda3fffee325000754551d1,1498679b51a40ae521b5b1800b40c44f4361b3cd3bda3fffee325000754551d1,moved,Astrology/Chart-Collections,1498679b51a40ae521b5b1800b40c44f4361b3cd3bda3fffee325000754551d1,no
Astrology-Database/Birth-detail-collections/Charts Kala/Database/Actresses/Audie Murphy.cht,Astrology-Database/Chart-Collections/Birth-detail-collections/Charts Kala/Database/Actresses/Audie Murphy.cht,6ad675a3c23a3846cff0f0509aaff99f557f34600db79347e5263fccbfa580f3,6ad675a3c23a3846cff0f0509aaff99f557f34600db79347e5263fccbfa580f3,moved,Astrology/Chart-Collections,6ad675a3c23a3846cff0f0509aaff99f557f34600db79347e5263fccbfa580f3,no
Astrology-Database/Birth-detail-collections/Charts Kala/Database/Actresses/Ava Gardner.cht,Astrology-Database/Chart-Collections/Birth-detail-collections/Charts Kala/Database/Actresses/Ava Gardner.cht,0a406d514f0c34b312c65da6f39e25738af0c2ed7ff1e7be8c3f57936a1f43e4,0a406d514f0c34b312c65da6f39e25738af0c2ed7ff1e7be8c3f57936a1f43e4,moved,Astrology/Chart-Collections,0a406d514f0c34b312c65da6f39e25738af0c2ed7ff1e7be8c3f57936a1f43e4,no
Astrology-Database/Birth-detail-collections/Charts Kala/Database/Actresses/Barbara Bach.cht,Astrology-Database/Chart-Collections/Birth-detail-collections/Charts Kala/Database/Actresses/Barbara Bach.cht,330d43c627c02f5f2410a6c9edc64e318018c31038e6d22adc7cba6dbf572d4b,330d43c627c02f5f2410a6c9edc64e318018c31038e6d22adc7cba6dbf572d4b,moved,Astrology/Chart-Collections,330d43c627c02f5f2410a6c9edc64e318018c31038e6d22adc7cba6dbf572d4b,no
Astrology-Database/Birth-detail-collections/Charts Kala/Database/Actresses/Barbara Walters.cht,Astrology-Database/Chart-Collections/Birth-detail-collections/Charts Kala/Database/Actresses/Barbara Walters.cht,7bc95ac771c97739b2e9dbb9a7c1e4a77576b45dc2ff297a82cace001375df38,7bc95ac771c97739b2e9dbb9a7c1e4a77576b45dc2ff297a82cace001375df38,moved,Astrology/Chart-Collections,7bc95ac771c97739b2e9dbb9a7c1e4a77576b45dc2ff297a82cace001375df38,no
Astrology-Database/Birth-detail-collections/Charts Kala/Database/Actresses/Bette Davis.cht,Astrology-Database/Chart-Collections/Birth-detail-collections/Charts Kala/Database/Actresses/Bette Davis.cht,92aaecc1f5984cb0f678dca8a445941c7344f129eeed694472c8d56e0becf571,92aaecc1f5984cb0f678dca8a445941c7344f129eeed694472c8d56e0becf571,moved,Astrology/Chart-Collections,92aaecc1f5984cb0f678dca8a445941c7344f129eeed694472c8d56e0becf571,no
Astrology-Database/Birth-detail-collections/Charts Kala/Database/Actresses/Bette Midler.cht,Astrology-Database/Chart-Collections/Birth-detail-collections/Charts Kala/Database/Actresses/Bette Midler.cht,e970666126d3d74c773755afdc6681d58e024bb74d6795993e72b46078e07e9a,e970666126d3d74c773755afdc6681d58e024bb74d6795993e72b46078e07e9a,moved,Astrology/Chart-Collections,e970666126d3d74c773755afdc6681d58e024bb74d6795993e72b46078e07e9a,no
Astrology-Database/Birth-detail-collections/Charts Kala/Database/Actresses/Betty Ford.cht,Astrology-Database/Chart-Collections/Birth-detail-collections/Charts Kala/Database/Actresses/Betty Ford.cht,8e3d4b07e6325a4da2e6385e61909d70f13a5f43a569944b7a35222ab8e8a9a8,8e3d4b07e6325a4da2e6385e61909d70f13a5f43a569944b7a35222ab8e8a9a8,moved,Astrology/Chart-Collections,8e3d4b07e6325a4da2e6385e61909d70f13a5f43a569944b7a35222ab8e8a9a8,no
Astrology-Database/Birth-detail-collections/Charts Kala/Database/Actresses/Bo Derek.cht,Astrology-Database/Chart-Collections/Birth-detail-collections/Charts Kala/Database/Actresses/Bo Derek.cht,21da7d8dd93c590e3ea4ede176c791e967c5111d51a466deb7330162c18c193e,21da7d8dd93c590e3ea4ede176c791e967c5111d51a466deb7330162c18c193e,moved,Astrology/Chart-Collections,21da7d8dd93c590e3ea4ede176c791e967c5111d51a466deb7330162c18c193e,no
Astrology-Database/Birth-detail-collections/Charts Kala/Database/Actresses/Brigitte Bardot.cht,Astrology-Database/Chart-Collections/Birth-detail-collections/Charts Kala/Database/Actresses/Brigitte Bardot.cht,f8a641921340a3bc5863211fdc222b0bfc19c815dd6b2743405ec88986e08414,f8a641921340a3bc5863211fdc222b0bfc19c815dd6b2743405ec88986e08414,moved,Astrology/Chart-Collections,f8a641921340a3bc5863211fdc222b0bfc19c815dd6b2743405ec88986e08414,no
Astrology-Database/Birth-detail-collections/Charts Kala/Database/Actresses/Brooke Shields.cht,Astrology-Database/Chart-Collections/Birth-detail-collections/Charts Kala/Database/Actresses/Brooke Shields.cht,30d6061282f2b77c10b90e6e2c4c3595614304f11d187e08c0339ec5c89cf0cb,30d6061282f2b77c10b90e6e2c4c3595614304f11d187e08c0339ec5c89cf0cb,moved,Astrology/Chart-Collections,30d6061282f2b77c10b90e6e2c4c3595614304f11d187e08c0339ec5c89cf0cb,no
Astrology-Database/Birth-detail-collections/Charts Kala/Database/Actresses/Cameron Diaz.cht,Astrology-Database/Chart-Collections/Birth-detail-collections/Charts Kala/Database/Actresses/Cameron Diaz.cht,c56a80a4a12afff5907f84d9ca94463c3d37104e4e4aca63d9961d535e89b86b,c56a80a4a12afff5907f84d9ca94463c3d37104e4e4aca63d9961d535e89b86b,moved,Astrology/Chart-Collections,c56a80a4a12afff5907f84d9ca94463c3d37104e4e4aca63d9961d535e89b86b,no
Astrology-Database/Birth-detail-collections/Charts Kala/Database/Actresses/Carmen Electra.cht,Astrology-Database/Chart-Collections/Birth-detail-collections/Charts Kala/Database/Actresses/Carmen Electra.cht,bad5ce3cef279fc822bfaf5aeab0982b2b90f8440769bb89fd4b07d6491b7273,bad5ce3cef279fc822bfaf5aeab0982b2b90f8440769bb89fd4b07d6491b7273,moved,Astrology/Chart-Collections,bad5ce3cef279fc822bfaf5aeab0982b2b90f8440769bb89fd4b07d6491b7273,no
Astrology-Database/Birth-detail-collections/Charts Kala/Database/Actresses/Carol Burnett.cht,Astrology-Database/Chart-Collections/Birth-detail-collections/Charts Kala/Database/Actresses/Carol Burnett.cht,5c17fe801f59f13d705d701051b405ceb9b0e5f013d8b834f57c5b86dbfbe88a,5c17fe801f59f13d705d701051b405ceb9b0e5f013d8b834f57c5b86dbfbe88a,moved,Astrology/Chart-Collections,5c17fe801f59f13d705d701051b405ceb9b0e5f013d8b834f57c5b86dbfbe88a,no
Astrology-Database/Birth-detail-collections/Charts Kala/Database/Actresses/Carol Channing.cht,Astrology-Database/Chart-Collections/Birth-detail-collections/Charts Kala/Database/Actresses/Carol Channing.cht,0b5eb7927444d45eded8e70cde1217071989f28a99c0c510933cd2944329d746,0b5eb7927444d45eded8e70cde1217071989f28a99c0c510933cd2944329d746,moved,Astrology/Chart-Collections,0b5eb7927444d45eded8e70cde1217071989f28a99c0c510933cd2944329d746,no
Astrology-Database/Birth-detail-collections/Charts Kala/Database/Actresses/Carol Landis.cht,Astrology-Database/Chart-Collections/Birth-detail-collections/Charts Kala/Database/Actresses/Carol Landis.cht,3d809f3d62ce68c230cc332ef6569810cc066fee52ce01fb0d7a77dee944190e,3d809f3d62ce68c230cc332ef6569810cc066fee52ce01fb0d7a77dee944190e,moved,Astrology/Chart-Collections,3d809f3d62ce68c230cc332ef6569810cc066fee52ce01fb0d7a77dee944190e,no
Astrology-Database/Birth-detail-collections/Charts Kala/Database/Actresses/Catherine Bach.cht,Astrology-Database/Chart-Collections/Birth-detail-collections/Charts Kala/Database/Actresses/Catherine Bach.cht,bc27abf2ccb095200c5df43a7e9fce5de4e468cfeb2e838f74151150b9363c51,bc27abf2ccb095200c5df43a7e9fce5de4e468cfeb2e838f74151150b9363c51,moved,Astrology/Chart-Collections,bc27abf2ccb095200c5df43a7e9fce5de4e468cfeb2e838f74151150b9363c51,no
Astrology-Database/Birth-detail-collections/Charts Kala/Database/Actresses/Catherine Zeta Jones.cht,Astrology-Database/Chart-Collections/Birth-detail-collections/Charts Kala/Database/Actresses/Catherine Zeta Jones.cht,e98493c7a1abe34e772d3dacb4b068afe98bcf6c0b661fc25dd98206932c87ab,e98493c7a1abe34e772d3dacb4b068afe98bcf6c0b661fc25dd98206932c87ab,moved,Astrology/Chart-Collections,e98493c7a1abe34e772d3dacb4b068afe98bcf6c0b661fc25dd98206932c87ab,no
Astrology-Database/Birth-detail-collections/Charts Kala/Database/Actresses/Cher.cht,Astrology-Database/Chart-Collections/Birth-detail-collections/Charts Kala/Database/Actresses/Cher.cht,8beb584a15d47c68ad8065c9cbc88d038a82f84db8bec8a8a8929cce07f350c2,8beb584a15d47c68ad8065c9cbc88d038a82f84db8bec8a8a8929cce07f350c2,moved,Astrology/Chart-Collections,8beb584a15d47c68ad8065c9cbc88d038a82f84db8bec8a8a8929cce07f350c2,no
Astrology-Database/Birth-detail-collections/Charts Kala/Database/Actresses/Christina Applegate.cht,Astrology-Database/Chart-Collections/Birth-detail-collections/Charts Kala/Database/Actresses/Christina Applegate.cht,dc7a664b9792061b4088f417d343b85dd391c9de413eb496740e4119c15af333,dc7a664b9792061b4088f417d343b85dd391c9de413eb496740e4119c15af333,moved,Astrology/Chart-Collections,dc7a664b9792061b4088f417d343b85dd391c9de413eb496740e4119c15af333,no
Astrology-Database/Birth-detail-collections/Charts Kala/Database/Actresses/Diana Rigg.cht,Astrology-Database/Chart-Collections/Birth-detail-collections/Charts Kala/Database/Actresses/Diana Rigg.cht,80828a77e99855a51f5fe6e7a8d8b85ef2be1ebb2f471d15e97b6aff4f586675,80828a77e99855a51f5fe6e7a8d8b85ef2be1ebb2f471d15e97b6aff4f586675,moved,Astrology/Chart-Collections,80828a77e99855a51f5fe6e7a8d8b85ef2be1ebb2f471d15e97b6aff4f586675,no
Astrology-Database/Birth-detail-collections/Charts Kala/Database/Actresses/Dorothy Stratten.cht,Astrology-Database/Chart-Collections/Birth-detail-collections/Charts Kala/Database/Actresses/Dorothy Stratten.cht,97ea80cbfe24478cd88a95dbf1a780b044844f906c5813e8fe5cb4780553955e,97ea80cbfe24478cd88a95dbf1a780b044844f906c5813e8fe5cb4780553955e,moved,Astrology/Chart-Collections,97ea80cbfe24478cd88a95dbf1a780b044844f906c5813e8fe5cb4780553955e,no
"Astrology-Database/Birth-detail-collections/Charts Kala/Database/Actresses/Dunaway, Faye.cht","Astrology-Database/Chart-Collections/Birth-detail-collections/Charts Kala/Database/Actresses/Dunaway, Faye.cht",93220c01ff1716af1c779acc379ece86f07dcbc70bec0cd48d705a6df37b3ea8,93220c01ff1716af1c779acc379ece86f07dcbc70bec0cd48d705a6df37b3ea8,moved,Astrology/Chart-Collections,93220c01ff1716af1c779acc379ece86f07dcbc70bec0cd48d705a6df37b3ea8,no
Astrology-Database/Birth-detail-collections/Charts Kala/Database/Actresses/Elizabeth Taylor.cht,Astrology-Database/Chart-Collections/Birth-detail-collections/Charts Kala/Database/Actresses/Elizabeth Taylor.cht,ccf2b0160ca619ceaf2b75c329238528d205cb75e76cd06fc380fb6b519436a8,ccf2b0160ca619ceaf2b75c329238528d205cb75e76cd06fc380fb6b519436a8,moved,Astrology/Chart-Collections,ccf2b0160ca619ceaf2b75c329238528d205cb75e76cd06fc380fb6b519436a8,no
Astrology-Database/Birth-detail-collections/Charts Kala/Database/Actresses/Farrah Fawcett.cht,Astrology-Database/Chart-Collections/Birth-detail-collections/Charts Kala/Database/Actresses/Farrah Fawcett.cht,82f454f3b13e67de2f846f90ecab2f5ede4343abf9c97230a41939fc11a50999,82f454f3b13e67de2f846f90ecab2f5ede4343abf9c97230a41939fc11a50999,moved,Astrology/Chart-Collections,82f454f3b13e67de2f846f90ecab2f5ede4343abf9c97230a41939fc11a50999,no
Astrology-Database/Birth-detail-collections/Charts Kala/Database/Actresses/Gloria Swanson.cht,Astrology-Database/Chart-Collections/Birth-detail-collections/Charts Kala/Database/Actresses/Gloria Swanson.cht,5b3b9a71f25d6f091c7b9cd147f873189b0c65abfd0b0cb8795dff81cb0e2815,5b3b9a71f25d6f091c7b9cd147f873189b0c65abfd0b0cb8795dff81cb0e2815,moved,Astrology/Chart-Collections,5b3b9a71f25d6f091c7b9cd147f873189b0c65abfd0b0cb8795dff81cb0e2815,no
Astrology-Database/Birth-detail-collections/Charts Kala/Database/Actresses/Grace Kelly.cht,Astrology-Database/Chart-Collections/Birth-detail-collections/Charts Kala/Database/Actresses/Grace Kelly.cht,0d7f92a55177f59d5c666776aced6072934e91ca9078b727649821e746554d75,0d7f92a55177f59d5c666776aced6072934e91ca9078b727649821e746554d75,moved,Astrology/Chart-Collections,0d7f92a55177f59d5c666776aced6072934e91ca9078b727649821e746554d75,no
Astrology-Database/Birth-detail-collections/Charts Kala/Database/Actresses/Greta Garbo.cht,Astrology-Database/Chart-Collections/Birth-detail-collections/Charts Kala/Database/Actresses/Greta Garbo.cht,9bb064062ef36ab5b3c4a728477cc60fb5af042d0af8f13d07cb2fb419338de3,9bb064062ef36ab5b3c4a728477cc60fb5af042d0af8f13d07cb2fb419338de3,moved,Astrology/Chart-Collections,9bb064062ef36ab5b3c4a728477cc60fb5af042d0af8f13d07cb2fb419338de3,no
Astrology-Database/Birth-detail-collections/Charts Kala/Database/Actresses/Halle Berry.cht,Astrology-Database/Chart-Collections/Birth-detail-collections/Charts Kala/Database/Actresses/Halle Berry.cht,1b0aebf4f12bdb69fc25d0d97ae2f01052314d76fd28e6374d5027049c62588d,1b0aebf4f12bdb69fc25d0d97ae2f01052314d76fd28e6374d5027049c62588d,moved,Astrology/Chart-Collections,1b0aebf4f12bdb69fc25d0d97ae2f01052314d76fd28e6374d5027049c62588d,no
Astrology-Database/Birth-detail-collections/Charts Kala/Database/Actresses/Ingrid Bergman.cht,Astrology-Database/Chart-Collections/Birth-detail-collections/Charts Kala/Database/Actresses/Ingrid Bergman.cht,fe0fd0a7fc197376e721b2be8193b72a46d9e942a6c821b870f034a0f5a1f1c3,fe0fd0a7fc197376e721b2be8193b72a46d9e942a6c821b870f034a0f5a1f1c3,moved,Astrology/Chart-Collections,fe0fd0a7fc197376e721b2be8193b72a46d9e942a6c821b870f034a0f5a1f1c3,no
Astrology-Database/Birth-detail-collections/Charts Kala/Database/Actresses/Jami Lee Curtis.cht,Astrology-Database/Chart-Collections/Birth-detail-collections/Charts Kala/Database/Actresses/Jami Lee Curtis.cht,e35aa4483e86f38c3d1fd3140e467517170a6956945cff09f177f51fe302b792,e35aa4483e86f38c3d1fd3140e467517170a6956945cff09f177f51fe302b792,moved,Astrology/Chart-Collections,e35aa4483e86f38c3d1fd3140e467517170a6956945cff09f177f51fe302b792,no
Astrology-Database/Birth-detail-collections/Charts Kala/Database/Actresses/Jane Fonda.cht,Astrology-Database/Chart-Collections/Birth-detail-collections/Charts Kala/Database/Actresses/Jane Fonda.cht,7db78df7b48174c95040d406dd14ad990f78f0840e98c3875ef8a81cb2f598c9,7db78df7b48174c95040d406dd14ad990f78f0840e98c3875ef8a81cb2f598c9,moved,Astrology/Chart-Collections,7db78df7b48174c95040d406dd14ad990f78f0840e98c3875ef8a81cb2f598c9,no
Astrology-Database/Birth-detail-collections/Charts Kala/Database/Actresses/Jean Harlow.cht,Astrology-Database/Chart-Collections/Birth-detail-collections/Charts Kala/Database/Actresses/Jean Harlow.cht,1509533036f1f7cb75d39e7a0d004d0f7151a53aaff753e62267f8f3f2de8579,1509533036f1f7cb75d39e7a0d004d0f7151a53aaff753e62267f8f3f2de8579,moved,Astrology/Chart-Collections,1509533036f1f7cb75d39e7a0d004d0f7151a53aaff753e62267f8f3f2de8579,no
Astrology-Database/Birth-detail-collections/Charts Kala/Database/Actresses/Jennifer Jason Leigh.cht,Astrology-Database/Chart-Collections/Birth-detail-collections/Charts Kala/Database/Actresses/Jennifer Jason Leigh.cht,8ab334553e180b10934bf388f58c5da205e4a543d796715564852fe12b8f90e1,8ab334553e180b10934bf388f58c5da205e4a543d796715564852fe12b8f90e1,moved,Astrology/Chart-Collections,8ab334553e180b10934bf388f58c5da205e4a543d796715564852fe12b8f90e1,no
Astrology-Database/Birth-detail-collections/Charts Kala/Database/Actresses/Joan Collins.cht,Astrology-Database/Chart-Collections/Birth-detail-collections/Charts Kala/Database/Actresses/Joan Collins.cht,66188b73f3b221a809409715097ce5f6ef5d60e9f897a5534be69660b2033981,66188b73f3b221a809409715097ce5f6ef5d60e9f897a5534be69660b2033981,moved,Astrology/Chart-Collections,66188b73f3b221a809409715097ce5f6ef5d60e9f897a5534be69660b2033981,no
Astrology-Database/Birth-detail-collections/Charts Kala/Database/Actresses/Joan Crawford.cht,Astrology-Database/Chart-Collections/Birth-detail-collections/Charts Kala/Database/Actresses/Joan Crawford.cht,f0d5b41b35db8899856ed9fd15facc8f3da0f9122f9571473ea0c5688ea15645,f0d5b41b35db8899856ed9fd15facc8f3da0f9122f9571473ea0c5688ea15645,moved,Astrology/Chart-Collections,f0d5b41b35db8899856ed9fd15facc8f3da0f9122f9571473ea0c5688ea15645,no
Astrology-Database/Birth-detail-collections/Charts Kala/Database/Actresses/Jodie Foster.cht,Astrology-Database/Chart-Collections/Birth-detail-collections/Charts Kala/Database/Actresses/Jodie Foster.cht,090b1e76f3782f5397f8d419ad0f00240adc78dbe966255f7e932ec22e0e5566,090b1e76f3782f5397f8d419ad0f00240adc78dbe966255f7e932ec22e0e5566,moved,Astrology/Chart-Collections,090b1e76f3782f5397f8d419ad0f00240adc78dbe966255f7e932ec22e0e5566,no
Astrology-Database/Birth-detail-collections/Charts Kala/Database/Actresses/Judy Garland.cht,Astrology-Database/Chart-Collections/Birth-detail-collections/Charts Kala/Database/Actresses/Judy Garland.cht,7c71789a15bb77628f40c34674224b557a8fff16218a25473a3099d1ccdaa2a8,7c71789a15bb77628f40c34674224b557a8fff16218a25473a3099d1ccdaa2a8,moved,Astrology/Chart-Collections,7c71789a15bb77628f40c34674224b557a8fff16218a25473a3099d1ccdaa2a8,no
Astrology-Database/Birth-detail-collections/Charts Kala/Database/Actresses/Karen Lambe.cht,Astrology-Database/Chart-Collections/Birth-detail-collections/Charts Kala/Database/Actresses/Karen Lambe.cht,ffb53aa75ebcfdd839f7551bff150c44706f135cec47f271302a74ceee60b46e,ffb53aa75ebcfdd839f7551bff150c44706f135cec47f271302a74ceee60b46e,moved,Astrology/Chart-Collections,ffb53aa75ebcfdd839f7551bff150c44706f135cec47f271302a74ceee60b46e,no
Astrology-Database/Birth-detail-collections/Charts Kala/Database/Actresses/Kate Holmes.cht,Astrology-Database/Chart-Collections/Birth-detail-collections/Charts Kala/Database/Actresses/Kate Holmes.cht,2a584058ae3e538bc22432b90ca03d49a1287791771f4e87c82c9d37ea1c7927,2a584058ae3e538bc22432b90ca03d49a1287791771f4e87c82c9d37ea1c7927,moved,Astrology/Chart-Collections,2a584058ae3e538bc22432b90ca03d49a1287791771f4e87c82c9d37ea1c7927,no
Astrology-Database/Birth-detail-collections/Charts Kala/Database/Actresses/Katharine Hepburn.cht,Astrology-Database/Chart-Collections/Birth-detail-collections/Charts Kala/Database/Actresses/Katharine Hepburn.cht,0344fca311897dbc8c40df2dcc0099051bfcb913f816eeaabf46a9a4f9803aba,0344fca311897dbc8c40df2dcc0099051bfcb913f816eeaabf46a9a4f9803aba,moved,Astrology/Chart-Collections,0344fca311897dbc8c40df2dcc0099051bfcb913f816eeaabf46a9a4f9803aba,no
Astrology-Database/Birth-detail-collections/Charts Kala/Database/Actresses/Lisa Bonet.cht,Astrology-Database/Chart-Collections/Birth-detail-collections/Charts Kala/Database/Actresses/Lisa Bonet.cht,8a1827ad3e9d56f5bbbf405ecddc6d174394d459f528cdd82ab9c2449e37235d,8a1827ad3e9d56f5bbbf405ecddc6d174394d459f528cdd82ab9c2449e37235d,moved,Astrology/Chart-Collections,8a1827ad3e9d56f5bbbf405ecddc6d174394d459f528cdd82ab9c2449e37235d,no
Astrology-Database/Birth-detail-collections/Charts Kala/Database/Actresses/Lucille Ball.cht,Astrology-Database/Chart-Collections/Birth-detail-collections/Charts Kala/Database/Actresses/Lucille Ball.cht,0e2b5dc10aa8875b8eaf261d0dd52ebed377eb7227492cc6d183a2be1e397184,0e2b5dc10aa8875b8eaf261d0dd52ebed377eb7227492cc6d183a2be1e397184,moved,Astrology/Chart-Collections,0e2b5dc10aa8875b8eaf261d0dd52ebed377eb7227492cc6d183a2be1e397184,no
Astrology-Database/Birth-detail-collections/Charts Kala/Database/Actresses/Marilyn Monroe.cht,Astrology-Database/Chart-Collections/Birth-detail-collections/Charts Kala/Database/Actresses/Marilyn Monroe.cht,5c1014da07addb473686582fe8706d7f98290468379739258091dce7da7a5614,5c1014da07addb473686582fe8706d7f98290468379739258091dce7da7a5614,moved,Astrology/Chart-Collections,5c1014da07addb473686582fe8706d7f98290468379739258091dce7da7a5614,no
Astrology-Database/Birth-detail-collections/Charts Kala/Database/Actresses/Michelle Pfeiffer.cht,Astrology-Database/Chart-Collections/Birth-detail-collections/Charts Kala/Database/Actresses/Michelle Pfeiffer.cht,749054f523be0afcaacca50068b64ccfe5a63645cb74d2e1e191ee28a48b854c,749054f523be0afcaacca50068b64ccfe5a63645cb74d2e1e191ee28a48b854c,moved,Astrology/Chart-Collections,749054f523be0afcaacca50068b64ccfe5a63645cb74d2e1e191ee28a48b854c,no
Astrology-Database/Birth-detail-collections/Charts Kala/Database/Actresses/Monica Bellucci.cht,Astrology-Database/Chart-Collections/Birth-detail-collections/Charts Kala/Database/Actresses/Monica Bellucci.cht,20e22120a860772ba7042959a20922e9385acd4a8bcb3c60e49371db924c558e,20e22120a860772ba7042959a20922e9385acd4a8bcb3c60e49371db924c558e,moved,Astrology/Chart-Collections,20e22120a860772ba7042959a20922e9385acd4a8bcb3c60e49371db924c558e,no
Astrology-Database/Birth-detail-collections/Charts Kala/Database/Actresses/Nicole Kidman.cht,Astrology-Database/Chart-Collections/Birth-detail-collections/Charts Kala/Database/Actresses/Nicole Kidman.cht,91c18a7e749df4ae8a597c88ebab420bdc4548822caf440abee6d0bc7b6ac6eb,91c18a7e749df4ae8a597c88ebab420bdc4548822caf440abee6d0bc7b6ac6eb,moved,Astrology/Chart-Collections,91c18a7e749df4ae8a597c88ebab420bdc4548822caf440abee6d0bc7b6ac6eb,no
Astrology-Database/Birth-detail-collections/Charts Kala/Database/Actresses/Pamela Anderson.cht,Astrology-Database/Chart-Collections/Birth-detail-collections/Charts Kala/Database/Actresses/Pamela Anderson.cht,a6121794bd31e3b59f5c022c6008633cde1632f9eb34247a881f3c82fb66984e,a6121794bd31e3b59f5c022c6008633cde1632f9eb34247a881f3c82fb66984e,moved,Astrology/Chart-Collections,a6121794bd31e3b59f5c022c6008633cde1632f9eb34247a881f3c82fb66984e,no
Astrology-Database/Birth-detail-collections/Charts Kala/Database/Actresses/Raquel Welch.cht,Astrology-Database/Chart-Collections/Birth-detail-collections/Charts Kala/Database/Actresses/Raquel Welch.cht,11b8824a38feb01a8aaa430bb1c0a4b415ac2ccb25161530c93e6004e2600c32,11b8824a38feb01a8aaa430bb1c0a4b415ac2ccb25161530c93e6004e2600c32,moved,Astrology/Chart-Collections,11b8824a38feb01a8aaa430bb1c0a4b415ac2ccb25161530c93e6004e2600c32,no
Astrology-Database/Birth-detail-collections/Charts Kala/Database/Actresses/Roseanne  Barr.cht,Astrology-Database/Chart-Collections/Birth-detail-collections/Charts Kala/Database/Actresses/Roseanne  Barr.cht,b33a79b69c9389932ddfc0940eaec7c5b379e0366ccd18d17c3f5e4fec5c21d9,b33a79b69c9389932ddfc0940eaec7c5b379e0366ccd18d17c3f5e4fec5c21d9,moved,Astrology/Chart-Collections,b33a79b69c9389932ddfc0940eaec7c5b379e0366ccd18d17c3f5e4fec5c21d9,no
"Astrology-Database/Birth-detail-collections/Charts Kala/Database/Actresses/Ryding, Yvonne.cht","Astrology-Database/Chart-Collections/Birth-detail-collections/Charts Kala/Database/Actresses/Ryding, Yvonne.cht",1b412ab12d5aaea65d2e3c681eb0e3be981ca385b0320089247d9b8dc1f04897,1b412ab12d5aaea65d2e3c681eb0e3be981ca385b0320089247d9b8dc1f04897,moved,Astrology/Chart-Collections,1b412ab12d5aaea65d2e3c681eb0e3be981ca385b0320089247d9b8dc1f04897,no
Astrology-Database/Birth-detail-collections/Charts Kala/Database/Actresses/Sarah Bernhardt.cht,Astrology-Database/Chart-Collections/Birth-detail-collections/Charts Kala/Database/Actresses/Sarah Bernhardt.cht,80f2a95cb580f18d72ad6ae6bb7928ba8c5e323ed43cf5196f166f7f0b106e3a,80f2a95cb580f18d72ad6ae6bb7928ba8c5e323ed43cf5196f166f7f0b106e3a,moved,Astrology/Chart-Collections,80f2a95cb580f18d72ad6ae6bb7928ba8c5e323ed43cf5196f166f7f0b106e3a,no
Astrology-Database/Birth-detail-collections/Charts Kala/Database/Actresses/Shirley Maclaine.cht,Astrology-Database/Chart-Collections/Birth-detail-collections/Charts Kala/Database/Actresses/Shirley Maclaine.cht,a2769229a42449efa22b1fc9a742070c1bff691ef941d5fba0d74fb4b24e0fe5,a2769229a42449efa22b1fc9a742070c1bff691ef941d5fba0d74fb4b24e0fe5,moved,Astrology/Chart-Collections,a2769229a42449efa22b1fc9a742070c1bff691ef941d5fba0d74fb4b24e0fe5,no
Astrology-Database/Birth-detail-collections/Charts Kala/Database/Actresses/Shirley Temple.cht,Astrology-Database/Chart-Collections/Birth-detail-collections/Charts Kala/Database/Actresses/Shirley Temple.cht,da926a673bc7a538411a3b91e7a9d42b2da096dbb4d3480cea15cf581062ca4a,da926a673bc7a538411a3b91e7a9d42b2da096dbb4d3480cea15cf581062ca4a,moved,Astrology/Chart-Collections,da926a673bc7a538411a3b91e7a9d42b2da096dbb4d3480cea15cf581062ca4a,no
Astrology-Database/Birth-detail-collections/Charts Kala/Database/Actresses/Sigourney Weaver.cht,Astrology-Database/Chart-Collections/Birth-detail-collections/Charts Kala/Database/Actresses/Sigourney Weaver.cht,5020bb83e447ade558f690ebce99ab6266e0e024656cac4c0fb1df58bf0d07fa,5020bb83e447ade558f690ebce99ab6266e0e024656cac4c0fb1df58bf0d07fa,moved,Astrology/Chart-Collections,5020bb83e447ade558f690ebce99ab6266e0e024656cac4c0fb1df58bf0d07fa,no
Astrology-Database/Birth-detail-collections/Charts Kala/Database/Actresses/Sophia Loren.cht,Astrology-Database/Chart-Collections/Birth-detail-collections/Charts Kala/Database/Actresses/Sophia Loren.cht,c3270c718f37903c9421ac8fb6217e5f710731d8e0fe4289daf0a4d6c274ac78,c3270c718f37903c9421ac8fb6217e5f710731d8e0fe4289daf0a4d6c274ac78,moved,Astrology/Chart-Collections,c3270c718f37903c9421ac8fb6217e5f710731d8e0fe4289daf0a4d6c274ac78,no
"Astrology-Database/Birth-detail-collections/Charts Kala/Database/Actresses/Streep, Meryl.cht","Astrology-Database/Chart-Collections/Birth-detail-collections/Charts Kala/Database/Actresses/Streep, Meryl.cht",b7f3e0d77fa61c55b83544bef0646bde8431ba7dc3cb98cf4346449edb562bab,b7f3e0d77fa61c55b83544bef0646bde8431ba7dc3cb98cf4346449edb562bab,moved,Astrology/Chart-Collections,b7f3e0d77fa61c55b83544bef0646bde8431ba7dc3cb98cf4346449edb562bab,no
Astrology-Database/Birth-detail-collections/Charts Kala/Database/Actresses/Susmita Sen.cht,Astrology-Database/Chart-Collections/Birth-detail-collections/Charts Kala/Database/Actresses/Susmita Sen.cht,4f32b04b499947d301f997cfe3b885ea7a1e55baef916ca95e9b51eff7aac468,4f32b04b499947d301f997cfe3b885ea7a1e55baef916ca95e9b51eff7aac468,moved,Astrology/Chart-Collections,4f32b04b499947d301f997cfe3b885ea7a1e55baef916ca95e9b51eff7aac468,no
Astrology-Database/Birth-detail-collections/Charts Kala/Database/Actresses/Uma Thurman.cht,Astrology-Database/Chart-Collections/Birth-detail-collections/Charts Kala/Database/Actresses/Uma Thurman.cht,15863ed46528104ce6388c64002fc5566234012201670a693033babfeafa6df2,15863ed46528104ce6388c64002fc5566234012201670a693033babfeafa6df2,moved,Astrology/Chart-Collections,15863ed46528104ce6388c64002fc5566234012201670a693033babfeafa6df2,no
Astrology-Database/Birth-detail-collections/Charts Kala/Database/Actresses/Vanna White.cht,Astrology-Database/Chart-Collections/Birth-detail-collections/Charts Kala/Database/Actresses/Vanna White.cht,6be3bba044762cbca59a2f29a5f414248ff0109387172f4d5dccda9ff4150569,6be3bba044762cbca59a2f29a5f414248ff0109387172f4d5dccda9ff4150569,moved,Astrology/Chart-Collections,6be3bba044762cbca59a2f29a5f414248ff0109387172f4d5dccda9ff4150569,no
Astrology-Database/Birth-detail-collections/Charts Kala/Database/Actresses/Virginia Weidler.cht,Astrology-Database/Chart-Collections/Birth-detail-collections/Charts Kala/Database/Actresses/Virginia Weidler.cht,72232adf6443ebfe9b0b8a877e1d15eaaaa7a91120acddc9a00c83e5a7b88e1c,72232adf6443ebfe9b0b8a877e1d15eaaaa7a91120acddc9a00c83e5a7b88e1c,moved,Astrology/Chart-Collections,72232adf6443ebfe9b0b8a877e1d15eaaaa7a91120acddc9a00c83e5a7b88e1c,no
Astrology-Database/Birth-detail-collections/Charts Kala/Database/Actresses/Vivian Leigh.cht,Astrology-Database/Chart-Collections/Birth-detail-collections/Charts Kala/Database/Actresses/Vivian Leigh.cht,31f83da4aca88842bc4b8d3b6822b1146bf0e5d1909dec37444faffeaf06b6b5,31f83da4aca88842bc4b8d3b6822b1146bf0e5d1909dec37444faffeaf06b6b5,moved,Astrology/Chart-Collections,31f83da4aca88842bc4b8d3b6822b1146bf0e5d1909dec37444faffeaf06b6b5,no
Astrology-Database/Birth-detail-collections/Charts Kala/Database/Actresses/Whoopi Goldberg.cht,Astrology-Database/Chart-Collections/Birth-detail-collections/Charts Kala/Database/Actresses/Whoopi Goldberg.cht,da3404ffdfd760181ae6939df9b76c17f10996ca8d3a9e926a56e18fc6140422,da3404ffdfd760181ae6939df9b76c17f10996ca8d3a9e926a56e18fc6140422,moved,Astrology/Chart-Collections,da3404ffdfd760181ae6939df9b76c17f10996ca8d3a9e926a56e18fc6140422,no
Astrology-Database/Birth-detail-collections/Charts Kala/Database/Actresses/Winona Ryder.cht,Astrology-Database/Chart-Collections/Birth-detail-collections/Charts Kala/Database/Actresses/Winona Ryder.cht,d465ffba766074c8d20f2d334cd5119f7dcac67b293df3bbf08ca5824336eb09,d465ffba766074c8d20f2d334cd5119f7dcac67b293df3bbf08ca5824336eb09,moved,Astrology/Chart-Collections,d465ffba766074c8d20f2d334cd5119f7dcac67b293df3bbf08ca5824336eb09,no
Astrology-Database/Birth-detail-collections/Charts Kala/Database/Actresses/Zsa Zsa Gabor.cht,Astrology-Database/Chart-Collections/Birth-detail-collections/Charts Kala/Database/Actresses/Zsa Zsa Gabor.cht,6fb0541c3f67d836f59f17adc99b7e16f7d24ac2427922ebdab5cedccc3a5fca,6fb0541c3f67d836f59f17adc99b7e16f7d24ac2427922ebdab5cedccc3a5fca,moved,Astrology/Chart-Collections,6fb0541c3f67d836f59f17adc99b7e16f7d24ac2427922ebdab5cedccc3a5fca,no
Astrology-Database/Birth-detail-collections/Charts Kala/Database/Artists/Ansel Adams.cht,Astrology-Database/Chart-Collections/Birth-detail-collections/Charts Kala/Database/Artists/Ansel Adams.cht,b45b5ea8c9eb1f1027a97f8fa32cee860862a7f20c5a80279765a2720edc3dc1,b45b5ea8c9eb1f1027a97f8fa32cee860862a7f20c5a80279765a2720edc3dc1,moved,Astrology/Chart-Collections,b45b5ea8c9eb1f1027a97f8fa32cee860862a7f20c5a80279765a2720edc3dc1,no
Astrology-Database/Birth-detail-collections/Charts Kala/Database/Artists/Frida Kahlo.cht,Astrology-Database/Chart-Collections/Birth-detail-collections/Charts Kala/Database/Artists/Frida Kahlo.cht,c0938a1c966122138241740dcceea6169355d2393529c6001673ca8e7d871cdd,c0938a1c966122138241740dcceea6169355d2393529c6001673ca8e7d871cdd,moved,Astrology/Chart-Collections,c0938a1c966122138241740dcceea6169355d2393529c6001673ca8e7d871cdd,no
Astrology-Database/Birth-detail-collections/Charts Kala/Database/Artists/Henri Matisse.cht,Astrology-Database/Chart-Collections/Birth-detail-collections/Charts Kala/Database/Artists/Henri Matisse.cht,456eba4f233b51b91616c1e73f7eb4d6f40074465d4d86bc6ca79b834f6f4113,456eba4f233b51b91616c1e73f7eb4d6f40074465d4d86bc6ca79b834f6f4113,moved,Astrology/Chart-Collections,456eba4f233b51b91616c1e73f7eb4d6f40074465d4d86bc6ca79b834f6f4113,no
Astrology-Database/Birth-detail-collections/Charts Kala/Database/Artists/Peter Max.cht,Astrology-Database/Chart-Collections/Birth-detail-collections/Charts Kala/Database/Artists/Peter Max.cht,68200037e3bb4542c70a177b824fdcbdc184f530ea40028decf13d1686949379,68200037e3bb4542c70a177b824fdcbdc184f530ea40028decf13d1686949379,moved,Astrology/Chart-Collections,68200037e3bb4542c70a177b824fdcbdc184f530ea40028decf13d1686949379,no
Astrology-Database/Birth-detail-collections/Charts Kala/Database/Artists/Salvador Dali.cht,Astrology-Database/Chart-Collections/Birth-detail-collections/Charts Kala/Database/Artists/Salvador Dali.cht,a8383ca85c1d90320f267b8d69aceead632480c9e11afbe43ea46b1e8249e4ce,a8383ca85c1d90320f267b8d69aceead632480c9e11afbe43ea46b1e8249e4ce,moved,Astrology/Chart-Collections,a8383ca85c1d90320f267b8d69aceead632480c9e11afbe43ea46b1e8249e4ce,no
"Astrology-Database/Birth-detail-collections/Charts Kala/Database/Astrologers, etc/Aleister Crowley.cht","Astrology-Database/Chart-Collections/Birth-detail-collections/Charts Kala/Database/Astrologers, etc/Aleister Crowley.cht",026039d679a5cafed3a9eb558c235e925a21e53e72c9cd55a58a8a03b5e6f9ee,026039d679a5cafed3a9eb558c235e925a21e53e72c9cd55a58a8a03b5e6f9ee,moved,Astrology/Chart-Collections,026039d679a5cafed3a9eb558c235e925a21e53e72c9cd55a58a8a03b5e6f9ee,no
"Astrology-Database/Birth-detail-collections/Charts Kala/Database/Astrologers, etc/Arulpragasam.cht","Astrology-Database/Chart-Collections/Birth-detail-collections/Charts Kala/Database/Astrologers, etc/Arulpragasam.cht",bb62f8d76066c9bd6f95e7bddb8f2bab27aa55277b5a5ee86132dae58f37475b,bb62f8d76066c9bd6f95e7bddb8f2bab27aa55277b5a5ee86132dae58f37475b,moved,Astrology/Chart-Collections,bb62f8d76066c9bd6f95e7bddb8f2bab27aa55277b5a5ee86132dae58f37475b,no
"Astrology-Database/Birth-detail-collections/Charts Kala/Database/Astrologers, etc/B.V. Raman.cht","Astrology-Database/Chart-Collections/Birth-detail-collections/Charts Kala/Database/Astrologers, etc/B.V. Raman.cht",0cc16596278aea128fcfc4f45e86a81f01792651e6add766655a74d99c688f27,0cc16596278aea128fcfc4f45e86a81f01792651e6add766655a74d99c688f27,moved,Astrology/Chart-Collections,0cc16596278aea128fcfc4f45e86a81f01792651e6add766655a74d99c688f27,no
"Astrology-Database/Birth-detail-collections/Charts Kala/Database/Astrologers, etc/Charles E O Carter.cht","Astrology-Database/Chart-Collections/Birth-detail-collections/Charts Kala/Database/Astrologers, etc/Charles E O Carter.cht",99d1d439fb225c8d8bd2ac6526f816a3d13e5def0c6d99ed8ab7759c64fc3b15,99d1d439fb225c8d8bd2ac6526f816a3d13e5def0c6d99ed8ab7759c64fc3b15,moved,Astrology/Chart-Collections,99d1d439fb225c8d8bd2ac6526f816a3d13e5def0c6d99ed8ab7759c64fc3b15,no
"Astrology-Database/Birth-detail-collections/Charts Kala/Database/Astrologers, etc/Cheiro.cht","Astrology-Database/Chart-Collections/Birth-detail-collections/Charts Kala/Database/Astrologers, etc/Cheiro.cht",5f8c4491f1f20c87a9b3878194f788d23e131d3d78db64bb4b12710e874c4eaf,5f8c4491f1f20c87a9b3878194f788d23e131d3d78db64bb4b12710e874c4eaf,moved,Astrology/Chart-Collections,5f8c4491f1f20c87a9b3878194f788d23e131d3d78db64bb4b12710e874c4eaf,no
"Astrology-Database/Birth-detail-collections/Charts Kala/Database/Astrologers, etc/Das Goravani.cht","Astrology-Database/Chart-Collections/Birth-detail-collections/Charts Kala/Database/Astrologers, etc/Das Goravani.cht",ca25f31a9d86523dc23b82b7175a010494cfaee836dc24784cab83385f6f62e3,ca25f31a9d86523dc23b82b7175a010494cfaee836dc24784cab83385f6f62e3,moved,Astrology/Chart-Collections,ca25f31a9d86523dc23b82b7175a010494cfaee836dc24784cab83385f6f62e3,no
"Astrology-Database/Birth-detail-collections/Charts Kala/Database/Astrologers, etc/Edgar Cayce.cht","Astrology-Database/Chart-Collections/Birth-detail-collections/Charts Kala/Database/Astrologers, etc/Edgar Cayce.cht",849e117c6bc4c04dc3b1635112ed127620a9b69164995c43b723ee56372e05f9,849e117c6bc4c04dc3b1635112ed127620a9b69164995c43b723ee56372e05f9,moved,Astrology/Chart-Collections,849e117c6bc4c04dc3b1635112ed127620a9b69164995c43b723ee56372e05f9,no
"Astrology-Database/Birth-detail-collections/Charts Kala/Database/Astrologers, etc/Ernst Wilhelm.cht","Astrology-Database/Chart-Collections/Birth-detail-collections/Charts Kala/Database/Astrologers, etc/Ernst Wilhelm.cht",fd4cb8180cb5bf82ddc82383097ac59967449f842ce90d5f494e35ba4f430a0d,fd4cb8180cb5bf82ddc82383097ac59967449f842ce90d5f494e35ba4f430a0d,moved,Astrology/Chart-Collections,fd4cb8180cb5bf82ddc82383097ac59967449f842ce90d5f494e35ba4f430a0d,no
"Astrology-Database/Birth-detail-collections/Charts Kala/Database/Astrologers, etc/Goodman, Linda.cht","Astrology-Database/Chart-Collections/Birth-detail-collections/Charts Kala/Database/Astrologers, etc/Goodman, Linda.cht",62eb1fffdf1c8db1fb0418810bc1a4d9095127c8b2815622f448159e9351d2b4,62eb1fffdf1c8db1fb0418810bc1a4d9095127c8b2815622f448159e9351d2b4,moved,Astrology/Chart-Collections,62eb1fffdf1c8db1fb0418810bc1a4d9095127c8b2815622f448159e9351d2b4,no
"Astrology-Database/Birth-detail-collections/Charts Kala/Database/Astrologers, etc/KN Rao.cht","Astrology-Database/Chart-Collections/Birth-detail-collections/Charts Kala/Database/Astrologers, etc/KN Rao.cht",7882ec11354ac7cabd53e0dc8e7c98d66f91dc7b5756b193e1ebce593600168d,7882ec11354ac7cabd53e0dc8e7c98d66f91dc7b5756b193e1ebce593600168d,moved,Astrology/Chart-Collections,7882ec11354ac7cabd53e0dc8e7c98d66f91dc7b5756b193e1ebce593600168d,no
"Astrology-Database/Birth-detail-collections/Charts Kala/Database/Astrologers, etc/Peter Hurkos.cht","Astrology-Database/Chart-Collections/Birth-detail-collections/Charts Kala/Database/Astrologers, etc/Peter Hurkos.cht",91019620eb8ce715d7d5f38f3e950e33262ebc65797704cf01112eb2d916fe4e,91019620eb8ce715d7d5f38f3e950e33262ebc65797704cf01112eb2d916fe4e,moved,Astrology/Chart-Collections,91019620eb8ce715d7d5f38f3e950e33262ebc65797704cf01112eb2d916fe4e,no
"Astrology-Database/Birth-detail-collections/Charts Kala/Database/Astrologers, etc/Reinhold Ebertin.cht","Astrology-Database/Chart-Collections/Birth-detail-collections/Charts Kala/Database/Astrologers, etc/Reinhold Ebertin.cht",32f22154602aef8f72bd4efdebb8757c1642f013a806e9c6e8996da592407bec,32f22154602aef8f72bd4efdebb8757c1642f013a806e9c6e8996da592407bec,moved,Astrology/Chart-Collections,32f22154602aef8f72bd4efdebb8757c1642f013a806e9c6e8996da592407bec,no
"Astrology-Database/Birth-detail-collections/Charts Kala/Database/Astrologers, etc/Richard Houck.cht","Astrology-Database/Chart-Collections/Birth-detail-collections/Charts Kala/Database/Astrologers, etc/Richard Houck.cht",e29177f1be95f4fcf40eae4b14bd58824e7468a09fe918550fbaea199237e5fc,e29177f1be95f4fcf40eae4b14bd58824e7468a09fe918550fbaea199237e5fc,moved,Astrology/Chart-Collections,e29177f1be95f4fcf40eae4b14bd58824e7468a09fe918550fbaea199237e5fc,no
"Astrology-Database/Birth-detail-collections/Charts Kala/Database/Astrologers, etc/Robert Camp.cht","Astrology-Database/Chart-Collections/Birth-detail-collections/Charts Kala/Database/Astrologers, etc/Robert Camp.cht",684e6aff429411317d7a0035b01f2e545a9865d3f9725dc6a714a875ec940418,684e6aff429411317d7a0035b01f2e545a9865d3f9725dc6a714a875ec940418,moved,Astrology/Chart-Collections,684e6aff429411317d7a0035b01f2e545a9865d3f9725dc6a714a875ec940418,no
"Astrology-Database/Birth-detail-collections/Charts Kala/Database/Astrologers, etc/Robert Deluce.cht","Astrology-Database/Chart-Collections/Birth-detail-collections/Charts Kala/Database/Astrologers, etc/Robert Deluce.cht",e73c1202d76fa61ee26e62025177ca91e486a539bc3751dfb5b20e67d23456a5,e73c1202d76fa61ee26e62025177ca91e486a539bc3751dfb5b20e67d23456a5,moved,Astrology/Chart-Collections,e73c1202d76fa61ee26e62025177ca91e486a539bc3751dfb5b20e67d23456a5,no
"Astrology-Database/Birth-detail-collections/Charts Kala/Database/Astrologers, etc/Robert Koch.cht","Astrology-Database/Chart-Collections/Birth-detail-collections/Charts Kala/Database/Astrologers, etc/Robert Koch.cht",fee130deea56974956cf7cd56220e47bb86ee17e20a80c1557a61bf824dd93f8,fee130deea56974956cf7cd56220e47bb86ee17e20a80c1557a61bf824dd93f8,moved,Astrology/Chart-Collections,fee130deea56974956cf7cd56220e47bb86ee17e20a80c1557a61bf824dd93f8,no
"Astrology-Database/Birth-detail-collections/Charts Kala/Database/Astrologers, etc/Sanjay Rath.cht","Astrology-Database/Chart-Collections/Birth-detail-collections/Charts Kala/Database/Astrologers, etc/Sanjay Rath.cht",0b51ead7685ecf187aa7c760e9060e97a1246e165f4c4c74426059a275bf4c90,0b51ead7685ecf187aa7c760e9060e97a1246e165f4c4c74426059a275bf4c90,moved,Astrology/Chart-Collections,0b51ead7685ecf187aa7c760e9060e97a1246e165f4c4c74426059a275bf4c90,no
"Astrology-Database/Birth-detail-collections/Charts Kala/Database/Astrologers, etc/Visti Larson.cht","Astrology-Database/Chart-Collections/Birth-detail-collections/Charts Kala/Database/Astrologers, etc/Visti Larson.cht",e51f872a92975dd0e51d592b6aa81cd57f970e96f63483e0a1df4b7c0ba9f52d,e51f872a92975dd0e51d592b6aa81cd57f970e96f63483e0a1df4b7c0ba9f52d,moved,Astrology/Chart-Collections,e51f872a92975dd0e51d592b6aa81cd57f970e96f63483e0a1df4b7c0ba9f52d,no
Astrology-Database/Birth-detail-collections/Charts Kala/Database/Atheletes/Al Unser.cht,Astrology-Database/Chart-Collections/Birth-detail-collections/Charts Kala/Database/Atheletes/Al Unser.cht,5e664b35fc2e75f68e7d5e1d0c1863b20f831a26c75bff8735aba411974c10cf,5e664b35fc2e75f68e7d5e1d0c1863b20f831a26c75bff8735aba411974c10cf,moved,Astrology/Chart-Collections,5e664b35fc2e75f68e7d5e1d0c1863b20f831a26c75bff8735aba411974c10cf,no
Astrology-Database/Birth-detail-collections/Charts Kala/Database/Atheletes/Bruce Jenner.cht,Astrology-Database/Chart-Collections/Birth-detail-collections/Charts Kala/Database/Atheletes/Bruce Jenner.cht,b05c2aaa5e6bc9361947578d0944815ae3d6ee1143939327ccfd7af0618feb80,b05c2aaa5e6bc9361947578d0944815ae3d6ee1143939327ccfd7af0618feb80,moved,Astrology/Chart-Collections,b05c2aaa5e6bc9361947578d0944815ae3d6ee1143939327ccfd7af0618feb80,no
Astrology-Database/Birth-detail-collections/Charts Kala/Database/Atheletes/Bruce Lee.cht,Astrology-Database/Chart-Collections/Birth-detail-collections/Charts Kala/Database/Atheletes/Bruce Lee.cht,036da977a1cbf8699ddb49507821766224438e521d2e9824bee62b25f1c279b6,036da977a1cbf8699ddb49507821766224438e521d2e9824bee62b25f1c279b6,moved,Astrology/Chart-Collections,036da977a1cbf8699ddb49507821766224438e521d2e9824bee62b25f1c279b6,no
Astrology-Database/Birth-detail-collections/Charts Kala/Database/Atheletes/Cale Yarborough.cht,Astrology-Database/Chart-Collections/Birth-detail-collections/Charts Kala/Database/Atheletes/Cale Yarborough.cht,9f2f73f7be1a45a5fadd14a07c498947e63455c79abc9ed825331d2d44a911c2,9f2f73f7be1a45a5fadd14a07c498947e63455c79abc9ed825331d2d44a911c2,moved,Astrology/Chart-Collections,9f2f73f7be1a45a5fadd14a07c498947e63455c79abc9ed825331d2d44a911c2,no
Astrology-Database/Birth-detail-collections/Charts Kala/Database/Atheletes/Dorothy Hamill.cht,Astrology-Database/Chart-Collections/Birth-detail-collections/Charts Kala/Database/Atheletes/Dorothy Hamill.cht,c376058a09643b3f7637db92dcba4a1cb0c370f74c4bb7643e3efa12e8e187da,c376058a09643b3f7637db92dcba4a1cb0c370f74c4bb7643e3efa12e8e187da,moved,Astrology/Chart-Collections,c376058a09643b3f7637db92dcba4a1cb0c370f74c4bb7643e3efa12e8e187da,no
Astrology-Database/Birth-detail-collections/Charts Kala/Database/Atheletes/Eddie Arcaro.cht,Astrology-Database/Chart-Collections/Birth-detail-collections/Charts Kala/Database/Atheletes/Eddie Arcaro.cht,4f8a423bb1d59379b1e2dea962b4dbc90faa35cfd34f70d1e726e9cd91c37e0d,4f8a423bb1d59379b1e2dea962b4dbc90faa35cfd34f70d1e726e9cd91c37e0d,moved,Astrology/Chart-Collections,4f8a423bb1d59379b1e2dea962b4dbc90faa35cfd34f70d1e726e9cd91c37e0d,no
Astrology-Database/Birth-detail-collections/Charts Kala/Database/Atheletes/Florence Chadwick.cht,Astrology-Database/Chart-Collections/Birth-detail-collections/Charts Kala/Database/Atheletes/Florence Chadwick.cht,8f03be2f1bac052a234edb416f57cac5fd614684366a7044adf6741563fd9914,8f03be2f1bac052a234edb416f57cac5fd614684366a7044adf6741563fd9914,moved,Astrology/Chart-Collections,8f03be2f1bac052a234edb416f57cac5fd614684366a7044adf6741563fd9914,no
Astrology-Database/Birth-detail-collections/Charts Kala/Database/Atheletes/Hank Aaron.cht,Astrology-Database/Chart-Collections/Birth-detail-collections/Charts Kala/Database/Atheletes/Hank Aaron.cht,74884914c98ab81fdfaea8d838db5159350982c8d59759b8f254759463bc754e,74884914c98ab81fdfaea8d838db5159350982c8d59759b8f254759463bc754e,moved,Astrology/Chart-Collections,74884914c98ab81fdfaea8d838db5159350982c8d59759b8f254759463bc754e,no
Astrology-Database/Birth-detail-collections/Charts Kala/Database/Atheletes/Ingemar Johansson.cht,Astrology-Database/Chart-Collections/Birth-detail-collections/Charts Kala/Database/Atheletes/Ingemar Johansson.cht,b5006d9e4d96bea4cff9850dc986763f69982c6a47cba4fd8c69989084b73bc9,b5006d9e4d96bea4cff9850dc986763f69982c6a47cba4fd8c69989084b73bc9,moved,Astrology/Chart-Collections,b5006d9e4d96bea4cff9850dc986763f69982c6a47cba4fd8c69989084b73bc9,no
Astrology-Database/Birth-detail-collections/Charts Kala/Database/Atheletes/Joe Montana.cht,Astrology-Database/Chart-Collections/Birth-detail-collections/Charts Kala/Database/Atheletes/Joe Montana.cht,cfb31ed2c05e5f4a755ebabcc43a728ccc63498e82e42ec6ac46e632d78ac2e7,cfb31ed2c05e5f4a755ebabcc43a728ccc63498e82e42ec6ac46e632d78ac2e7,moved,Astrology/Chart-Collections,cfb31ed2c05e5f4a755ebabcc43a728ccc63498e82e42ec6ac46e632d78ac2e7,no
Astrology-Database/Birth-detail-collections/Charts Kala/Database/Atheletes/John McEnroe.cht,Astrology-Database/Chart-Collections/Birth-detail-collections/Charts Kala/Database/Atheletes/John McEnroe.cht,8749d3f0d7e48a54fd17414fe436c1a3d009a0e3cbf2c7c8b939dbae758f2adc,8749d3f0d7e48a54fd17414fe436c1a3d009a0e3cbf2c7c8b939dbae758f2adc,moved,Astrology/Chart-Collections,8749d3f0d7e48a54fd17414fe436c1a3d009a0e3cbf2c7c8b939dbae758f2adc,no
Astrology-Database/Birth-detail-collections/Charts Kala/Database/Atheletes/Lance Alworth.cht,Astrology-Database/Chart-Collections/Birth-detail-collections/Charts Kala/Database/Atheletes/Lance Alworth.cht,3fc018cab6e0a3b1f980102b1ccf90887af824769ed250c5851af87f78a817e6,3fc018cab6e0a3b1f980102b1ccf90887af824769ed250c5851af87f78a817e6,moved,Astrology/Chart-Collections,3fc018cab6e0a3b1f980102b1ccf90887af824769ed250c5851af87f78a817e6,no
Astrology-Database/Birth-detail-collections/Charts Kala/Database/Atheletes/Lance Armstrong.cht,Astrology-Database/Chart-Collections/Birth-detail-collections/Charts Kala/Database/Atheletes/Lance Armstrong.cht,95637a54d6263a1d2190b38e30a514474fbfa7664fbc34d477e49779efd54aed,95637a54d6263a1d2190b38e30a514474fbfa7664fbc34d477e49779efd54aed,moved,Astrology/Chart-Collections,95637a54d6263a1d2190b38e30a514474fbfa7664fbc34d477e49779efd54aed,no
Astrology-Database/Birth-detail-collections/Charts Kala/Database/Atheletes/Lon Haldeman.cht,Astrology-Database/Chart-Collections/Birth-detail-collections/Charts Kala/Database/Atheletes/Lon Haldeman.cht,4a1f4582513a6231ddaefa7a959f5aaa69911d422c591a075dc7b3258de9245f,4a1f4582513a6231ddaefa7a959f5aaa69911d422c591a075dc7b3258de9245f,moved,Astrology/Chart-Collections,4a1f4582513a6231ddaefa7a959f5aaa69911d422c591a075dc7b3258de9245f,no
Astrology-Database/Birth-detail-collections/Charts Kala/Database/Atheletes/Mario Andretti.cht,Astrology-Database/Chart-Collections/Birth-detail-collections/Charts Kala/Database/Atheletes/Mario Andretti.cht,b1737efabf128ca863c66a02c045743ec34e70c5f341eb7416f8d574969fbeb5,b1737efabf128ca863c66a02c045743ec34e70c5f341eb7416f8d574969fbeb5,moved,Astrology/Chart-Collections,b1737efabf128ca863c66a02c045743ec34e70c5f341eb7416f8d574969fbeb5,no
Astrology-Database/Birth-detail-collections/Charts Kala/Database/Atheletes/Mark Spitz.cht,Astrology-Database/Chart-Collections/Birth-detail-collections/Charts Kala/Database/Atheletes/Mark Spitz.cht,3fef80d7dd19d60d9df66b48e77dff35f1c5705f2b583c66ed9e3ca9ee60071c,3fef80d7dd19d60d9df66b48e77dff35f1c5705f2b583c66ed9e3ca9ee60071c,moved,Astrology/Chart-Collections,3fef80d7dd19d60d9df66b48e77dff35f1c5705f2b583c66ed9e3ca9ee60071c,no
Astrology-Database/Birth-detail-collections/Charts Kala/Database/Atheletes/Michael Jordan.cht,Astrology-Database/Chart-Collections/Birth-detail-collections/Charts Kala/Database/Atheletes/Michael Jordan.cht,fa488d422df233c9f31042e0c70d4abae96a9d6637b0585aacfcc5f1e98f05fd,fa488d422df233c9f31042e0c70d4abae96a9d6637b0585aacfcc5f1e98f05fd,moved,Astrology/Chart-Collections,fa488d422df233c9f31042e0c70d4abae96a9d6637b0585aacfcc5f1e98f05fd,no
Astrology-Database/Birth-detail-collections/Charts Kala/Database/Atheletes/Muhammad Ali.cht,Astrology-Database/Chart-Collections/Birth-detail-collections/Charts Kala/Database/Atheletes/Muhammad Ali.cht,2df179130bba01e60dc23f3a700c595fd6d4204de756ffc06618707edb3b2914,2df179130bba01e60dc23f3a700c595fd6d4204de756ffc06618707edb3b2914,moved,Astrology/Chart-Collections,2df179130bba01e60dc23f3a700c595fd6d4204de756ffc06618707edb3b2914,no
Astrology-Database/Birth-detail-collections/Charts Kala/Database/Atheletes/OJ Simpson.cht,Astrology-Database/Chart-Collections/Birth-detail-collections/Charts Kala/Database/Atheletes/OJ Simpson.cht,75b69f30da1f99feba52de09e3c67e9b16f6eb981176862fbf09e90b552fb87a,75b69f30da1f99feba52de09e3c67e9b16f6eb981176862fbf09e90b552fb87a,moved,Astrology/Chart-Collections,75b69f30da1f99feba52de09e3c67e9b16f6eb981176862fbf09e90b552fb87a,no
Astrology-Database/Birth-detail-collections/Charts Kala/Database/Atheletes/Paul Hornung.cht,Astrology-Database/Chart-Collections/Birth-detail-collections/Charts Kala/Database/Atheletes/Paul Hornung.cht,ef5b935a6d1db8cf1718486c1b23434c6e20ee94a7a8b79f55b990e8610bf996,ef5b935a6d1db8cf1718486c1b23434c6e20ee94a7a8b79f55b990e8610bf996,moved,Astrology/Chart-Collections,ef5b935a6d1db8cf1718486c1b23434c6e20ee94a7a8b79f55b990e8610bf996,no
Astrology-Database/Birth-detail-collections/Charts Kala/Database/Atheletes/Sachin Tendulk.cht,Astrology-Database/Chart-Collections/Birth-detail-collections/Charts Kala/Database/Atheletes/Sachin Tendulk.cht,91aa4d0122c2d1ca443416ec95c652b6a1b014a7b821d1b4ce497507dff1e31d,91aa4d0122c2d1ca443416ec95c652b6a1b014a7b821d1b4ce497507dff1e31d,moved,Astrology/Chart-Collections,91aa4d0122c2d1ca443416ec95c652b6a1b014a7b821d1b4ce497507dff1e31d,no
Astrology-Database/Birth-detail-collections/Charts Kala/Database/Atheletes/Steve Reeves.cht,Astrology-Database/Chart-Collections/Birth-detail-collections/Charts Kala/Database/Atheletes/Steve Reeves.cht,09edd107223e541ff7f41760fa70c963e68be50da21d0135d2362f896bdebaa4,09edd107223e541ff7f41760fa70c963e68be50da21d0135d2362f896bdebaa4,moved,Astrology/Chart-Collections,09edd107223e541ff7f41760fa70c963e68be50da21d0135d2362f896bdebaa4,no
Astrology-Database/Birth-detail-collections/Charts Kala/Database/Atheletes/Sugar Ray Robinson.cht,Astrology-Database/Chart-Collections/Birth-detail-collections/Charts Kala/Database/Atheletes/Sugar Ray Robinson.cht,a6bf2e454aa432408aa4682ab2bce9e0f5ada536febff1ed5e0b131d7b204d41,a6bf2e454aa432408aa4682ab2bce9e0f5ada536febff1ed5e0b131d7b204d41,moved,Astrology/Chart-Collections,a6bf2e454aa432408aa4682ab2bce9e0f5ada536febff1ed5e0b131d7b204d41,no
Astrology-Database/Birth-detail-collections/Charts Kala/Database/Atheletes/Tigger Woods.cht,Astrology-Database/Chart-Collections/Birth-detail-collections/Charts Kala/Database/Atheletes/Tigger Woods.cht,206ca5ef5e1f7ef573233cb20f83036c72897c1d1ab550b008642b44a98410f2,206ca5ef5e1f7ef573233cb20f83036c72897c1d1ab550b008642b44a98410f2,moved,Astrology/Chart-Collections,206ca5ef5e1f7ef573233cb20f83036c72897c1d1ab550b008642b44a98410f2,no
Astrology-Database/Birth-detail-collections/Charts Kala/Database/Atheletes/Tom Weiskopf.cht,Astrology-Database/Chart-Collections/Birth-detail-collections/Charts Kala/Database/Atheletes/Tom Weiskopf.cht,a6827772c24ac6e0404509ff3b0dadb58833c3cb4e3a112085219de3abb1d8ac,a6827772c24ac6e0404509ff3b0dadb58833c3cb4e3a112085219de3abb1d8ac,moved,Astrology/Chart-Collections,a6827772c24ac6e0404509ff3b0dadb58833c3cb4e3a112085219de3abb1d8ac,no
Astrology-Database/Birth-detail-collections/Charts Kala/Database/Atheletes/Wayne Gretsky.cht,Astrology-Database/Chart-Collections/Birth-detail-collections/Charts Kala/Database/Atheletes/Wayne Gretsky.cht,7ea1bf24dc1d174234b93d76945b9c51ef7b9b1426e63fd31b54caa429784519,7ea1bf24dc1d174234b93d76945b9c51ef7b9b1426e63fd31b54caa429784519,moved,Astrology/Chart-Collections,7ea1bf24dc1d174234b93d76945b9c51ef7b9b1426e63fd31b54caa429784519,no
Astrology-Database/Birth-detail-collections/Charts Kala/Database/Authors/Aldous Huxley.cht,Astrology-Database/Chart-Collections/Birth-detail-collections/Charts Kala/Database/Authors/Aldous Huxley.cht,2c31a263f57d74041323ea3d9ee5b9171d1bae44b773420ee931699914bc0816,2c31a263f57d74041323ea3d9ee5b9171d1bae44b773420ee931699914bc0816,moved,Astrology/Chart-Collections,2c31a263f57d74041323ea3d9ee5b9171d1bae44b773420ee931699914bc0816,no
Astrology-Database/Birth-detail-collections/Charts Kala/Database/Authors/Alex Haley.cht,Astrology-Database/Chart-Collections/Birth-detail-collections/Charts Kala/Database/Authors/Alex Haley.cht,5c26290a8f87eb31077ebb86e4ae5f85ec5446b9ce6359bb7b7db5e00a740d9c,5c26290a8f87eb31077ebb86e4ae5f85ec5446b9ce6359bb7b7db5e00a740d9c,moved,Astrology/Chart-Collections,5c26290a8f87eb31077ebb86e4ae5f85ec5446b9ce6359bb7b7db5e00a740d9c,no
Astrology-Database/Birth-detail-collections/Charts Kala/Database/Authors/August Strindberg.cht,Astrology-Database/Chart-Collections/Birth-detail-collections/Charts Kala/Database/Authors/August Strindberg.cht,83623437596dfa501a4c17e64d8a96117b37499ebaf1471267c31ec2c716ece7,83623437596dfa501a4c17e64d8a96117b37499ebaf1471267c31ec2c716ece7,moved,Astrology/Chart-Collections,83623437596dfa501a4c17e64d8a96117b37499ebaf1471267c31ec2c716ece7,no
Astrology-Database/Birth-detail-collections/Charts Kala/Database/Authors/Ernest Hemingway.cht,Astrology-Database/Chart-Collections/Birth-detail-collections/Charts Kala/Database/Authors/Ernest Hemingway.cht,f8fd021326dde2d54b0305cbc08e3fd1515e7b0cc034f9710ba871733d52e11b,f8fd021326dde2d54b0305cbc08e3fd1515e7b0cc034f9710ba871733d52e11b,moved,Astrology/Chart-Collections,f8fd021326dde2d54b0305cbc08e3fd1515e7b0cc034f9710ba871733d52e11b,no
Astrology-Database/Birth-detail-collections/Charts Kala/Database/Authors/F. Scott Fitzgerald.cht,Astrology-Database/Chart-Collections/Birth-detail-collections/Charts Kala/Database/Authors/F. Scott Fitzgerald.cht,eac218b18a2a94ba4bfdbcd11b084013a736fa70fab4ea8d6d2af0bf836b8838,eac218b18a2a94ba4bfdbcd11b084013a736fa70fab4ea8d6d2af0bf836b8838,moved,Astrology/Chart-Collections,eac218b18a2a94ba4bfdbcd11b084013a736fa70fab4ea8d6d2af0bf836b8838,no
Astrology-Database/Birth-detail-collections/Charts Kala/Database/Authors/Frank Herbert.cht,Astrology-Database/Chart-Collections/Birth-detail-collections/Charts Kala/Database/Authors/Frank Herbert.cht,4b653cb4da08b369837fe610653ba2a0e15c036303ef0a18fd7d201a982584e2,4b653cb4da08b369837fe610653ba2a0e15c036303ef0a18fd7d201a982584e2,moved,Astrology/Chart-Collections,4b653cb4da08b369837fe610653ba2a0e15c036303ef0a18fd7d201a982584e2,no
Astrology-Database/Birth-detail-collections/Charts Kala/Database/Authors/Helen Gurley Brown.cht,Astrology-Database/Chart-Collections/Birth-detail-collections/Charts Kala/Database/Authors/Helen Gurley Brown.cht,e735a9b8edbe841a337d18a4ca06c1d283129a58a6f913597755a66b35b1ce19,e735a9b8edbe841a337d18a4ca06c1d283129a58a6f913597755a66b35b1ce19,moved,Astrology/Chart-Collections,e735a9b8edbe841a337d18a4ca06c1d283129a58a6f913597755a66b35b1ce19,no
Astrology-Database/Birth-detail-collections/Charts Kala/Database/Authors/Henry David Thoreau.cht,Astrology-Database/Chart-Collections/Birth-detail-collections/Charts Kala/Database/Authors/Henry David Thoreau.cht,7b64c206baac736c9cd9108dbc79c584891fd6425a1885d762a1017f1322f542,7b64c206baac736c9cd9108dbc79c584891fd6425a1885d762a1017f1322f542,moved,Astrology/Chart-Collections,7b64c206baac736c9cd9108dbc79c584891fd6425a1885d762a1017f1322f542,no
Astrology-Database/Birth-detail-collections/Charts Kala/Database/Authors/HG Wells.cht,Astrology-Database/Chart-Collections/Birth-detail-collections/Charts Kala/Database/Authors/HG Wells.cht,9fde4f3f001e8fde3007e3d167d560a7f2ae267387e6934b97b587f8ca17dc88,9fde4f3f001e8fde3007e3d167d560a7f2ae267387e6934b97b587f8ca17dc88,moved,Astrology/Chart-Collections,9fde4f3f001e8fde3007e3d167d560a7f2ae267387e6934b97b587f8ca17dc88,no
Astrology-Database/Birth-detail-collections/Charts Kala/Database/Authors/Isaac Asimov.cht,Astrology-Database/Chart-Collections/Birth-detail-collections/Charts Kala/Database/Authors/Isaac Asimov.cht,204a8f2d0fb22043c16aa99b92eacace8edb635336507178ae7ccc1f80670b71,204a8f2d0fb22043c16aa99b92eacace8edb635336507178ae7ccc1f80670b71,moved,Astrology/Chart-Collections,204a8f2d0fb22043c16aa99b92eacace8edb635336507178ae7ccc1f80670b71,no
Astrology-Database/Birth-detail-collections/Charts Kala/Database/Authors/J.K. Rowling.cht,Astrology-Database/Chart-Collections/Birth-detail-collections/Charts Kala/Database/Authors/J.K. Rowling.cht,37ec8fb03a33eef3e74c00d42be5306fa51a23ace51045d1e0f4d1b0640ac2df,37ec8fb03a33eef3e74c00d42be5306fa51a23ace51045d1e0f4d1b0640ac2df,moved,Astrology/Chart-Collections,37ec8fb03a33eef3e74c00d42be5306fa51a23ace51045d1e0f4d1b0640ac2df,no
Astrology-Database/Birth-detail-collections/Charts Kala/Database/Authors/Jack Kerouac.cht,Astrology-Database/Chart-Collections/Birth-detail-collections/Charts Kala/Database/Authors/Jack Kerouac.cht,98774820a2c19160b9bda5c65ad964f0531b433e88799fa2dce4bec887bff89f,98774820a2c19160b9bda5c65ad964f0531b433e88799fa2dce4bec887bff89f,moved,Astrology/Chart-Collections,98774820a2c19160b9bda5c65ad964f0531b433e88799fa2dce4bec887bff89f,no
Astrology-Database/Birth-detail-collections/Charts Kala/Database/Authors/James Clavell.cht,Astrology-Database/Chart-Collections/Birth-detail-collections/Charts Kala/Database/Authors/James Clavell.cht,5d1b1bbbe011136d6f6d32c0587a16df9cf41c76910dac96eeedad1d79f1851a,5d1b1bbbe011136d6f6d32c0587a16df9cf41c76910dac96eeedad1d79f1851a,moved,Astrology/Chart-Collections,5d1b1bbbe011136d6f6d32c0587a16df9cf41c76910dac96eeedad1d79f1851a,no
Astrology-Database/Birth-detail-collections/Charts Kala/Database/Authors/JK Rowling.cht,Astrology-Database/Chart-Collections/Birth-detail-collections/Charts Kala/Database/Authors/JK Rowling.cht,1b7971371750171051e9ab652102e079de9b6109e0b12e0aec27f7d1ec928445,1b7971371750171051e9ab652102e079de9b6109e0b12e0aec27f7d1ec928445,moved,Astrology/Chart-Collections,1b7971371750171051e9ab652102e079de9b6109e0b12e0aec27f7d1ec928445,no
Astrology-Database/Birth-detail-collections/Charts Kala/Database/Authors/John Irving.cht,Astrology-Database/Chart-Collections/Birth-detail-collections/Charts Kala/Database/Authors/John Irving.cht,d114d35edbd26f1693bd86d689eb039c613bfcff1fab89fe68c7b20db9ea650f,d114d35edbd26f1693bd86d689eb039c613bfcff1fab89fe68c7b20db9ea650f,moved,Astrology/Chart-Collections,d114d35edbd26f1693bd86d689eb039c613bfcff1fab89fe68c7b20db9ea650f,no
Astrology-Database/Birth-detail-collections/Charts Kala/Database/Authors/Jules Verne.cht,Astrology-Database/Chart-Collections/Birth-detail-collections/Charts Kala/Database/Authors/Jules Verne.cht,429723e416d25f2b26f4192a95c772918b7a191d7b730fefd256f01ac6f3d7db,429723e416d25f2b26f4192a95c772918b7a191d7b730fefd256f01ac6f3d7db,moved,Astrology/Chart-Collections,429723e416d25f2b26f4192a95c772918b7a191d7b730fefd256f01ac6f3d7db,no
Astrology-Database/Birth-detail-collections/Charts Kala/Database/Authors/L. Ron Hubbard.cht,Astrology-Database/Chart-Collections/Birth-detail-collections/Charts Kala/Database/Authors/L. Ron Hubbard.cht,132352b02c4ed7e4580b9c96fb4f93eb7716cd225afcda977d51b27a4691f922,132352b02c4ed7e4580b9c96fb4f93eb7716cd225afcda977d51b27a4691f922,moved,Astrology/Chart-Collections,132352b02c4ed7e4580b9c96fb4f93eb7716cd225afcda977d51b27a4691f922,no
Astrology-Database/Birth-detail-collections/Charts Kala/Database/Authors/Louisa May Alcott.cht,Astrology-Database/Chart-Collections/Birth-detail-collections/Charts Kala/Database/Authors/Louisa May Alcott.cht,da17726210c1cf688b3e5cc1035ff673ae448d1392d2a680e61f5e0fe88f22c1,da17726210c1cf688b3e5cc1035ff673ae448d1392d2a680e61f5e0fe88f22c1,moved,Astrology/Chart-Collections,da17726210c1cf688b3e5cc1035ff673ae448d1392d2a680e61f5e0fe88f22c1,no
Astrology-Database/Birth-detail-collections/Charts Kala/Database/Authors/Mark Twain.cht,Astrology-Database/Chart-Collections/Birth-detail-collections/Charts Kala/Database/Authors/Mark Twain.cht,ff833e81dce1699e80393f77276478e3370cf8260bd77c6615d499845347bf4f,ff833e81dce1699e80393f77276478e3370cf8260bd77c6615d499845347bf4f,moved,Astrology/Chart-Collections,ff833e81dce1699e80393f77276478e3370cf8260bd77c6615d499845347bf4f,no
Astrology-Database/Birth-detail-collections/Charts Kala/Database/Authors/Mary Shelly.cht,Astrology-Database/Chart-Collections/Birth-detail-collections/Charts Kala/Database/Authors/Mary Shelly.cht,1e64391fa2b1aa3284f6da38ef081f2e954ab349ac0f6e7e197da4dd65de25d9,1e64391fa2b1aa3284f6da38ef081f2e954ab349ac0f6e7e197da4dd65de25d9,moved,Astrology/Chart-Collections,1e64391fa2b1aa3284f6da38ef081f2e954ab349ac0f6e7e197da4dd65de25d9,no
Astrology-Database/Birth-detail-collections/Charts Kala/Database/Authors/Orson Wells.cht,Astrology-Database/Chart-Collections/Birth-detail-collections/Charts Kala/Database/Authors/Orson Wells.cht,324cf6ce1ba8136d76e030f4f07001fb913b75fc53f2cb279551671dfca21043,324cf6ce1ba8136d76e030f4f07001fb913b75fc53f2cb279551671dfca21043,moved,Astrology/Chart-Collections,324cf6ce1ba8136d76e030f4f07001fb913b75fc53f2cb279551671dfca21043,no
Astrology-Database/Birth-detail-collections/Charts Kala/Database/Authors/Oscar Wilde.cht,Astrology-Database/Chart-Collections/Birth-detail-collections/Charts Kala/Database/Authors/Oscar Wilde.cht,4add5e94f0a5e5b4be7bb91bb185f1b14acf17d5539a118d3c71074479f20040,4add5e94f0a5e5b4be7bb91bb185f1b14acf17d5539a118d3c71074479f20040,moved,Astrology/Chart-Collections,4add5e94f0a5e5b4be7bb91bb185f1b14acf17d5539a118d3c71074479f20040,no
Astrology-Database/Birth-detail-collections/Charts Kala/Database/Authors/Ray Bradbury.cht,Astrology-Database/Chart-Collections/Birth-detail-collections/Charts Kala/Database/Authors/Ray Bradbury.cht,1439557b8740b79cf2defe3c394efbac92df45cd32a50da74afe5985d0c994de,1439557b8740b79cf2defe3c394efbac92df45cd32a50da74afe5985d0c994de,moved,Astrology/Chart-Collections,1439557b8740b79cf2defe3c394efbac92df45cd32a50da74afe5985d0c994de,no
Astrology-Database/Birth-detail-collections/Charts Kala/Database/Authors/Stephen Crane.cht,Astrology-Database/Chart-Collections/Birth-detail-collections/Charts Kala/Database/Authors/Stephen Crane.cht,740553dbecad3eef2b8f390fb92e67bb075ad5e7f62ebaa93b9e10df10178bb8,740553dbecad3eef2b8f390fb92e67bb075ad5e7f62ebaa93b9e10df10178bb8,moved,Astrology/Chart-Collections,740553dbecad3eef2b8f390fb92e67bb075ad5e7f62ebaa93b9e10df10178bb8,no
Astrology-Database/Birth-detail-collections/Charts Kala/Database/Authors/Truman Capote.cht,Astrology-Database/Chart-Collections/Birth-detail-collections/Charts Kala/Database/Authors/Truman Capote.cht,0b701cd0e47c6feab1e1dc5f05a61849d2e87042dc810f836a83a97d3a50805b,0b701cd0e47c6feab1e1dc5f05a61849d2e87042dc810f836a83a97d3a50805b,moved,Astrology/Chart-Collections,0b701cd0e47c6feab1e1dc5f05a61849d2e87042dc810f836a83a97d3a50805b,no
Astrology-Database/Birth-detail-collections/Charts Kala/Database/Authors/Will Rogers.cht,Astrology-Database/Chart-Collections/Birth-detail-collections/Charts Kala/Database/Authors/Will Rogers.cht,5084a157ef463f36ac47ebc720561336258fd4f07c62f02bcf9d914703ac40e1,5084a157ef463f36ac47ebc720561336258fd4f07c62f02bcf9d914703ac40e1,moved,Astrology/Chart-Collections,5084a157ef463f36ac47ebc720561336258fd4f07c62f02bcf9d914703ac40e1,no
Astrology-Database/Birth-detail-collections/Charts Kala/Database/Authors/William Blake.cht,Astrology-Database/Chart-Collections/Birth-detail-collections/Charts Kala/Database/Authors/William Blake.cht,930795f279242e5ab219bedbe56dfc66a503cf4e0e740ff265d0afa1582ea640,930795f279242e5ab219bedbe56dfc66a503cf4e0e740ff265d0afa1582ea640,moved,Astrology/Chart-Collections,930795f279242e5ab219bedbe56dfc66a503cf4e0e740ff265d0afa1582ea640,no
Astrology-Database/Birth-detail-collections/Charts Kala/Database/Business Tycoons/Bill Gates.cht,Astrology-Database/Chart-Collections/Birth-detail-collections/Charts Kala/Database/Business Tycoons/Bill Gates.cht,c38aaa3e61f7000ad8ba5501a1ab8eae7246987eef79029af5ab2b38e5dda955,c38aaa3e61f7000ad8ba5501a1ab8eae7246987eef79029af5ab2b38e5dda955,moved,Astrology/Chart-Collections,c38aaa3e61f7000ad8ba5501a1ab8eae7246987eef79029af5ab2b38e5dda955,no
Astrology-Database/Birth-detail-collections/Charts Kala/Database/Business Tycoons/FW Woolworth.cht,Astrology-Database/Chart-Collections/Birth-detail-collections/Charts Kala/Database/Business Tycoons/FW Woolworth.cht,82b9723512b370b3b4a37bfd240f3f031ebd5d847737dd9bcca0a5f647ec9731,82b9723512b370b3b4a37bfd240f3f031ebd5d847737dd9bcca0a5f647ec9731,moved,Astrology/Chart-Collections,82b9723512b370b3b4a37bfd240f3f031ebd5d847737dd9bcca0a5f647ec9731,no
Astrology-Database/Birth-detail-collections/Charts Kala/Database/Business Tycoons/George Steinbrenner.cht,Astrology-Database/Chart-Collections/Birth-detail-collections/Charts Kala/Database/Business Tycoons/George Steinbrenner.cht,7da81da6f9aede6f07696e409d145df041bf1dba27870e1d5c9d96961ae87325,7da81da6f9aede6f07696e409d145df041bf1dba27870e1d5c9d96961ae87325,moved,Astrology/Chart-Collections,7da81da6f9aede6f07696e409d145df041bf1dba27870e1d5c9d96961ae87325,no
Astrology-Database/Birth-detail-collections/Charts Kala/Database/Business Tycoons/Gloria Vanderbilt.cht,Astrology-Database/Chart-Collections/Birth-detail-collections/Charts Kala/Database/Business Tycoons/Gloria Vanderbilt.cht,ea78a790f7cec37de8dfc50c5f6a9121918668730633ddfd099a49b3a42c97ce,ea78a790f7cec37de8dfc50c5f6a9121918668730633ddfd099a49b3a42c97ce,moved,Astrology/Chart-Collections,ea78a790f7cec37de8dfc50c5f6a9121918668730633ddfd099a49b3a42c97ce,no
Astrology-Database/Birth-detail-collections/Charts Kala/Database/Business Tycoons/Henry Ford.cht,Astrology-Database/Chart-Collections/Birth-detail-collections/Charts Kala/Database/Business Tycoons/Henry Ford.cht,800fb5fa27981c92315d5a083ef7f7e8df1c01b28ed73c8b866f57464e8e6419,800fb5fa27981c92315d5a083ef7f7e8df1c01b28ed73c8b866f57464e8e6419,moved,Astrology/Chart-Collections,800fb5fa27981c92315d5a083ef7f7e8df1c01b28ed73c8b866f57464e8e6419,no
Astrology-Database/Birth-detail-collections/Charts Kala/Database/Business Tycoons/John Paul Getty.cht,Astrology-Database/Chart-Collections/Birth-detail-collections/Charts Kala/Database/Business Tycoons/John Paul Getty.cht,3aaa3b4e9a8f67a57f8c52540037331b6484518c915dc34beea724c1f6da368d,3aaa3b4e9a8f67a57f8c52540037331b6484518c915dc34beea724c1f6da368d,moved,Astrology/Chart-Collections,3aaa3b4e9a8f67a57f8c52540037331b6484518c915dc34beea724c1f6da368d,no
Astrology-Database/Birth-detail-collections/Charts Kala/Database/Business Tycoons/JP Morgan Jr.cht,Astrology-Database/Chart-Collections/Birth-detail-collections/Charts Kala/Database/Business Tycoons/JP Morgan Jr.cht,ea9e7c2ff3b47f74c6e31e5095c6cc3aa3c2baefeaed8b5ca7cb4fe453f7efdf,ea9e7c2ff3b47f74c6e31e5095c6cc3aa3c2baefeaed8b5ca7cb4fe453f7efdf,moved,Astrology/Chart-Collections,ea9e7c2ff3b47f74c6e31e5095c6cc3aa3c2baefeaed8b5ca7cb4fe453f7efdf,no
Astrology-Database/Birth-detail-collections/Charts Kala/Database/Business Tycoons/JP Morgan Sr.cht,Astrology-Database/Chart-Collections/Birth-detail-collections/Charts Kala/Database/Business Tycoons/JP Morgan Sr.cht,0fac04c6565b775dc17b9700d9f6fa540d22e1e6330f564f9130b7ec092cd1b8,0fac04c6565b775dc17b9700d9f6fa540d22e1e6330f564f9130b7ec092cd1b8,moved,Astrology/Chart-Collections,0fac04c6565b775dc17b9700d9f6fa540d22e1e6330f564f9130b7ec092cd1b8,no
Astrology-Database/Birth-detail-collections/Charts Kala/Database/Business Tycoons/Lee Iacocca.cht,Astrology-Database/Chart-Collections/Birth-detail-collections/Charts Kala/Database/Business Tycoons/Lee Iacocca.cht,059ece0cdfa0a0486873ffda8a4071f69c1857e6221208809f3e8e4c9a50c30a,059ece0cdfa0a0486873ffda8a4071f69c1857e6221208809f3e8e4c9a50c30a,moved,Astrology/Chart-Collections,059ece0cdfa0a0486873ffda8a4071f69c1857e6221208809f3e8e4c9a50c30a,no
Astrology-Database/Birth-detail-collections/Charts Kala/Database/Business Tycoons/Rupert Merdoch.cht,Astrology-Database/Chart-Collections/Birth-detail-collections/Charts Kala/Database/Business Tycoons/Rupert Merdoch.cht,6866d25003f9a1dbd85229709d72a56056d65c8f214012a7de2a87d796d401e8,6866d25003f9a1dbd85229709d72a56056d65c8f214012a7de2a87d796d401e8,moved,Astrology/Chart-Collections,6866d25003f9a1dbd85229709d72a56056d65c8f214012a7de2a87d796d401e8,no
Astrology-Database/Birth-detail-collections/Charts Kala/Database/Business Tycoons/Sam Winston.cht,Astrology-Database/Chart-Collections/Birth-detail-collections/Charts Kala/Database/Business Tycoons/Sam Winston.cht,b763a5916e36b76bf128f226b801a48e8835f07e3be79e0ba415c5170ce3776b,b763a5916e36b76bf128f226b801a48e8835f07e3be79e0ba415c5170ce3776b,moved,Astrology/Chart-Collections,b763a5916e36b76bf128f226b801a48e8835f07e3be79e0ba415c5170ce3776b,no
Astrology-Database/Birth-detail-collections/Charts Kala/Database/Business Tycoons/Steven Jobs.cht,Astrology-Database/Chart-Collections/Birth-detail-collections/Charts Kala/Database/Business Tycoons/Steven Jobs.cht,f0f0a47b504a51491d093828d43e7a73a1735b38d4d71f23e19e81c59b879e37,f0f0a47b504a51491d093828d43e7a73a1735b38d4d71f23e19e81c59b879e37,moved,Astrology/Chart-Collections,f0f0a47b504a51491d093828d43e7a73a1735b38d4d71f23e19e81c59b879e37,no
"Astrology-Database/Birth-detail-collections/Charts Kala/Database/Business Tycoons/Stewart, Martha.cht","Astrology-Database/Chart-Collections/Birth-detail-collections/Charts Kala/Database/Business Tycoons/Stewart, Martha.cht",8094099d1d5f31d93f3a7094760174276ca5a02a2037c433ad7f83fc8bc61b88,8094099d1d5f31d93f3a7094760174276ca5a02a2037c433ad7f83fc8bc61b88,moved,Astrology/Chart-Collections,8094099d1d5f31d93f3a7094760174276ca5a02a2037c433ad7f83fc8bc61b88,no
Astrology-Database/Birth-detail-collections/Charts Kala/Database/Business Tycoons/William Randolf Hearst.cht,Astrology-Database/Chart-Collections/Birth-detail-collections/Charts Kala/Database/Business Tycoons/William Randolf Hearst.cht,0dd638099b4acfe95a1b26ad36cf8a914c92ae0b86f94ab755f60ffe5afdeb66,0dd638099b4acfe95a1b26ad36cf8a914c92ae0b86f94ab755f60ffe5afdeb66,moved,Astrology/Chart-Collections,0dd638099b4acfe95a1b26ad36cf8a914c92ae0b86f94ab755f60ffe5afdeb66,no
Astrology-Database/Birth-detail-collections/Charts Kala/Database/Criminals/Billy the Kid.cht,Astrology-Database/Chart-Collections/Birth-detail-collections/Charts Kala/Database/Criminals/Billy the Kid.cht,4e0a812716d247661bf9e53f330eaca01c07d51be3491ce0a2fe7ffd80d9590e,4e0a812716d247661bf9e53f330eaca01c07d51be3491ce0a2fe7ffd80d9590e,moved,Astrology/Chart-Collections,4e0a812716d247661bf9e53f330eaca01c07d51be3491ce0a2fe7ffd80d9590e,no
Astrology-Database/Birth-detail-collections/Charts Kala/Database/Criminals/Charles Manson.cht,Astrology-Database/Chart-Collections/Birth-detail-collections/Charts Kala/Database/Criminals/Charles Manson.cht,dac5c9f5c18338886de7184b7ada3620a334681279376cd0d0ad596c8c7a4f27,dac5c9f5c18338886de7184b7ada3620a334681279376cd0d0ad596c8c7a4f27,moved,Astrology/Chart-Collections,dac5c9f5c18338886de7184b7ada3620a334681279376cd0d0ad596c8c7a4f27,no
Astrology-Database/Birth-detail-collections/Charts Kala/Database/Criminals/David Berkowitz.cht,Astrology-Database/Chart-Collections/Birth-detail-collections/Charts Kala/Database/Criminals/David Berkowitz.cht,6a6ccccfad073bd9769d18fe012e5a6c067157e66a0dd361949c2994f995cfbb,6a6ccccfad073bd9769d18fe012e5a6c067157e66a0dd361949c2994f995cfbb,moved,Astrology/Chart-Collections,6a6ccccfad073bd9769d18fe012e5a6c067157e66a0dd361949c2994f995cfbb,no
Astrology-Database/Birth-detail-collections/Charts Kala/Database/Criminals/Jean Lafitte.cht,Astrology-Database/Chart-Collections/Birth-detail-collections/Charts Kala/Database/Criminals/Jean Lafitte.cht,1037bf592705f052f92cf8588095e1943cae4f8b0f818292a9df579335fc524f,1037bf592705f052f92cf8588095e1943cae4f8b0f818292a9df579335fc524f,moved,Astrology/Chart-Collections,1037bf592705f052f92cf8588095e1943cae4f8b0f818292a9df579335fc524f,no
Astrology-Database/Birth-detail-collections/Charts Kala/Database/Criminals/John Dillinger.cht,Astrology-Database/Chart-Collections/Birth-detail-collections/Charts Kala/Database/Criminals/John Dillinger.cht,f0d51976dfd541797a20a46bcd3e6b4aadb7537dd33e6c386415fd3b001b4ca7,f0d51976dfd541797a20a46bcd3e6b4aadb7537dd33e6c386415fd3b001b4ca7,moved,Astrology/Chart-Collections,f0d51976dfd541797a20a46bcd3e6b4aadb7537dd33e6c386415fd3b001b4ca7,no
Astrology-Database/Birth-detail-collections/Charts Kala/Database/Criminals/John Wayne Gacy.cht,Astrology-Database/Chart-Collections/Birth-detail-collections/Charts Kala/Database/Criminals/John Wayne Gacy.cht,c0875a4486bc960ea6c530c6608eb9ab5e17bd9234e0d2a1bc387cca7b7ff4e2,c0875a4486bc960ea6c530c6608eb9ab5e17bd9234e0d2a1bc387cca7b7ff4e2,moved,Astrology/Chart-Collections,c0875a4486bc960ea6c530c6608eb9ab5e17bd9234e0d2a1bc387cca7b7ff4e2,no
Astrology-Database/Birth-detail-collections/Charts Kala/Database/Criminals/Karla Leanne Homolka.cht,Astrology-Database/Chart-Collections/Birth-detail-collections/Charts Kala/Database/Criminals/Karla Leanne Homolka.cht,96db78c6a52b6447c4895a1fc004367ad87d8c79d25f748e6bdba23e0f9cf60b,96db78c6a52b6447c4895a1fc004367ad87d8c79d25f748e6bdba23e0f9cf60b,moved,Astrology/Chart-Collections,96db78c6a52b6447c4895a1fc004367ad87d8c79d25f748e6bdba23e0f9cf60b,no
Astrology-Database/Birth-detail-collections/Charts Kala/Database/Criminals/Martin Bryant.cht,Astrology-Database/Chart-Collections/Birth-detail-collections/Charts Kala/Database/Criminals/Martin Bryant.cht,981190a84778eeca403c9e00168cacd75be3a22f985a788b9f1c951d3037b6e7,981190a84778eeca403c9e00168cacd75be3a22f985a788b9f1c951d3037b6e7,moved,Astrology/Chart-Collections,981190a84778eeca403c9e00168cacd75be3a22f985a788b9f1c951d3037b6e7,no
Astrology-Database/Birth-detail-collections/Charts Kala/Database/Criminals/Patrick Kearney.cht,Astrology-Database/Chart-Collections/Birth-detail-collections/Charts Kala/Database/Criminals/Patrick Kearney.cht,e26d4e5fe2c3d9ed71ff221d8c7489b8180449956cd13ff2a09d192c8fd430a7,e26d4e5fe2c3d9ed71ff221d8c7489b8180449956cd13ff2a09d192c8fd430a7,moved,Astrology/Chart-Collections,e26d4e5fe2c3d9ed71ff221d8c7489b8180449956cd13ff2a09d192c8fd430a7,no
Astrology-Database/Birth-detail-collections/Charts Kala/Database/Criminals/Paul Bernardo .cht,Astrology-Database/Chart-Collections/Birth-detail-collections/Charts Kala/Database/Criminals/Paul Bernardo .cht,bd25cf4870a31a278c10a8b57481ebdac247fc7fa643e883aa2d34317fa1873f,bd25cf4870a31a278c10a8b57481ebdac247fc7fa643e883aa2d34317fa1873f,moved,Astrology/Chart-Collections,bd25cf4870a31a278c10a8b57481ebdac247fc7fa643e883aa2d34317fa1873f,no
Astrology-Database/Birth-detail-collections/Charts Kala/Database/Criminals/Sam Shepard.cht,Astrology-Database/Chart-Collections/Birth-detail-collections/Charts Kala/Database/Criminals/Sam Shepard.cht,8310328ac200ece1a192b093a07fb0a1095bb0ea0f2f51e0c553f722b37e8c24,8310328ac200ece1a192b093a07fb0a1095bb0ea0f2f51e0c553f722b37e8c24,moved,Astrology/Chart-Collections,8310328ac200ece1a192b093a07fb0a1095bb0ea0f2f51e0c553f722b37e8c24,no
Astrology-Database/Birth-detail-collections/Charts Kala/Database/Criminals/Ted Bundy.cht,Astrology-Database/Chart-Collections/Birth-detail-collections/Charts Kala/Database/Criminals/Ted Bundy.cht,cb31f429b703957c80b4d0db43de010e6218d75229f856aa095d520f72987bb7,cb31f429b703957c80b4d0db43de010e6218d75229f856aa095d520f72987bb7,moved,Astrology/Chart-Collections,cb31f429b703957c80b4d0db43de010e6218d75229f856aa095d520f72987bb7,no
Astrology-Database/Birth-detail-collections/Charts Kala/Database/Criminals/Timothy McVeigh.cht,Astrology-Database/Chart-Collections/Birth-detail-collections/Charts Kala/Database/Criminals/Timothy McVeigh.cht,912903ad7b04b0e6f44bbfce2d8dd8fc32b62ae90868155a5f07d202ce52ff0e,912903ad7b04b0e6f44bbfce2d8dd8fc32b62ae90868155a5f07d202ce52ff0e,moved,Astrology/Chart-Collections,912903ad7b04b0e6f44bbfce2d8dd8fc32b62ae90868155a5f07d202ce52ff0e,no
Astrology-Database/Birth-detail-collections/Charts Kala/Database/Criminals/William Heirens.cht,Astrology-Database/Chart-Collections/Birth-detail-collections/Charts Kala/Database/Criminals/William Heirens.cht,2539eaf1530fb56ae312fe7e53d72a0f810fccd6479d92825df02874286235aa,2539eaf1530fb56ae312fe7e53d72a0f810fccd6479d92825df02874286235aa,moved,Astrology/Chart-Collections,2539eaf1530fb56ae312fe7e53d72a0f810fccd6479d92825df02874286235aa,no
Astrology-Database/Birth-detail-collections/Charts Kala/Database/Dancers/Anver Joffrey.cht,Astrology-Database/Chart-Collections/Birth-detail-collections/Charts Kala/Database/Dancers/Anver Joffrey.cht,217b90b61f6f94b3262d3d45e806b449c4ed9a72ff1458eafd62a07e77f0a826,217b90b61f6f94b3262d3d45e806b449c4ed9a72ff1458eafd62a07e77f0a826,moved,Astrology/Chart-Collections,217b90b61f6f94b3262d3d45e806b449c4ed9a72ff1458eafd62a07e77f0a826,no
Astrology-Database/Birth-detail-collections/Charts Kala/Database/Dancers/Josephine Baker.cht,Astrology-Database/Chart-Collections/Birth-detail-collections/Charts Kala/Database/Dancers/Josephine Baker.cht,cbf2257ca47898f778337bcfaf91b582d14933c096fa527c473da3434e8896e1,cbf2257ca47898f778337bcfaf91b582d14933c096fa527c473da3434e8896e1,moved,Astrology/Chart-Collections,cbf2257ca47898f778337bcfaf91b582d14933c096fa527c473da3434e8896e1,no
Astrology-Database/Birth-detail-collections/Charts Kala/Database/Dancers/Marge Champion.cht,Astrology-Database/Chart-Collections/Birth-detail-collections/Charts Kala/Database/Dancers/Marge Champion.cht,33e8166758129751e54609b9cb93032637342a551184d770d41c65b66e50d6e6,33e8166758129751e54609b9cb93032637342a551184d770d41c65b66e50d6e6,moved,Astrology/Chart-Collections,33e8166758129751e54609b9cb93032637342a551184d770d41c65b66e50d6e6,no
Astrology-Database/Birth-detail-collections/Charts Kala/Database/Diseases/Alchoholic.cht,Astrology-Database/Chart-Collections/Birth-detail-collections/Charts Kala/Database/Diseases/Alchoholic.cht,173f56d4d1160acc1860fd376fbdb8a114a06d4f9c426305862daa0591b30d31,173f56d4d1160acc1860fd376fbdb8a114a06d4f9c426305862daa0591b30d31,moved,Astrology/Chart-Collections,173f56d4d1160acc1860fd376fbdb8a114a06d4f9c426305862daa0591b30d31,no
Astrology-Database/Birth-detail-collections/Charts Kala/Database/Diseases/Autism.cht,Astrology-Database/Chart-Collections/Birth-detail-collections/Charts Kala/Database/Diseases/Autism.cht,6419b628aa37d397ccdcec91bed078d78c2fb23bec8e5845d21d169b0b74617b,6419b628aa37d397ccdcec91bed078d78c2fb23bec8e5845d21d169b0b74617b,moved,Astrology/Chart-Collections,6419b628aa37d397ccdcec91bed078d78c2fb23bec8e5845d21d169b0b74617b,no
Astrology-Database/Birth-detail-collections/Charts Kala/Database/Diseases/Breast Cancer.cht,Astrology-Database/Chart-Collections/Birth-detail-collections/Charts Kala/Database/Diseases/Breast Cancer.cht,193a103bac6adb0b70004b3558e101ddcd9165e099b758b84d30077a69feec9b,193a103bac6adb0b70004b3558e101ddcd9165e099b758b84d30077a69feec9b,moved,Astrology/Chart-Collections,193a103bac6adb0b70004b3558e101ddcd9165e099b758b84d30077a69feec9b,no
Astrology-Database/Birth-detail-collections/Charts Kala/Database/Diseases/Cancer Victim.cht,Astrology-Database/Chart-Collections/Birth-detail-collections/Charts Kala/Database/Diseases/Cancer Victim.cht,67acbeaced4abdc06350bf45b8fff5a8f523a99ccc013e1abe400293126c826e,67acbeaced4abdc06350bf45b8fff5a8f523a99ccc013e1abe400293126c826e,moved,Astrology/Chart-Collections,67acbeaced4abdc06350bf45b8fff5a8f523a99ccc013e1abe400293126c826e,no
Astrology-Database/Birth-detail-collections/Charts Kala/Database/Diseases/Cerebal Palsey.cht,Astrology-Database/Chart-Collections/Birth-detail-collections/Charts Kala/Database/Diseases/Cerebal Palsey.cht,75ae620948810dd3a4540c4c8f86ba6a5a6a9b800bb433501dfa98a293fbdc2d,75ae620948810dd3a4540c4c8f86ba6a5a6a9b800bb433501dfa98a293fbdc2d,moved,Astrology/Chart-Collections,75ae620948810dd3a4540c4c8f86ba6a5a6a9b800bb433501dfa98a293fbdc2d,no
Astrology-Database/Birth-detail-collections/Charts Kala/Database/Diseases/daughter has cerebal palsey.cht,Astrology-Database/Chart-Collections/Birth-detail-collections/Charts Kala/Database/Diseases/daughter has cerebal palsey.cht,f5c812e4e6679d4c61c58d524579661aa25eceb6476d542f68ec2e4702672940,f5c812e4e6679d4c61c58d524579661aa25eceb6476d542f68ec2e4702672940,moved,Astrology/Chart-Collections,f5c812e4e6679d4c61c58d524579661aa25eceb6476d542f68ec2e4702672940,no
Astrology-Database/Birth-detail-collections/Charts Kala/Database/Diseases/Epilepsy.cht,Astrology-Database/Chart-Collections/Birth-detail-collections/Charts Kala/Database/Diseases/Epilepsy.cht,cff4d7b2df384b1fa35df8cf772b27fa522179efb2d24984b9c732ff05b56c0e,cff4d7b2df384b1fa35df8cf772b27fa522179efb2d24984b9c732ff05b56c0e,moved,Astrology/Chart-Collections,cff4d7b2df384b1fa35df8cf772b27fa522179efb2d24984b9c732ff05b56c0e,no
Astrology-Database/Birth-detail-collections/Charts Kala/Database/Diseases/Father has Diabetes.cht,Astrology-Database/Chart-Collections/Birth-detail-collections/Charts Kala/Database/Diseases/Father has Diabetes.cht,6093264fa12d132ddc2fda3bc16ea85bd3fd31af73479816cce5626de8c60e16,6093264fa12d132ddc2fda3bc16ea85bd3fd31af73479816cce5626de8c60e16,moved,Astrology/Chart-Collections,6093264fa12d132ddc2fda3bc16ea85bd3fd31af73479816cce5626de8c60e16,no
Astrology-Database/Birth-detail-collections/Charts Kala/Database/Diseases/Head Injury in Vehicle Accident.cht,Astrology-Database/Chart-Collections/Birth-detail-collections/Charts Kala/Database/Diseases/Head Injury in Vehicle Accident.cht,3229ba38ff6b0e875b04f4e8fa497911677ccf50651adf1d0054e393a7faeea5,3229ba38ff6b0e875b04f4e8fa497911677ccf50651adf1d0054e393a7faeea5,moved,Astrology/Chart-Collections,3229ba38ff6b0e875b04f4e8fa497911677ccf50651adf1d0054e393a7faeea5,no
Astrology-Database/Birth-detail-collections/Charts Kala/Database/Diseases/Leukemia Victim 1.cht,Astrology-Database/Chart-Collections/Birth-detail-collections/Charts Kala/Database/Diseases/Leukemia Victim 1.cht,ef29fbab44f9e09c23d0d0c8299210449fba516359d13f31efbc69b77f8f8658,ef29fbab44f9e09c23d0d0c8299210449fba516359d13f31efbc69b77f8f8658,moved,Astrology/Chart-Collections,ef29fbab44f9e09c23d0d0c8299210449fba516359d13f31efbc69b77f8f8658,no
Astrology-Database/Birth-detail-collections/Charts Kala/Database/Diseases/Lymph node disease.cht,Astrology-Database/Chart-Collections/Birth-detail-collections/Charts Kala/Database/Diseases/Lymph node disease.cht,15c8f8a4b62ed8095992651af7920b17209e7d4891d07425b3e498ea158f2828,15c8f8a4b62ed8095992651af7920b17209e7d4891d07425b3e498ea158f2828,moved,Astrology/Chart-Collections,15c8f8a4b62ed8095992651af7920b17209e7d4891d07425b3e498ea158f2828,no
Astrology-Database/Birth-detail-collections/Charts Kala/Database/Diseases/Lymphoma Cancer.cht,Astrology-Database/Chart-Collections/Birth-detail-collections/Charts Kala/Database/Diseases/Lymphoma Cancer.cht,0b736ac43d65b6c70f7afb1dd6418b5e7c10752d3a01eb9fa6d3fc7218a57629,0b736ac43d65b6c70f7afb1dd6418b5e7c10752d3a01eb9fa6d3fc7218a57629,moved,Astrology/Chart-Collections,0b736ac43d65b6c70f7afb1dd6418b5e7c10752d3a01eb9fa6d3fc7218a57629,no
Astrology-Database/Birth-detail-collections/Charts Kala/Database/Diseases/Mother has Diabetes.cht,Astrology-Database/Chart-Collections/Birth-detail-collections/Charts Kala/Database/Diseases/Mother has Diabetes.cht,c4340e89d56df7ada44acd8fb978d2a77e28066dd5aba02a7c52cf0aa7f2b562,c4340e89d56df7ada44acd8fb978d2a77e28066dd5aba02a7c52cf0aa7f2b562,moved,Astrology/Chart-Collections,c4340e89d56df7ada44acd8fb978d2a77e28066dd5aba02a7c52cf0aa7f2b562,no
Astrology-Database/Birth-detail-collections/Charts Kala/Database/Diseases/MS 1.cht,Astrology-Database/Chart-Collections/Birth-detail-collections/Charts Kala/Database/Diseases/MS 1.cht,e834e9aa9dcdcd4c100225e3020d83359feb8218427b81837ef1da4e9ddaf255,e834e9aa9dcdcd4c100225e3020d83359feb8218427b81837ef1da4e9ddaf255,moved,Astrology/Chart-Collections,e834e9aa9dcdcd4c100225e3020d83359feb8218427b81837ef1da4e9ddaf255,no
"Astrology-Database/Birth-detail-collections/Charts Kala/Database/Diseases/Scoliosis, Severe.cht","Astrology-Database/Chart-Collections/Birth-detail-collections/Charts Kala/Database/Diseases/Scoliosis, Severe.cht",f23aba939764aac43612453ee683e9b294a60438725ee67797d60bcf789490d8,f23aba939764aac43612453ee683e9b294a60438725ee67797d60bcf789490d8,moved,Astrology/Chart-Collections,f23aba939764aac43612453ee683e9b294a60438725ee67797d60bcf789490d8,no
Astrology-Database/Birth-detail-collections/Charts Kala/Database/Diseases/She and Father has Diebetes.cht,Astrology-Database/Chart-Collections/Birth-detail-collections/Charts Kala/Database/Diseases/She and Father has Diebetes.cht,944c7208af74530dc1fc33729103beaa71b6f3143b670eb6b733fb4e64e8b5f5,944c7208af74530dc1fc33729103beaa71b6f3143b670eb6b733fb4e64e8b5f5,moved,Astrology/Chart-Collections,944c7208af74530dc1fc33729103beaa71b6f3143b670eb6b733fb4e64e8b5f5,no
Astrology-Database/Birth-detail-collections/Charts Kala/Database/Diseases/Sleeping disorder.cht,Astrology-Database/Chart-Collections/Birth-detail-collections/Charts Kala/Database/Diseases/Sleeping disorder.cht,992866803a9e8c386cc8e284421a51bf988a45677f4640785271704383c0978d,992866803a9e8c386cc8e284421a51bf988a45677f4640785271704383c0978d,moved,Astrology/Chart-Collections,992866803a9e8c386cc8e284421a51bf988a45677f4640785271704383c0978d,no
Astrology-Database/Birth-detail-collections/Charts Kala/Database/Diseases/Wife has Diabetes.cht,Astrology-Database/Chart-Collections/Birth-detail-collections/Charts Kala/Database/Diseases/Wife has Diabetes.cht,50324ede2643887e8104306322e7912cf7e60c50dfa660fe647c237eb49e9c5c,50324ede2643887e8104306322e7912cf7e60c50dfa660fe647c237eb49e9c5c,moved,Astrology/Chart-Collections,50324ede2643887e8104306322e7912cf7e60c50dfa660fe647c237eb49e9c5c,no
Astrology-Database/Birth-detail-collections/Charts Kala/Database/Earthquakes/Bihar Jan_15_1934 timeapp.cht,Astrology-Database/Chart-Collections/Birth-detail-collections/Charts Kala/Database/Earthquakes/Bihar Jan_15_1934 timeapp.cht,74b02c1bb2d1d9f03bee3a3069df4d85f922d4fe5065ecad43c453796e2ec7e7,74b02c1bb2d1d9f03bee3a3069df4d85f922d4fe5065ecad43c453796e2ec7e7,moved,Astrology/Chart-Collections,74b02c1bb2d1d9f03bee3a3069df4d85f922d4fe5065ecad43c453796e2ec7e7,no
"Astrology-Database/Birth-detail-collections/Charts Kala/Database/Earthquakes/Iran Quake, noon chart.cht","Astrology-Database/Chart-Collections/Birth-detail-collections/Charts Kala/Database/Earthquakes/Iran Quake, noon chart.cht",0c350a8eeaca5dc4dd8f330a8cbb405b01356c3b14e26d8c5e61578a96d422ae,0c350a8eeaca5dc4dd8f330a8cbb405b01356c3b14e26d8c5e61578a96d422ae,moved,Astrology/Chart-Collections,0c350a8eeaca5dc4dd8f330a8cbb405b01356c3b14e26d8c5e61578a96d422ae,no
Astrology-Database/Birth-detail-collections/Charts Kala/Database/Earthquakes/Koynanagar Dec_11_1967.cht,Astrology-Database/Chart-Collections/Birth-detail-collections/Charts Kala/Database/Earthquakes/Koynanagar Dec_11_1967.cht,fbff815e651a45c9d953e6430a192dc24823f35438796743149ac9b96e76a18b,fbff815e651a45c9d953e6430a192dc24823f35438796743149ac9b96e76a18b,moved,Astrology/Chart-Collections,fbff815e651a45c9d953e6430a192dc24823f35438796743149ac9b96e76a18b,no
Astrology-Database/Birth-detail-collections/Charts Kala/Database/Longevity/Dead Baby 1.cht,Astrology-Database/Chart-Collections/Birth-detail-collections/Charts Kala/Database/Longevity/Dead Baby 1.cht,9cf2bf3f900ec9eeabf40f05c961bf91c8b5ff767dc0002ac822b4486caf2288,9cf2bf3f900ec9eeabf40f05c961bf91c8b5ff767dc0002ac822b4486caf2288,moved,Astrology/Chart-Collections,9cf2bf3f900ec9eeabf40f05c961bf91c8b5ff767dc0002ac822b4486caf2288,no
Astrology-Database/Birth-detail-collections/Charts Kala/Database/Longevity/dead baby 2.cht,Astrology-Database/Chart-Collections/Birth-detail-collections/Charts Kala/Database/Longevity/dead baby 2.cht,a8a8d94cb17baf9d984f1b4a6724cb3ba3c54f687cde90f8d5b5fbc1729e14e5,a8a8d94cb17baf9d984f1b4a6724cb3ba3c54f687cde90f8d5b5fbc1729e14e5,moved,Astrology/Chart-Collections,a8a8d94cb17baf9d984f1b4a6724cb3ba3c54f687cde90f8d5b5fbc1729e14e5,no
Astrology-Database/Birth-detail-collections/Charts Kala/Database/Longevity/Dead Native 01.cht,Astrology-Database/Chart-Collections/Birth-detail-collections/Charts Kala/Database/Longevity/Dead Native 01.cht,b336bf75bee5bf27f48f0828a7d90f47ff64a60770c7bc921930a2f5de53a02f,b336bf75bee5bf27f48f0828a7d90f47ff64a60770c7bc921930a2f5de53a02f,moved,Astrology/Chart-Collections,b336bf75bee5bf27f48f0828a7d90f47ff64a60770c7bc921930a2f5de53a02f,no
Astrology-Database/Birth-detail-collections/Charts Kala/Database/Longevity/Dead Native 02.cht,Astrology-Database/Chart-Collections/Birth-detail-collections/Charts Kala/Database/Longevity/Dead Native 02.cht,b911d17cf00d078eb5ad5ba75d699f3409a1d381482088f03f09e736e82adf7c,b911d17cf00d078eb5ad5ba75d699f3409a1d381482088f03f09e736e82adf7c,moved,Astrology/Chart-Collections,b911d17cf00d078eb5ad5ba75d699f3409a1d381482088f03f09e736e82adf7c,no
Astrology-Database/Birth-detail-collections/Charts Kala/Database/Longevity/Dead Native 03.cht,Astrology-Database/Chart-Collections/Birth-detail-collections/Charts Kala/Database/Longevity/Dead Native 03.cht,c958ac6f9385a5f92c3aebe33c829b8612202144992118b752dc5362421cb06a,c958ac6f9385a5f92c3aebe33c829b8612202144992118b752dc5362421cb06a,moved,Astrology/Chart-Collections,c958ac6f9385a5f92c3aebe33c829b8612202144992118b752dc5362421cb06a,no
Astrology-Database/Birth-detail-collections/Charts Kala/Database/Longevity/Dead Native 04.cht,Astrology-Database/Chart-Collections/Birth-detail-collections/Charts Kala/Database/Longevity/Dead Native 04.cht,99c34c6b6762da0171e6d66012829e64ef5094f486899a2ac12c7c5de9b664f7,99c34c6b6762da0171e6d66012829e64ef5094f486899a2ac12c7c5de9b664f7,moved,Astrology/Chart-Collections,99c34c6b6762da0171e6d66012829e64ef5094f486899a2ac12c7c5de9b664f7,no
Astrology-Database/Birth-detail-collections/Charts Kala/Database/Longevity/Dead Native 05.cht,Astrology-Database/Chart-Collections/Birth-detail-collections/Charts Kala/Database/Longevity/Dead Native 05.cht,c22a6d6167492b440eaeaed1added44af97850ab9afd7c9af0bc7d454de2ec52,c22a6d6167492b440eaeaed1added44af97850ab9afd7c9af0bc7d454de2ec52,moved,Astrology/Chart-Collections,c22a6d6167492b440eaeaed1added44af97850ab9afd7c9af0bc7d454de2ec52,no
Astrology-Database/Birth-detail-collections/Charts Kala/Database/Longevity/Dead Native 06.cht,Astrology-Database/Chart-Collections/Birth-detail-collections/Charts Kala/Database/Longevity/Dead Native 06.cht,954535fbf6fa75a0cbfd6344923f3c2faa8319fc747d9efac8af263f2c8c1bf3,954535fbf6fa75a0cbfd6344923f3c2faa8319fc747d9efac8af263f2c8c1bf3,moved,Astrology/Chart-Collections,954535fbf6fa75a0cbfd6344923f3c2faa8319fc747d9efac8af263f2c8c1bf3,no
Astrology-Database/Birth-detail-collections/Charts Kala/Database/Longevity/Dead Native 07.cht,Astrology-Database/Chart-Collections/Birth-detail-collections/Charts Kala/Database/Longevity/Dead Native 07.cht,722a6b633bbfe2fd15d5b184ebc08224352294d70930e97cafc006c88e7ee8f0,722a6b633bbfe2fd15d5b184ebc08224352294d70930e97cafc006c88e7ee8f0,moved,Astrology/Chart-Collections,722a6b633bbfe2fd15d5b184ebc08224352294d70930e97cafc006c88e7ee8f0,no
Astrology-Database/Birth-detail-collections/Charts Kala/Database/Longevity/Dead Native 08.cht,Astrology-Database/Chart-Collections/Birth-detail-collections/Charts Kala/Database/Longevity/Dead Native 08.cht,adfb63ae836628bd5c921fe3819829dd2f073d26aa6dc25284b17bfc758230a9,adfb63ae836628bd5c921fe3819829dd2f073d26aa6dc25284b17bfc758230a9,moved,Astrology/Chart-Collections,adfb63ae836628bd5c921fe3819829dd2f073d26aa6dc25284b17bfc758230a9,no
Astrology-Database/Birth-detail-collections/Charts Kala/Database/Longevity/Dead Native 09.cht,Astrology-Database/Chart-Collections/Birth-detail-collections/Charts Kala/Database/Longevity/Dead Native 09.cht,bc4f5e995c9e928c814c4081badf16062637d5a764cc8b73cabb38c530506abe,bc4f5e995c9e928c814c4081badf16062637d5a764cc8b73cabb38c530506abe,moved,Astrology/Chart-Collections,bc4f5e995c9e928c814c4081badf16062637d5a764cc8b73cabb38c530506abe,no
Astrology-Database/Birth-detail-collections/Charts Kala/Database/Longevity/Dead Native 10.cht,Astrology-Database/Chart-Collections/Birth-detail-collections/Charts Kala/Database/Longevity/Dead Native 10.cht,d1defbb2d1730acc6d12c025968a8142380c1dc3506a132761a684f803be0964,d1defbb2d1730acc6d12c025968a8142380c1dc3506a132761a684f803be0964,moved,Astrology/Chart-Collections,d1defbb2d1730acc6d12c025968a8142380c1dc3506a132761a684f803be0964,no
Astrology-Database/Birth-detail-collections/Charts Kala/Database/Longevity/Dead Native 11.cht,Astrology-Database/Chart-Collections/Birth-detail-collections/Charts Kala/Database/Longevity/Dead Native 11.cht,6cb5a61e2e7de3bc9fa2019768cfb06f6d9df37eaa1e6c2f56c2ae7edbb0dafd,6cb5a61e2e7de3bc9fa2019768cfb06f6d9df37eaa1e6c2f56c2ae7edbb0dafd,moved,Astrology/Chart-Collections,6cb5a61e2e7de3bc9fa2019768cfb06f6d9df37eaa1e6c2f56c2ae7edbb0dafd,no
Astrology-Database/Birth-detail-collections/Charts Kala/Database/Longevity/Dead Native 12.cht,Astrology-Database/Chart-Collections/Birth-detail-collections/Charts Kala/Database/Longevity/Dead Native 12.cht,0b10730a2045f3ebdc18c08812a96c1aef2c1ba64e3c472d1f20ebb0c9b95c73,0b10730a2045f3ebdc18c08812a96c1aef2c1ba64e3c472d1f20ebb0c9b95c73,moved,Astrology/Chart-Collections,0b10730a2045f3ebdc18c08812a96c1aef2c1ba64e3c472d1f20ebb0c9b95c73,no
Astrology-Database/Birth-detail-collections/Charts Kala/Database/Longevity/Dead Native 13.cht,Astrology-Database/Chart-Collections/Birth-detail-collections/Charts Kala/Database/Longevity/Dead Native 13.cht,f522695069cb4c4b86f5660c696e83992211217afa9f981d9f38044d65c36978,f522695069cb4c4b86f5660c696e83992211217afa9f981d9f38044d65c36978,moved,Astrology/Chart-Collections,f522695069cb4c4b86f5660c696e83992211217afa9f981d9f38044d65c36978,no
Astrology-Database/Birth-detail-collections/Charts Kala/Database/Longevity/Dead Native 14.cht,Astrology-Database/Chart-Collections/Birth-detail-collections/Charts Kala/Database/Longevity/Dead Native 14.cht,853ce7330d140ba1001f4dda7a24c1c37f78a12f7664c81569b15cd5b1dcdfd3,853ce7330d140ba1001f4dda7a24c1c37f78a12f7664c81569b15cd5b1dcdfd3,moved,Astrology/Chart-Collections,853ce7330d140ba1001f4dda7a24c1c37f78a12f7664c81569b15cd5b1dcdfd3,no
Astrology-Database/Birth-detail-collections/Charts Kala/Database/Longevity/Dead Native 15.cht,Astrology-Database/Chart-Collections/Birth-detail-collections/Charts Kala/Database/Longevity/Dead Native 15.cht,033d338491ef8410dd0905766ddff003564d3fa89702028eba9d0348069b5d6e,033d338491ef8410dd0905766ddff003564d3fa89702028eba9d0348069b5d6e,moved,Astrology/Chart-Collections,033d338491ef8410dd0905766ddff003564d3fa89702028eba9d0348069b5d6e,no
Astrology-Database/Birth-detail-collections/Charts Kala/Database/Longevity/Dead Native 16.cht,Astrology-Database/Chart-Collections/Birth-detail-collections/Charts Kala/Database/Longevity/Dead Native 16.cht,3c393d659965f25cbdcd7059152dd5bca39f5b31c327bf71a510248abc3c2414,3c393d659965f25cbdcd7059152dd5bca39f5b31c327bf71a510248abc3c2414,moved,Astrology/Chart-Collections,3c393d659965f25cbdcd7059152dd5bca39f5b31c327bf71a510248abc3c2414,no
Astrology-Database/Birth-detail-collections/Charts Kala/Database/Longevity/Death from Fall.cht,Astrology-Database/Chart-Collections/Birth-detail-collections/Charts Kala/Database/Longevity/Death from Fall.cht,126ac1de1bf81ccc13b9936749dcc1ca38ec646e556a5f0cb229f022acbcd650,126ac1de1bf81ccc13b9936749dcc1ca38ec646e556a5f0cb229f022acbcd650,moved,Astrology/Chart-Collections,126ac1de1bf81ccc13b9936749dcc1ca38ec646e556a5f0cb229f022acbcd650,no
Astrology-Database/Birth-detail-collections/Charts Kala/Database/Military/Douglas Macarthur.cht,Astrology-Database/Chart-Collections/Birth-detail-collections/Charts Kala/Database/Military/Douglas Macarthur.cht,de8c235cfc3c31331d95fa2e8ad3b2aabb929b313f9039f98ec30c32421583eb,de8c235cfc3c31331d95fa2e8ad3b2aabb929b313f9039f98ec30c32421583eb,moved,Astrology/Chart-Collections,de8c235cfc3c31331d95fa2e8ad3b2aabb929b313f9039f98ec30c32421583eb,no
Astrology-Database/Birth-detail-collections/Charts Kala/Database/Military/Ewald Von Kliest.cht,Astrology-Database/Chart-Collections/Birth-detail-collections/Charts Kala/Database/Military/Ewald Von Kliest.cht,3b041a1dc7b458930e5d63450f856b20c3e53c0eb8392ed2e565f69e88e6e20e,3b041a1dc7b458930e5d63450f856b20c3e53c0eb8392ed2e565f69e88e6e20e,moved,Astrology/Chart-Collections,3b041a1dc7b458930e5d63450f856b20c3e53c0eb8392ed2e565f69e88e6e20e,no
Astrology-Database/Birth-detail-collections/Charts Kala/Database/Military/George McClellan.cht,Astrology-Database/Chart-Collections/Birth-detail-collections/Charts Kala/Database/Military/George McClellan.cht,10a4b0bbacced6eee935c156bac35f4258c761ccccdd2575a239871b3e4006ca,10a4b0bbacced6eee935c156bac35f4258c761ccccdd2575a239871b3e4006ca,moved,Astrology/Chart-Collections,10a4b0bbacced6eee935c156bac35f4258c761ccccdd2575a239871b3e4006ca,no
Astrology-Database/Birth-detail-collections/Charts Kala/Database/Military/George Patton.cht,Astrology-Database/Chart-Collections/Birth-detail-collections/Charts Kala/Database/Military/George Patton.cht,a278bae25cc83d9bbafe919d93cb34eab82eb276f7e8c771587e239357a465eb,a278bae25cc83d9bbafe919d93cb34eab82eb276f7e8c771587e239357a465eb,moved,Astrology/Chart-Collections,a278bae25cc83d9bbafe919d93cb34eab82eb276f7e8c771587e239357a465eb,no
Astrology-Database/Birth-detail-collections/Charts Kala/Database/Military/Joseph Joffre.cht,Astrology-Database/Chart-Collections/Birth-detail-collections/Charts Kala/Database/Military/Joseph Joffre.cht,8d13058bc5310196bef3a3f50406620189d017d2ccaa57df2aa9a630b923c6b7,8d13058bc5310196bef3a3f50406620189d017d2ccaa57df2aa9a630b923c6b7,moved,Astrology/Chart-Collections,8d13058bc5310196bef3a3f50406620189d017d2ccaa57df2aa9a630b923c6b7,no
Astrology-Database/Birth-detail-collections/Charts Kala/Database/Military/Lord Louis Mountbatten.cht,Astrology-Database/Chart-Collections/Birth-detail-collections/Charts Kala/Database/Military/Lord Louis Mountbatten.cht,29f17e04a37d2c774b80c79b4578702de06ddda3b53bdcf12f6ddc78621b5769,29f17e04a37d2c774b80c79b4578702de06ddda3b53bdcf12f6ddc78621b5769,moved,Astrology/Chart-Collections,29f17e04a37d2c774b80c79b4578702de06ddda3b53bdcf12f6ddc78621b5769,no
Astrology-Database/Birth-detail-collections/Charts Kala/Database/Miscellaneous/Admiral Canaris.cht,Astrology-Database/Chart-Collections/Birth-detail-collections/Charts Kala/Database/Miscellaneous/Admiral Canaris.cht,2f7f7fc474fe2fb72f898b7d75e47a05545f470836dad665141d354f19edc4bd,2f7f7fc474fe2fb72f898b7d75e47a05545f470836dad665141d354f19edc4bd,moved,Astrology/Chart-Collections,2f7f7fc474fe2fb72f898b7d75e47a05545f470836dad665141d354f19edc4bd,no
Astrology-Database/Birth-detail-collections/Charts Kala/Database/Miscellaneous/Alfred Hitchcock.cht,Astrology-Database/Chart-Collections/Birth-detail-collections/Charts Kala/Database/Miscellaneous/Alfred Hitchcock.cht,badd484508ce551b741edfb5ba6bb7f982b717280bd254a66c9a0c3eb395281c,badd484508ce551b741edfb5ba6bb7f982b717280bd254a66c9a0c3eb395281c,moved,Astrology/Chart-Collections,badd484508ce551b741edfb5ba6bb7f982b717280bd254a66c9a0c3eb395281c,no
Astrology-Database/Birth-detail-collections/Charts Kala/Database/Miscellaneous/Andre Gregory.cht,Astrology-Database/Chart-Collections/Birth-detail-collections/Charts Kala/Database/Miscellaneous/Andre Gregory.cht,778a70c8d814213442087e6ca64eadce6af5e8398341b003a3ce207dac4b45ff,778a70c8d814213442087e6ca64eadce6af5e8398341b003a3ce207dac4b45ff,moved,Astrology/Chart-Collections,778a70c8d814213442087e6ca64eadce6af5e8398341b003a3ce207dac4b45ff,no
Astrology-Database/Birth-detail-collections/Charts Kala/Database/Miscellaneous/Andy Warhol.cht,Astrology-Database/Chart-Collections/Birth-detail-collections/Charts Kala/Database/Miscellaneous/Andy Warhol.cht,85f98d761b10f5f552ebea56fb7c64ceccb911eff6dcbe0334b18b5886a7e3e3,85f98d761b10f5f552ebea56fb7c64ceccb911eff6dcbe0334b18b5886a7e3e3,moved,Astrology/Chart-Collections,85f98d761b10f5f552ebea56fb7c64ceccb911eff6dcbe0334b18b5886a7e3e3,no
Astrology-Database/Birth-detail-collections/Charts Kala/Database/Miscellaneous/Annie Oakley.cht,Astrology-Database/Chart-Collections/Birth-detail-collections/Charts Kala/Database/Miscellaneous/Annie Oakley.cht,755579357093a8c2ee502788c759dd87b54a48a1c5623505d315a61e0c6c03c1,755579357093a8c2ee502788c759dd87b54a48a1c5623505d315a61e0c6c03c1,moved,Astrology/Chart-Collections,755579357093a8c2ee502788c759dd87b54a48a1c5623505d315a61e0c6c03c1,no
Astrology-Database/Birth-detail-collections/Charts Kala/Database/Miscellaneous/Benjamin Franklin.cht,Astrology-Database/Chart-Collections/Birth-detail-collections/Charts Kala/Database/Miscellaneous/Benjamin Franklin.cht,2283a74c9f904bc2a51b1c22b86ee10184b7e834402264db0b91b2d5e6c451b5,2283a74c9f904bc2a51b1c22b86ee10184b7e834402264db0b91b2d5e6c451b5,moved,Astrology/Chart-Collections,2283a74c9f904bc2a51b1c22b86ee10184b7e834402264db0b91b2d5e6c451b5,no
Astrology-Database/Birth-detail-collections/Charts Kala/Database/Miscellaneous/Bob  Geldof.cht,Astrology-Database/Chart-Collections/Birth-detail-collections/Charts Kala/Database/Miscellaneous/Bob  Geldof.cht,3f3a89d330bf4ddeb134aa4b6f73d04ce2002d8b73247b2a4db0a08d5ecc3a25,3f3a89d330bf4ddeb134aa4b6f73d04ce2002d8b73247b2a4db0a08d5ecc3a25,moved,Astrology/Chart-Collections,3f3a89d330bf4ddeb134aa4b6f73d04ce2002d8b73247b2a4db0a08d5ecc3a25,no
Astrology-Database/Birth-detail-collections/Charts Kala/Database/Miscellaneous/Bob Fosse.cht,Astrology-Database/Chart-Collections/Birth-detail-collections/Charts Kala/Database/Miscellaneous/Bob Fosse.cht,f75680d4a8afbc3938f6560a0967900950448fa0537b3e7caf6a5dc8ac1abf7c,f75680d4a8afbc3938f6560a0967900950448fa0537b3e7caf6a5dc8ac1abf7c,moved,Astrology/Chart-Collections,f75680d4a8afbc3938f6560a0967900950448fa0537b3e7caf6a5dc8ac1abf7c,no
Astrology-Database/Birth-detail-collections/Charts Kala/Database/Miscellaneous/Bobby Fischer.cht,Astrology-Database/Chart-Collections/Birth-detail-collections/Charts Kala/Database/Miscellaneous/Bobby Fischer.cht,924c2a19fc5cf6f173bae9ae6fd2cc7dfd3e29bd77868d92b414d8825f89ffec,924c2a19fc5cf6f173bae9ae6fd2cc7dfd3e29bd77868d92b414d8825f89ffec,moved,Astrology/Chart-Collections,924c2a19fc5cf6f173bae9ae6fd2cc7dfd3e29bd77868d92b414d8825f89ffec,no
Astrology-Database/Birth-detail-collections/Charts Kala/Database/Miscellaneous/Brigham Young.cht,Astrology-Database/Chart-Collections/Birth-detail-collections/Charts Kala/Database/Miscellaneous/Brigham Young.cht,4c21d24e93cb212306279741d5ce9cd57e0ffc953d48f10140b8f9fadf68f062,4c21d24e93cb212306279741d5ce9cd57e0ffc953d48f10140b8f9fadf68f062,moved,Astrology/Chart-Collections,4c21d24e93cb212306279741d5ce9cd57e0ffc953d48f10140b8f9fadf68f062,no
Astrology-Database/Birth-detail-collections/Charts Kala/Database/Miscellaneous/Buffalo Bill Cody.cht,Astrology-Database/Chart-Collections/Birth-detail-collections/Charts Kala/Database/Miscellaneous/Buffalo Bill Cody.cht,74b7423374098f0c491956b36dd6ce12af820de472c6c9fb4f673606c28e9733,74b7423374098f0c491956b36dd6ce12af820de472c6c9fb4f673606c28e9733,moved,Astrology/Chart-Collections,74b7423374098f0c491956b36dd6ce12af820de472c6c9fb4f673606c28e9733,no
Astrology-Database/Birth-detail-collections/Charts Kala/Database/Miscellaneous/Caroline Kennedy.cht,Astrology-Database/Chart-Collections/Birth-detail-collections/Charts Kala/Database/Miscellaneous/Caroline Kennedy.cht,65f05bf9988560a81f7f5e81166d8cb5b22c7188d21db8c3e073fc2d0ca660c7,65f05bf9988560a81f7f5e81166d8cb5b22c7188d21db8c3e073fc2d0ca660c7,moved,Astrology/Chart-Collections,65f05bf9988560a81f7f5e81166d8cb5b22c7188d21db8c3e073fc2d0ca660c7,no
"Astrology-Database/Birth-detail-collections/Charts Kala/Database/Miscellaneous/Casanova, Giovanni.cht","Astrology-Database/Chart-Collections/Birth-detail-collections/Charts Kala/Database/Miscellaneous/Casanova, Giovanni.cht",4c23e0334d199ce8d813d56d99a1947966e49fb70515bd53b106894c26e80e2e,4c23e0334d199ce8d813d56d99a1947966e49fb70515bd53b106894c26e80e2e,moved,Astrology/Chart-Collections,4c23e0334d199ce8d813d56d99a1947966e49fb70515bd53b106894c26e80e2e,no
Astrology-Database/Birth-detail-collections/Charts Kala/Database/Miscellaneous/Cesar Chavez.cht,Astrology-Database/Chart-Collections/Birth-detail-collections/Charts Kala/Database/Miscellaneous/Cesar Chavez.cht,079c034fa9bb7e404010ed7a7ae83728c5f01aab54859ed8e29b4a7c65bd44a1,079c034fa9bb7e404010ed7a7ae83728c5f01aab54859ed8e29b4a7c65bd44a1,moved,Astrology/Chart-Collections,079c034fa9bb7e404010ed7a7ae83728c5f01aab54859ed8e29b4a7c65bd44a1,no
Astrology-Database/Birth-detail-collections/Charts Kala/Database/Miscellaneous/Charles Lindberg.cht,Astrology-Database/Chart-Collections/Birth-detail-collections/Charts Kala/Database/Miscellaneous/Charles Lindberg.cht,513dfc95e32e22495f4b3ae31f280d168a70b83948da767090a02ded6866b3de,513dfc95e32e22495f4b3ae31f280d168a70b83948da767090a02ded6866b3de,moved,Astrology/Chart-Collections,513dfc95e32e22495f4b3ae31f280d168a70b83948da767090a02ded6866b3de,no
Astrology-Database/Birth-detail-collections/Charts Kala/Database/Miscellaneous/Christian Dior.cht,Astrology-Database/Chart-Collections/Birth-detail-collections/Charts Kala/Database/Miscellaneous/Christian Dior.cht,60b4147ca961e474bf4e5656834471a9eeee689356e25e5b29b6a4287261f7ae,60b4147ca961e474bf4e5656834471a9eeee689356e25e5b29b6a4287261f7ae,moved,Astrology/Chart-Collections,60b4147ca961e474bf4e5656834471a9eeee689356e25e5b29b6a4287261f7ae,no
Astrology-Database/Birth-detail-collections/Charts Kala/Database/Miscellaneous/Christine Jorgensen.cht,Astrology-Database/Chart-Collections/Birth-detail-collections/Charts Kala/Database/Miscellaneous/Christine Jorgensen.cht,88e65bf8405cf810bd8042ff8b898081ca3fddc88e26b382fb756451fac40b97,88e65bf8405cf810bd8042ff8b898081ca3fddc88e26b382fb756451fac40b97,moved,Astrology/Chart-Collections,88e65bf8405cf810bd8042ff8b898081ca3fddc88e26b382fb756451fac40b97,no
Astrology-Database/Birth-detail-collections/Charts Kala/Database/Miscellaneous/Christopher Boyce.cht,Astrology-Database/Chart-Collections/Birth-detail-collections/Charts Kala/Database/Miscellaneous/Christopher Boyce.cht,54d1ff4120a78331ba2069cf7edbb82cdaa41bff60157b378f367990b41b8728,54d1ff4120a78331ba2069cf7edbb82cdaa41bff60157b378f367990b41b8728,moved,Astrology/Chart-Collections,54d1ff4120a78331ba2069cf7edbb82cdaa41bff60157b378f367990b41b8728,no
Astrology-Database/Birth-detail-collections/Charts Kala/Database/Miscellaneous/Christopher Isherwood.cht,Astrology-Database/Chart-Collections/Birth-detail-collections/Charts Kala/Database/Miscellaneous/Christopher Isherwood.cht,ab9b08197556e8bcfb475a0b52b2c9ecea6c1dd7662fd6365a33c3b8daa0f219,ab9b08197556e8bcfb475a0b52b2c9ecea6c1dd7662fd6365a33c3b8daa0f219,moved,Astrology/Chart-Collections,ab9b08197556e8bcfb475a0b52b2c9ecea6c1dd7662fd6365a33c3b8daa0f219,no
Astrology-Database/Birth-detail-collections/Charts Kala/Database/Miscellaneous/Christopher Reeve.cht,Astrology-Database/Chart-Collections/Birth-detail-collections/Charts Kala/Database/Miscellaneous/Christopher Reeve.cht,5b84c5fbd7373e540cdf07b65b4d7b6a9f6c01e1e102513cdd3da4bc451f350f,5b84c5fbd7373e540cdf07b65b4d7b6a9f6c01e1e102513cdd3da4bc451f350f,moved,Astrology/Chart-Collections,5b84c5fbd7373e540cdf07b65b4d7b6a9f6c01e1e102513cdd3da4bc451f350f,no
Astrology-Database/Birth-detail-collections/Charts Kala/Database/Miscellaneous/Dan White.cht,Astrology-Database/Chart-Collections/Birth-detail-collections/Charts Kala/Database/Miscellaneous/Dan White.cht,8756ea8c087bf87ee920bac4f6efd18b7656a47553bb4cd2cb089d6162f026b9,8756ea8c087bf87ee920bac4f6efd18b7656a47553bb4cd2cb089d6162f026b9,moved,Astrology/Chart-Collections,8756ea8c087bf87ee920bac4f6efd18b7656a47553bb4cd2cb089d6162f026b9,no
"Astrology-Database/Birth-detail-collections/Charts Kala/Database/Miscellaneous/Erickson, Milton.cht","Astrology-Database/Chart-Collections/Birth-detail-collections/Charts Kala/Database/Miscellaneous/Erickson, Milton.cht",bc6f7ad1720e2c4f3b8524130eec79a093038d3dadac5cd1259ca891700e4378,bc6f7ad1720e2c4f3b8524130eec79a093038d3dadac5cd1259ca891700e4378,moved,Astrology/Chart-Collections,bc6f7ad1720e2c4f3b8524130eec79a093038d3dadac5cd1259ca891700e4378,no
Astrology-Database/Birth-detail-collections/Charts Kala/Database/Miscellaneous/Eva Braun.cht,Astrology-Database/Chart-Collections/Birth-detail-collections/Charts Kala/Database/Miscellaneous/Eva Braun.cht,e03c1c9ea5454b13385eb20c70435132b2392601c5abaee9a616069f3bc921a4,e03c1c9ea5454b13385eb20c70435132b2392601c5abaee9a616069f3bc921a4,moved,Astrology/Chart-Collections,e03c1c9ea5454b13385eb20c70435132b2392601c5abaee9a616069f3bc921a4,no
Astrology-Database/Birth-detail-collections/Charts Kala/Database/Miscellaneous/Francis Ford Coppola.cht,Astrology-Database/Chart-Collections/Birth-detail-collections/Charts Kala/Database/Miscellaneous/Francis Ford Coppola.cht,80ada96f129e67e14cad65a1384b2d21a79bb0dce3bd0ea8e9fe6286959af33d,80ada96f129e67e14cad65a1384b2d21a79bb0dce3bd0ea8e9fe6286959af33d,moved,Astrology/Chart-Collections,80ada96f129e67e14cad65a1384b2d21a79bb0dce3bd0ea8e9fe6286959af33d,no
Astrology-Database/Birth-detail-collections/Charts Kala/Database/Miscellaneous/Frank Lloyd Wright.cht,Astrology-Database/Chart-Collections/Birth-detail-collections/Charts Kala/Database/Miscellaneous/Frank Lloyd Wright.cht,0cb5252c18a4201b7343767c3ebf387f13384efdfab667176ada3190b584312b,0cb5252c18a4201b7343767c3ebf387f13384efdfab667176ada3190b584312b,moved,Astrology/Chart-Collections,0cb5252c18a4201b7343767c3ebf387f13384efdfab667176ada3190b584312b,no
Astrology-Database/Birth-detail-collections/Charts Kala/Database/Miscellaneous/George Lucas.cht,Astrology-Database/Chart-Collections/Birth-detail-collections/Charts Kala/Database/Miscellaneous/George Lucas.cht,74a2a95904788eec5aa389d1ead71048a298c250f6ab0cb49ddd34a5df4e8454,74a2a95904788eec5aa389d1ead71048a298c250f6ab0cb49ddd34a5df4e8454,moved,Astrology/Chart-Collections,74a2a95904788eec5aa389d1ead71048a298c250f6ab0cb49ddd34a5df4e8454,no
Astrology-Database/Birth-detail-collections/Charts Kala/Database/Miscellaneous/Gloria Steinem.cht,Astrology-Database/Chart-Collections/Birth-detail-collections/Charts Kala/Database/Miscellaneous/Gloria Steinem.cht,e4fbdbe11efd4acf74c32cf4fd3a1c979065c472cbad74e82d7d21e35623ff7c,e4fbdbe11efd4acf74c32cf4fd3a1c979065c472cbad74e82d7d21e35623ff7c,moved,Astrology/Chart-Collections,e4fbdbe11efd4acf74c32cf4fd3a1c979065c472cbad74e82d7d21e35623ff7c,no
Astrology-Database/Birth-detail-collections/Charts Kala/Database/Miscellaneous/Gunther Gebel-Williams.cht,Astrology-Database/Chart-Collections/Birth-detail-collections/Charts Kala/Database/Miscellaneous/Gunther Gebel-Williams.cht,96f1ad87077a22331861b255ef692c3d3af39a19b0c06e720efe8ef7e0b753d6,96f1ad87077a22331861b255ef692c3d3af39a19b0c06e720efe8ef7e0b753d6,moved,Astrology/Chart-Collections,96f1ad87077a22331861b255ef692c3d3af39a19b0c06e720efe8ef7e0b753d6,no
Astrology-Database/Birth-detail-collections/Charts Kala/Database/Miscellaneous/Helen Keller.cht,Astrology-Database/Chart-Collections/Birth-detail-collections/Charts Kala/Database/Miscellaneous/Helen Keller.cht,151ac1be2ddc6c741f367de2644060268a7e49b9ec019ed4bb012a1cbcac48ca,151ac1be2ddc6c741f367de2644060268a7e49b9ec019ed4bb012a1cbcac48ca,moved,Astrology/Chart-Collections,151ac1be2ddc6c741f367de2644060268a7e49b9ec019ed4bb012a1cbcac48ca,no
Astrology-Database/Birth-detail-collections/Charts Kala/Database/Miscellaneous/Hugh Hefner.cht,Astrology-Database/Chart-Collections/Birth-detail-collections/Charts Kala/Database/Miscellaneous/Hugh Hefner.cht,caf2af76d124163ca1161779f9f5dc81c0f439e53796a1297da52b48ac283f8c,caf2af76d124163ca1161779f9f5dc81c0f439e53796a1297da52b48ac283f8c,moved,Astrology/Chart-Collections,caf2af76d124163ca1161779f9f5dc81c0f439e53796a1297da52b48ac283f8c,no
Astrology-Database/Birth-detail-collections/Charts Kala/Database/Miscellaneous/James Cook.cht,Astrology-Database/Chart-Collections/Birth-detail-collections/Charts Kala/Database/Miscellaneous/James Cook.cht,41878a9bc624b8ade7693427d9681d11bebf9b7ef06141266bb9eb5b909b5567,41878a9bc624b8ade7693427d9681d11bebf9b7ef06141266bb9eb5b909b5567,moved,Astrology/Chart-Collections,41878a9bc624b8ade7693427d9681d11bebf9b7ef06141266bb9eb5b909b5567,no
Astrology-Database/Birth-detail-collections/Charts Kala/Database/Miscellaneous/James Hoffa.cht,Astrology-Database/Chart-Collections/Birth-detail-collections/Charts Kala/Database/Miscellaneous/James Hoffa.cht,d9794897378f1c29db429152018789ffd8e188212fe4420af248493ef4161d73,d9794897378f1c29db429152018789ffd8e188212fe4420af248493ef4161d73,moved,Astrology/Chart-Collections,d9794897378f1c29db429152018789ffd8e188212fe4420af248493ef4161d73,no
Astrology-Database/Birth-detail-collections/Charts Kala/Database/Miscellaneous/Joan of Arc.cht,Astrology-Database/Chart-Collections/Birth-detail-collections/Charts Kala/Database/Miscellaneous/Joan of Arc.cht,0d26deeb79ddf90c1375a0002d763f492ef0d116e83b35d475e8b042b4dd59a2,0d26deeb79ddf90c1375a0002d763f492ef0d116e83b35d475e8b042b4dd59a2,moved,Astrology/Chart-Collections,0d26deeb79ddf90c1375a0002d763f492ef0d116e83b35d475e8b042b4dd59a2,no
Astrology-Database/Birth-detail-collections/Charts Kala/Database/Miscellaneous/John Maynard Keynes.cht,Astrology-Database/Chart-Collections/Birth-detail-collections/Charts Kala/Database/Miscellaneous/John Maynard Keynes.cht,d57d9facf95fa4f4cc45ac634b13542e267cc51eacb7e4adffa7d19b70a8c15a,d57d9facf95fa4f4cc45ac634b13542e267cc51eacb7e4adffa7d19b70a8c15a,moved,Astrology/Chart-Collections,d57d9facf95fa4f4cc45ac634b13542e267cc51eacb7e4adffa7d19b70a8c15a,no
Astrology-Database/Birth-detail-collections/Charts Kala/Database/Miscellaneous/John Nash.cht,Astrology-Database/Chart-Collections/Birth-detail-collections/Charts Kala/Database/Miscellaneous/John Nash.cht,023d7b7ae0eec58890a9c83e5ce360c49f11f5fc09269c1292dfd8e4905d6279,023d7b7ae0eec58890a9c83e5ce360c49f11f5fc09269c1292dfd8e4905d6279,moved,Astrology/Chart-Collections,023d7b7ae0eec58890a9c83e5ce360c49f11f5fc09269c1292dfd8e4905d6279,no
Astrology-Database/Birth-detail-collections/Charts Kala/Database/Miscellaneous/Josef Mengele.cht,Astrology-Database/Chart-Collections/Birth-detail-collections/Charts Kala/Database/Miscellaneous/Josef Mengele.cht,fdf6f2d9a5994260484f71c1f0e80faf4634c6e333ff563e76c83a6e1373b126,fdf6f2d9a5994260484f71c1f0e80faf4634c6e333ff563e76c83a6e1373b126,moved,Astrology/Chart-Collections,fdf6f2d9a5994260484f71c1f0e80faf4634c6e333ff563e76c83a6e1373b126,no
Astrology-Database/Birth-detail-collections/Charts Kala/Database/Miscellaneous/Kimberly Hefner.cht,Astrology-Database/Chart-Collections/Birth-detail-collections/Charts Kala/Database/Miscellaneous/Kimberly Hefner.cht,c8b4302a97aec4738abcba1d11ad09b40591eaa1185c20ad8681eeee937f09df,c8b4302a97aec4738abcba1d11ad09b40591eaa1185c20ad8681eeee937f09df,moved,Astrology/Chart-Collections,c8b4302a97aec4738abcba1d11ad09b40591eaa1185c20ad8681eeee937f09df,no
Astrology-Database/Birth-detail-collections/Charts Kala/Database/Miscellaneous/Lotery Winner.cht,Astrology-Database/Chart-Collections/Birth-detail-collections/Charts Kala/Database/Miscellaneous/Lotery Winner.cht,9181308389c890d98985b3146301e27c6d570f1cf0cd47ed2c7a7409b915f495,9181308389c890d98985b3146301e27c6d570f1cf0cd47ed2c7a7409b915f495,moved,Astrology/Chart-Collections,9181308389c890d98985b3146301e27c6d570f1cf0cd47ed2c7a7409b915f495,no
Astrology-Database/Birth-detail-collections/Charts Kala/Database/Miscellaneous/Louise Josephine Weber.cht,Astrology-Database/Chart-Collections/Birth-detail-collections/Charts Kala/Database/Miscellaneous/Louise Josephine Weber.cht,cbc269d6466719b03ff45f622bce5a0876c6aa8c6a3bfb827babf56f79437f7b,cbc269d6466719b03ff45f622bce5a0876c6aa8c6a3bfb827babf56f79437f7b,moved,Astrology/Chart-Collections,cbc269d6466719b03ff45f622bce5a0876c6aa8c6a3bfb827babf56f79437f7b,no
Astrology-Database/Birth-detail-collections/Charts Kala/Database/Miscellaneous/Marcia Moore.cht,Astrology-Database/Chart-Collections/Birth-detail-collections/Charts Kala/Database/Miscellaneous/Marcia Moore.cht,f7a72d7e9a9bdde7ae5dbe60953a8b505a1d1f49691156e65f0008f47894cbec,f7a72d7e9a9bdde7ae5dbe60953a8b505a1d1f49691156e65f0008f47894cbec,moved,Astrology/Chart-Collections,f7a72d7e9a9bdde7ae5dbe60953a8b505a1d1f49691156e65f0008f47894cbec,no
Astrology-Database/Birth-detail-collections/Charts Kala/Database/Miscellaneous/Mata Hari.cht,Astrology-Database/Chart-Collections/Birth-detail-collections/Charts Kala/Database/Miscellaneous/Mata Hari.cht,8b46889222c9fe9920a4aeaed069e7a7a55c42bad21b83f45f6b4b9f8d7c5bd4,8b46889222c9fe9920a4aeaed069e7a7a55c42bad21b83f45f6b4b9f8d7c5bd4,moved,Astrology/Chart-Collections,8b46889222c9fe9920a4aeaed069e7a7a55c42bad21b83f45f6b4b9f8d7c5bd4,no
"Astrology-Database/Birth-detail-collections/Charts Kala/Database/Miscellaneous/McKay-Clements, John.cht","Astrology-Database/Chart-Collections/Birth-detail-collections/Charts Kala/Database/Miscellaneous/McKay-Clements, John.cht",685dc7e8cba668720d93d549a9363e26e4219a2668911576f24e090da01c0214,685dc7e8cba668720d93d549a9363e26e4219a2668911576f24e090da01c0214,moved,Astrology/Chart-Collections,685dc7e8cba668720d93d549a9363e26e4219a2668911576f24e090da01c0214,no
Astrology-Database/Birth-detail-collections/Charts Kala/Database/Miscellaneous/Melvin Belli.cht,Astrology-Database/Chart-Collections/Birth-detail-collections/Charts Kala/Database/Miscellaneous/Melvin Belli.cht,be3114a829a55e21be0ef1fda83bba3ff666bc834ed9ac11632b1982b9bb8d37,be3114a829a55e21be0ef1fda83bba3ff666bc834ed9ac11632b1982b9bb8d37,moved,Astrology/Chart-Collections,be3114a829a55e21be0ef1fda83bba3ff666bc834ed9ac11632b1982b9bb8d37,no
Astrology-Database/Birth-detail-collections/Charts Kala/Database/Miscellaneous/Michael Bennet.cht,Astrology-Database/Chart-Collections/Birth-detail-collections/Charts Kala/Database/Miscellaneous/Michael Bennet.cht,f7bd79a0342d2fbecd7e16d93a08cb106a5a4b74214f6ab27f38534346b55ce6,f7bd79a0342d2fbecd7e16d93a08cb106a5a4b74214f6ab27f38534346b55ce6,moved,Astrology/Chart-Collections,f7bd79a0342d2fbecd7e16d93a08cb106a5a4b74214f6ab27f38534346b55ce6,no
Astrology-Database/Birth-detail-collections/Charts Kala/Database/Miscellaneous/Michael London.cht,Astrology-Database/Chart-Collections/Birth-detail-collections/Charts Kala/Database/Miscellaneous/Michael London.cht,1b6bf8c276726429c5e7f34d670ed6f8f04cde7defba17e0936e454f1697c385,1b6bf8c276726429c5e7f34d670ed6f8f04cde7defba17e0936e454f1697c385,moved,Astrology/Chart-Collections,1b6bf8c276726429c5e7f34d670ed6f8f04cde7defba17e0936e454f1697c385,no
Astrology-Database/Birth-detail-collections/Charts Kala/Database/Miscellaneous/Milton Erickson.cht,Astrology-Database/Chart-Collections/Birth-detail-collections/Charts Kala/Database/Miscellaneous/Milton Erickson.cht,7bf1b82725eac1f8e2b683662301ba02d28c444677e9820b9c5534b7304af91e,7bf1b82725eac1f8e2b683662301ba02d28c444677e9820b9c5534b7304af91e,moved,Astrology/Chart-Collections,7bf1b82725eac1f8e2b683662301ba02d28c444677e9820b9c5534b7304af91e,no
Astrology-Database/Birth-detail-collections/Charts Kala/Database/Miscellaneous/Monica Lewinsky.cht,Astrology-Database/Chart-Collections/Birth-detail-collections/Charts Kala/Database/Miscellaneous/Monica Lewinsky.cht,44203dc21018f2ae62c659703668e38e82a9b77bb7f5b5943ac0ae5d6646297b,44203dc21018f2ae62c659703668e38e82a9b77bb7f5b5943ac0ae5d6646297b,moved,Astrology/Chart-Collections,44203dc21018f2ae62c659703668e38e82a9b77bb7f5b5943ac0ae5d6646297b,no
Astrology-Database/Birth-detail-collections/Charts Kala/Database/Miscellaneous/Oprah Winfrey.cht,Astrology-Database/Chart-Collections/Birth-detail-collections/Charts Kala/Database/Miscellaneous/Oprah Winfrey.cht,11b9813b82dd4ccbc74b5bdfb566d7b3ecf96383de75152100a7cc8bb5c22d25,11b9813b82dd4ccbc74b5bdfb566d7b3ecf96383de75152100a7cc8bb5c22d25,moved,Astrology/Chart-Collections,11b9813b82dd4ccbc74b5bdfb566d7b3ecf96383de75152100a7cc8bb5c22d25,no
Astrology-Database/Birth-detail-collections/Charts Kala/Database/Miscellaneous/Paul Revere.cht,Astrology-Database/Chart-Collections/Birth-detail-collections/Charts Kala/Database/Miscellaneous/Paul Revere.cht,e86fb299af92f33e373426987ed792e293cc8e0db581992f8303bde05db34af3,e86fb299af92f33e373426987ed792e293cc8e0db581992f8303bde05db34af3,moved,Astrology/Chart-Collections,e86fb299af92f33e373426987ed792e293cc8e0db581992f8303bde05db34af3,no
Astrology-Database/Birth-detail-collections/Charts Kala/Database/Miscellaneous/Plumber 2.cht,Astrology-Database/Chart-Collections/Birth-detail-collections/Charts Kala/Database/Miscellaneous/Plumber 2.cht,2006863ec75affbf08150dfbc132dc1134fa7b66565f27da3f6aae75840e22b6,2006863ec75affbf08150dfbc132dc1134fa7b66565f27da3f6aae75840e22b6,moved,Astrology/Chart-Collections,2006863ec75affbf08150dfbc132dc1134fa7b66565f27da3f6aae75840e22b6,no
Astrology-Database/Birth-detail-collections/Charts Kala/Database/Miscellaneous/Plumber.cht,Astrology-Database/Chart-Collections/Birth-detail-collections/Charts Kala/Database/Miscellaneous/Plumber.cht,029a6fe24f3a2150ea7bc91de4b2a832c7b6c15dc9db41ba472596a98e0d673d,029a6fe24f3a2150ea7bc91de4b2a832c7b6c15dc9db41ba472596a98e0d673d,moved,Astrology/Chart-Collections,029a6fe24f3a2150ea7bc91de4b2a832c7b6c15dc9db41ba472596a98e0d673d,no
Astrology-Database/Birth-detail-collections/Charts Kala/Database/Miscellaneous/Richard Carpenter.cht,Astrology-Database/Chart-Collections/Birth-detail-collections/Charts Kala/Database/Miscellaneous/Richard Carpenter.cht,01294599daa302025cdb73f71e3683b6b17ed556c783451189627f7eed0880bf,01294599daa302025cdb73f71e3683b6b17ed556c783451189627f7eed0880bf,moved,Astrology/Chart-Collections,01294599daa302025cdb73f71e3683b6b17ed556c783451189627f7eed0880bf,no
Astrology-Database/Birth-detail-collections/Charts Kala/Database/Miscellaneous/Samuel Goldwyn.cht,Astrology-Database/Chart-Collections/Birth-detail-collections/Charts Kala/Database/Miscellaneous/Samuel Goldwyn.cht,b0eb4deddac201d3448b1bb07a7e2a843a67c630e441ccafb7d16501b1401a1d,b0eb4deddac201d3448b1bb07a7e2a843a67c630e441ccafb7d16501b1401a1d,moved,Astrology/Chart-Collections,b0eb4deddac201d3448b1bb07a7e2a843a67c630e441ccafb7d16501b1401a1d,no
Astrology-Database/Birth-detail-collections/Charts Kala/Database/Miscellaneous/Shiloh Nouvel Jolie-Pitt.cht,Astrology-Database/Chart-Collections/Birth-detail-collections/Charts Kala/Database/Miscellaneous/Shiloh Nouvel Jolie-Pitt.cht,b1b68222978a81b719b3c1ca15ea4008bb57b45f5204e37ff23ae79d401b72e5,b1b68222978a81b719b3c1ca15ea4008bb57b45f5204e37ff23ae79d401b72e5,moved,Astrology/Chart-Collections,b1b68222978a81b719b3c1ca15ea4008bb57b45f5204e37ff23ae79d401b72e5,no
"Astrology-Database/Birth-detail-collections/Charts Kala/Database/Miscellaneous/Stein, Zane.cht","Astrology-Database/Chart-Collections/Birth-detail-collections/Charts Kala/Database/Miscellaneous/Stein, Zane.cht",5bd4538a82624b34ea479a24a411f508031b388929e83a8fa9d5ce0a894a946f,5bd4538a82624b34ea479a24a411f508031b388929e83a8fa9d5ce0a894a946f,moved,Astrology/Chart-Collections,5bd4538a82624b34ea479a24a411f508031b388929e83a8fa9d5ce0a894a946f,no
Astrology-Database/Birth-detail-collections/Charts Kala/Database/Miscellaneous/Steven Spielberg.cht,Astrology-Database/Chart-Collections/Birth-detail-collections/Charts Kala/Database/Miscellaneous/Steven Spielberg.cht,439d1ff0d0cd212c08ad8b4fa326d693011b5a09eb8c2e83e7a406752a636c84,439d1ff0d0cd212c08ad8b4fa326d693011b5a09eb8c2e83e7a406752a636c84,moved,Astrology/Chart-Collections,439d1ff0d0cd212c08ad8b4fa326d693011b5a09eb8c2e83e7a406752a636c84,no
Astrology-Database/Birth-detail-collections/Charts Kala/Database/Miscellaneous/TE Lawrence.cht,Astrology-Database/Chart-Collections/Birth-detail-collections/Charts Kala/Database/Miscellaneous/TE Lawrence.cht,36fb44ee6ac8da961342e058bde36a927d5b3957168e5a13c92f43fe41d5290d,36fb44ee6ac8da961342e058bde36a927d5b3957168e5a13c92f43fe41d5290d,moved,Astrology/Chart-Collections,36fb44ee6ac8da961342e058bde36a927d5b3957168e5a13c92f43fe41d5290d,no
Astrology-Database/Birth-detail-collections/Charts Kala/Database/Miscellaneous/Ted Turner.cht,Astrology-Database/Chart-Collections/Birth-detail-collections/Charts Kala/Database/Miscellaneous/Ted Turner.cht,540d7a66adf35e0021dce025821699716ffb001d3c3962146d0de2afd29ac33e,540d7a66adf35e0021dce025821699716ffb001d3c3962146d0de2afd29ac33e,moved,Astrology/Chart-Collections,540d7a66adf35e0021dce025821699716ffb001d3c3962146d0de2afd29ac33e,no
Astrology-Database/Birth-detail-collections/Charts Kala/Database/Miscellaneous/Thomas Lowell.cht,Astrology-Database/Chart-Collections/Birth-detail-collections/Charts Kala/Database/Miscellaneous/Thomas Lowell.cht,b36ce33839096706cb88fc629e9e62bc635fd009dd22e9d34631b4c8e80cf98a,b36ce33839096706cb88fc629e9e62bc635fd009dd22e9d34631b4c8e80cf98a,moved,Astrology/Chart-Collections,b36ce33839096706cb88fc629e9e62bc635fd009dd22e9d34631b4c8e80cf98a,no
Astrology-Database/Birth-detail-collections/Charts Kala/Database/Miscellaneous/Tokyo Rose.cht,Astrology-Database/Chart-Collections/Birth-detail-collections/Charts Kala/Database/Miscellaneous/Tokyo Rose.cht,2b497e82b6cd5531264f88e96667e08f954e62e90ee2370ee171182733089302,2b497e82b6cd5531264f88e96667e08f954e62e90ee2370ee171182733089302,moved,Astrology/Chart-Collections,2b497e82b6cd5531264f88e96667e08f954e62e90ee2370ee171182733089302,no
Astrology-Database/Birth-detail-collections/Charts Kala/Database/Miscellaneous/Twins_identical girls.cht,Astrology-Database/Chart-Collections/Birth-detail-collections/Charts Kala/Database/Miscellaneous/Twins_identical girls.cht,efcf923c928e84a3102e02060e8854d740d66811d8987264b9bbfbf5a4442783,efcf923c928e84a3102e02060e8854d740d66811d8987264b9bbfbf5a4442783,moved,Astrology/Chart-Collections,efcf923c928e84a3102e02060e8854d740d66811d8987264b9bbfbf5a4442783,no
Astrology-Database/Birth-detail-collections/Charts Kala/Database/Miscellaneous/Walt Disney.cht,Astrology-Database/Chart-Collections/Birth-detail-collections/Charts Kala/Database/Miscellaneous/Walt Disney.cht,3e474bcabbed67a078ffd8b73ad4ad967cd9bcbfbddced3117c55ae43cf9d048,3e474bcabbed67a078ffd8b73ad4ad967cd9bcbfbddced3117c55ae43cf9d048,moved,Astrology/Chart-Collections,3e474bcabbed67a078ffd8b73ad4ad967cd9bcbfbddced3117c55ae43cf9d048,no
Astrology-Database/Birth-detail-collections/Charts Kala/Database/Miscellaneous/Walter Reuther.cht,Astrology-Database/Chart-Collections/Birth-detail-collections/Charts Kala/Database/Miscellaneous/Walter Reuther.cht,9eb8ca8a990d5c7623662446ef27f17bb3aed976fd38eec5a60bfe627429a072,9eb8ca8a990d5c7623662446ef27f17bb3aed976fd38eec5a60bfe627429a072,moved,Astrology/Chart-Collections,9eb8ca8a990d5c7623662446ef27f17bb3aed976fd38eec5a60bfe627429a072,no
Astrology-Database/Birth-detail-collections/Charts Kala/Database/Miscellaneous/William Butler Hickok.cht,Astrology-Database/Chart-Collections/Birth-detail-collections/Charts Kala/Database/Miscellaneous/William Butler Hickok.cht,939fca0b53a3787fa628be964529f5fa803b1a708f1aafaf43d0ea5bb8ce332a,939fca0b53a3787fa628be964529f5fa803b1a708f1aafaf43d0ea5bb8ce332a,moved,Astrology/Chart-Collections,939fca0b53a3787fa628be964529f5fa803b1a708f1aafaf43d0ea5bb8ce332a,no
Astrology-Database/Birth-detail-collections/Charts Kala/Database/Muhurtas/Callenger Shuttle Crash.cht,Astrology-Database/Chart-Collections/Birth-detail-collections/Charts Kala/Database/Muhurtas/Callenger Shuttle Crash.cht,ac0c0e1c18439a53be85409cdd15be041d22917d2c8a3b2b77745f2d244cc964,ac0c0e1c18439a53be85409cdd15be041d22917d2c8a3b2b77745f2d244cc964,moved,Astrology/Chart-Collections,ac0c0e1c18439a53be85409cdd15be041d22917d2c8a3b2b77745f2d244cc964,no
Astrology-Database/Birth-detail-collections/Charts Kala/Database/Muhurtas/Columbia first flight.cht,Astrology-Database/Chart-Collections/Birth-detail-collections/Charts Kala/Database/Muhurtas/Columbia first flight.cht,1cbef01d2fc195909b05cafd0ad63acfbe5e569a44a9aaa25ef78853f8bb612f,1cbef01d2fc195909b05cafd0ad63acfbe5e569a44a9aaa25ef78853f8bb612f,moved,Astrology/Chart-Collections,1cbef01d2fc195909b05cafd0ad63acfbe5e569a44a9aaa25ef78853f8bb612f,no
Astrology-Database/Birth-detail-collections/Charts Kala/Database/Muhurtas/Columbia Shuttle Crash.cht,Astrology-Database/Chart-Collections/Birth-detail-collections/Charts Kala/Database/Muhurtas/Columbia Shuttle Crash.cht,0fb59d15e384833d50fa529174483b9c90f7432634fd8b0fbf200b0d74f04256,0fb59d15e384833d50fa529174483b9c90f7432634fd8b0fbf200b0d74f04256,moved,Astrology/Chart-Collections,0fb59d15e384833d50fa529174483b9c90f7432634fd8b0fbf200b0d74f04256,no
Astrology-Database/Birth-detail-collections/Charts Kala/Database/Muhurtas/Spirit of Saint Louis Take off.cht,Astrology-Database/Chart-Collections/Birth-detail-collections/Charts Kala/Database/Muhurtas/Spirit of Saint Louis Take off.cht,25fee76d805e67fcddfda45732576b57dac4901a075d05e2422fe44b9d0e361f,25fee76d805e67fcddfda45732576b57dac4901a075d05e2422fe44b9d0e361f,moved,Astrology/Chart-Collections,25fee76d805e67fcddfda45732576b57dac4901a075d05e2422fe44b9d0e361f,no
Astrology-Database/Birth-detail-collections/Charts Kala/Database/Muhurtas/Titanic.cht,Astrology-Database/Chart-Collections/Birth-detail-collections/Charts Kala/Database/Muhurtas/Titanic.cht,76cbc9150fe5f8629eb06310b4b2fff148748658aa2d9bb708dc64100df2af64,76cbc9150fe5f8629eb06310b4b2fff148748658aa2d9bb708dc64100df2af64,moved,Astrology/Chart-Collections,76cbc9150fe5f8629eb06310b4b2fff148748658aa2d9bb708dc64100df2af64,no
Astrology-Database/Birth-detail-collections/Charts Kala/Database/Musicians/Amelia Earhart.cht,Astrology-Database/Chart-Collections/Birth-detail-collections/Charts Kala/Database/Musicians/Amelia Earhart.cht,5964caa6dd8d7af3d1d354d7a61b623b7a72bfe7c7983009092051cf384085e1,5964caa6dd8d7af3d1d354d7a61b623b7a72bfe7c7983009092051cf384085e1,moved,Astrology/Chart-Collections,5964caa6dd8d7af3d1d354d7a61b623b7a72bfe7c7983009092051cf384085e1,no
Astrology-Database/Birth-detail-collections/Charts Kala/Database/Musicians/Anita Bryant.cht,Astrology-Database/Chart-Collections/Birth-detail-collections/Charts Kala/Database/Musicians/Anita Bryant.cht,88e27162041996980e1c888dcf70b471ab56660d10df00a7ff1d1f98d7c8ad3b,88e27162041996980e1c888dcf70b471ab56660d10df00a7ff1d1f98d7c8ad3b,moved,Astrology/Chart-Collections,88e27162041996980e1c888dcf70b471ab56660d10df00a7ff1d1f98d7c8ad3b,no
Astrology-Database/Birth-detail-collections/Charts Kala/Database/Musicians/Anton Bruckner.cht,Astrology-Database/Chart-Collections/Birth-detail-collections/Charts Kala/Database/Musicians/Anton Bruckner.cht,e89678f75cddc829eddc1727c3e5b3061e3773ff2befb6079bf800caa42fc401,e89678f75cddc829eddc1727c3e5b3061e3773ff2befb6079bf800caa42fc401,moved,Astrology/Chart-Collections,e89678f75cddc829eddc1727c3e5b3061e3773ff2befb6079bf800caa42fc401,no
Astrology-Database/Birth-detail-collections/Charts Kala/Database/Musicians/Barbara Mandrell.cht,Astrology-Database/Chart-Collections/Birth-detail-collections/Charts Kala/Database/Musicians/Barbara Mandrell.cht,5ce01f21fb8044820e2f7201566943418f7e58c8056d144a541fe9b8cdf30405,5ce01f21fb8044820e2f7201566943418f7e58c8056d144a541fe9b8cdf30405,moved,Astrology/Chart-Collections,5ce01f21fb8044820e2f7201566943418f7e58c8056d144a541fe9b8cdf30405,no
Astrology-Database/Birth-detail-collections/Charts Kala/Database/Musicians/Barbara Streisand.cht,Astrology-Database/Chart-Collections/Birth-detail-collections/Charts Kala/Database/Musicians/Barbara Streisand.cht,3a0364602021b63977a5155ab2860f70a1de6e5b748dd4b2a9454997393be93a,3a0364602021b63977a5155ab2860f70a1de6e5b748dd4b2a9454997393be93a,moved,Astrology/Chart-Collections,3a0364602021b63977a5155ab2860f70a1de6e5b748dd4b2a9454997393be93a,no
Astrology-Database/Birth-detail-collections/Charts Kala/Database/Musicians/Barry Manilow.cht,Astrology-Database/Chart-Collections/Birth-detail-collections/Charts Kala/Database/Musicians/Barry Manilow.cht,fac360d5b781bc7c245a0e3a88ba6940c0eb7c8c843ff677dc40e4d87144b4d1,fac360d5b781bc7c245a0e3a88ba6940c0eb7c8c843ff677dc40e4d87144b4d1,moved,Astrology/Chart-Collections,fac360d5b781bc7c245a0e3a88ba6940c0eb7c8c843ff677dc40e4d87144b4d1,no
Astrology-Database/Birth-detail-collections/Charts Kala/Database/Musicians/Beethoven.cht,Astrology-Database/Chart-Collections/Birth-detail-collections/Charts Kala/Database/Musicians/Beethoven.cht,413d49406b58f33fcbf4df384d1d50690866218837a2476bf2d856be786f60fd,413d49406b58f33fcbf4df384d1d50690866218837a2476bf2d856be786f60fd,moved,Astrology/Chart-Collections,413d49406b58f33fcbf4df384d1d50690866218837a2476bf2d856be786f60fd,no
Astrology-Database/Birth-detail-collections/Charts Kala/Database/Musicians/Billy Joel.cht,Astrology-Database/Chart-Collections/Birth-detail-collections/Charts Kala/Database/Musicians/Billy Joel.cht,6fd2e9093189728512df43372801d55596763cd23b433cca73b5ea3bdd518ade,6fd2e9093189728512df43372801d55596763cd23b433cca73b5ea3bdd518ade,moved,Astrology/Chart-Collections,6fd2e9093189728512df43372801d55596763cd23b433cca73b5ea3bdd518ade,no
Astrology-Database/Birth-detail-collections/Charts Kala/Database/Musicians/Bob Dylan.cht,Astrology-Database/Chart-Collections/Birth-detail-collections/Charts Kala/Database/Musicians/Bob Dylan.cht,c5012bab492e4ea40f3e3df30c9d38e7833d07f9ab593f50e7cd34a0915ea46e,c5012bab492e4ea40f3e3df30c9d38e7833d07f9ab593f50e7cd34a0915ea46e,moved,Astrology/Chart-Collections,c5012bab492e4ea40f3e3df30c9d38e7833d07f9ab593f50e7cd34a0915ea46e,no
Astrology-Database/Birth-detail-collections/Charts Kala/Database/Musicians/Buddy Holly.cht,Astrology-Database/Chart-Collections/Birth-detail-collections/Charts Kala/Database/Musicians/Buddy Holly.cht,4d67f5207d8aee9c1ea3bffd044c5fffde856cf391f9698c515be993075021e8,4d67f5207d8aee9c1ea3bffd044c5fffde856cf391f9698c515be993075021e8,moved,Astrology/Chart-Collections,4d67f5207d8aee9c1ea3bffd044c5fffde856cf391f9698c515be993075021e8,no
"Astrology-Database/Birth-detail-collections/Charts Kala/Database/Musicians/Cash, Johnny.cht","Astrology-Database/Chart-Collections/Birth-detail-collections/Charts Kala/Database/Musicians/Cash, Johnny.cht",c4e38cd267122c68cac5bd5aea175d7345362d2315204108afa4c9a32915a4df,c4e38cd267122c68cac5bd5aea175d7345362d2315204108afa4c9a32915a4df,moved,Astrology/Chart-Collections,c4e38cd267122c68cac5bd5aea175d7345362d2315204108afa4c9a32915a4df,no
Astrology-Database/Birth-detail-collections/Charts Kala/Database/Musicians/Catherine Norton.cht,Astrology-Database/Chart-Collections/Birth-detail-collections/Charts Kala/Database/Musicians/Catherine Norton.cht,14519808b246b64edc1ab29a7f44c59ac03c31918de00cebe412ea55ca88a963,14519808b246b64edc1ab29a7f44c59ac03c31918de00cebe412ea55ca88a963,moved,Astrology/Chart-Collections,14519808b246b64edc1ab29a7f44c59ac03c31918de00cebe412ea55ca88a963,no
Astrology-Database/Birth-detail-collections/Charts Kala/Database/Musicians/Chuck Berry.cht,Astrology-Database/Chart-Collections/Birth-detail-collections/Charts Kala/Database/Musicians/Chuck Berry.cht,fe740386ba10f0d016d703190ad9d4000025ae2fae95d783cdb22e6511032427,fe740386ba10f0d016d703190ad9d4000025ae2fae95d783cdb22e6511032427,moved,Astrology/Chart-Collections,fe740386ba10f0d016d703190ad9d4000025ae2fae95d783cdb22e6511032427,no
Astrology-Database/Birth-detail-collections/Charts Kala/Database/Musicians/Diane Ross.cht,Astrology-Database/Chart-Collections/Birth-detail-collections/Charts Kala/Database/Musicians/Diane Ross.cht,c0ffdfd8b93f70df8be1dddfac9a2e3a886c4ca243d45c7dbfc97d09ce67df39,c0ffdfd8b93f70df8be1dddfac9a2e3a886c4ca243d45c7dbfc97d09ce67df39,moved,Astrology/Chart-Collections,c0ffdfd8b93f70df8be1dddfac9a2e3a886c4ca243d45c7dbfc97d09ce67df39,no
Astrology-Database/Birth-detail-collections/Charts Kala/Database/Musicians/Dona Lewis.cht,Astrology-Database/Chart-Collections/Birth-detail-collections/Charts Kala/Database/Musicians/Dona Lewis.cht,d5156d52fc3fb6988e2102bc627c67528efe2b82ace00b1dbce41f73e97ad221,d5156d52fc3fb6988e2102bc627c67528efe2b82ace00b1dbce41f73e97ad221,moved,Astrology/Chart-Collections,d5156d52fc3fb6988e2102bc627c67528efe2b82ace00b1dbce41f73e97ad221,no
Astrology-Database/Birth-detail-collections/Charts Kala/Database/Musicians/Elton John.cht,Astrology-Database/Chart-Collections/Birth-detail-collections/Charts Kala/Database/Musicians/Elton John.cht,01e1a602e1678e87e7dbb37aafb98b6c91d2393adc3f08aa833a8f54303e2734,01e1a602e1678e87e7dbb37aafb98b6c91d2393adc3f08aa833a8f54303e2734,moved,Astrology/Chart-Collections,01e1a602e1678e87e7dbb37aafb98b6c91d2393adc3f08aa833a8f54303e2734,no
Astrology-Database/Birth-detail-collections/Charts Kala/Database/Musicians/Elvis Presley.cht,Astrology-Database/Chart-Collections/Birth-detail-collections/Charts Kala/Database/Musicians/Elvis Presley.cht,9a4030db3031e9697224536188ee1af9b2e0638fedfc6347ec7734f7bc938587,9a4030db3031e9697224536188ee1af9b2e0638fedfc6347ec7734f7bc938587,moved,Astrology/Chart-Collections,9a4030db3031e9697224536188ee1af9b2e0638fedfc6347ec7734f7bc938587,no
Astrology-Database/Birth-detail-collections/Charts Kala/Database/Musicians/George Gershwin.cht,Astrology-Database/Chart-Collections/Birth-detail-collections/Charts Kala/Database/Musicians/George Gershwin.cht,a968396438cec0ed736bd0cb02cccb2718d43d4941a330af06821fdd038a36d9,a968396438cec0ed736bd0cb02cccb2718d43d4941a330af06821fdd038a36d9,moved,Astrology/Chart-Collections,a968396438cec0ed736bd0cb02cccb2718d43d4941a330af06821fdd038a36d9,no
Astrology-Database/Birth-detail-collections/Charts Kala/Database/Musicians/Jack Jones.cht,Astrology-Database/Chart-Collections/Birth-detail-collections/Charts Kala/Database/Musicians/Jack Jones.cht,d3bacf45312f8ae8c67a746741c521dcf3edce78852fe84aa6b24a1fe244b54f,d3bacf45312f8ae8c67a746741c521dcf3edce78852fe84aa6b24a1fe244b54f,moved,Astrology/Chart-Collections,d3bacf45312f8ae8c67a746741c521dcf3edce78852fe84aa6b24a1fe244b54f,no
Astrology-Database/Birth-detail-collections/Charts Kala/Database/Musicians/Janis Joplin.cht,Astrology-Database/Chart-Collections/Birth-detail-collections/Charts Kala/Database/Musicians/Janis Joplin.cht,7c1afd39682eb9e661808779b3e5690001283117742087566ca7a8ef2bab920f,7c1afd39682eb9e661808779b3e5690001283117742087566ca7a8ef2bab920f,moved,Astrology/Chart-Collections,7c1afd39682eb9e661808779b3e5690001283117742087566ca7a8ef2bab920f,no
Astrology-Database/Birth-detail-collections/Charts Kala/Database/Musicians/Jenny LInd.cht,Astrology-Database/Chart-Collections/Birth-detail-collections/Charts Kala/Database/Musicians/Jenny LInd.cht,795c62dc53205242ba80f56e3f864309138e4d49e3b527cf05411704c62e7ab4,795c62dc53205242ba80f56e3f864309138e4d49e3b527cf05411704c62e7ab4,moved,Astrology/Chart-Collections,795c62dc53205242ba80f56e3f864309138e4d49e3b527cf05411704c62e7ab4,no
Astrology-Database/Birth-detail-collections/Charts Kala/Database/Musicians/Jim Morrison.cht,Astrology-Database/Chart-Collections/Birth-detail-collections/Charts Kala/Database/Musicians/Jim Morrison.cht,e883c229f6aa192f1775420a24b6f203369fce3eedfe623c605d96a0c77b1038,e883c229f6aa192f1775420a24b6f203369fce3eedfe623c605d96a0c77b1038,moved,Astrology/Chart-Collections,e883c229f6aa192f1775420a24b6f203369fce3eedfe623c605d96a0c77b1038,no
Astrology-Database/Birth-detail-collections/Charts Kala/Database/Musicians/John Lennon.cht,Astrology-Database/Chart-Collections/Birth-detail-collections/Charts Kala/Database/Musicians/John Lennon.cht,ca86776396087230b5612ecb4d941860109c01ae369331262d1171367202963c,ca86776396087230b5612ecb4d941860109c01ae369331262d1171367202963c,moved,Astrology/Chart-Collections,ca86776396087230b5612ecb4d941860109c01ae369331262d1171367202963c,no
Astrology-Database/Birth-detail-collections/Charts Kala/Database/Musicians/Kenny Rogers.cht,Astrology-Database/Chart-Collections/Birth-detail-collections/Charts Kala/Database/Musicians/Kenny Rogers.cht,4702cb3d25a63cca628c3cfa6715ab7695e41256c00c9e2dd78917d1f51bf23f,4702cb3d25a63cca628c3cfa6715ab7695e41256c00c9e2dd78917d1f51bf23f,moved,Astrology/Chart-Collections,4702cb3d25a63cca628c3cfa6715ab7695e41256c00c9e2dd78917d1f51bf23f,no
Astrology-Database/Birth-detail-collections/Charts Kala/Database/Musicians/Liberace.cht,Astrology-Database/Chart-Collections/Birth-detail-collections/Charts Kala/Database/Musicians/Liberace.cht,01a33a76c67c4c1b230f3aaab2830b755fe9196ef0f1d38a029545d60356fa53,01a33a76c67c4c1b230f3aaab2830b755fe9196ef0f1d38a029545d60356fa53,moved,Astrology/Chart-Collections,01a33a76c67c4c1b230f3aaab2830b755fe9196ef0f1d38a029545d60356fa53,no
Astrology-Database/Birth-detail-collections/Charts Kala/Database/Musicians/Luigi Boccherini.cht,Astrology-Database/Chart-Collections/Birth-detail-collections/Charts Kala/Database/Musicians/Luigi Boccherini.cht,b92818fff0cbcb3c872ef263e0785e48490c990116b9cbe519419737535c65ed,b92818fff0cbcb3c872ef263e0785e48490c990116b9cbe519419737535c65ed,moved,Astrology/Chart-Collections,b92818fff0cbcb3c872ef263e0785e48490c990116b9cbe519419737535c65ed,no
Astrology-Database/Birth-detail-collections/Charts Kala/Database/Musicians/Madonna.cht,Astrology-Database/Chart-Collections/Birth-detail-collections/Charts Kala/Database/Musicians/Madonna.cht,c2414959029d7ae69817e49f4c13d0794c03737fe8172fc4f0395ac6d56521bc,c2414959029d7ae69817e49f4c13d0794c03737fe8172fc4f0395ac6d56521bc,moved,Astrology/Chart-Collections,c2414959029d7ae69817e49f4c13d0794c03737fe8172fc4f0395ac6d56521bc,no
Astrology-Database/Birth-detail-collections/Charts Kala/Database/Musicians/Marilyn Manson.cht,Astrology-Database/Chart-Collections/Birth-detail-collections/Charts Kala/Database/Musicians/Marilyn Manson.cht,ba4d124a5e7dc2b8bf39cec9ca99e968b2397ddf5bcd8cebb501050b13660bde,ba4d124a5e7dc2b8bf39cec9ca99e968b2397ddf5bcd8cebb501050b13660bde,moved,Astrology/Chart-Collections,ba4d124a5e7dc2b8bf39cec9ca99e968b2397ddf5bcd8cebb501050b13660bde,no
Astrology-Database/Birth-detail-collections/Charts Kala/Database/Musicians/MIchael Jackson.cht,Astrology-Database/Chart-Collections/Birth-detail-collections/Charts Kala/Database/Musicians/MIchael Jackson.cht,5dd0ffef4933ed1a9c3302aaadfe9a66dfe04ce47e6d3563201fb19fa7269e04,5dd0ffef4933ed1a9c3302aaadfe9a66dfe04ce47e6d3563201fb19fa7269e04,moved,Astrology/Chart-Collections,5dd0ffef4933ed1a9c3302aaadfe9a66dfe04ce47e6d3563201fb19fa7269e04,no
Astrology-Database/Birth-detail-collections/Charts Kala/Database/Musicians/Micheal Nesmith.cht,Astrology-Database/Chart-Collections/Birth-detail-collections/Charts Kala/Database/Musicians/Micheal Nesmith.cht,dd42fb86a699fae4dc2fdf82c100edb1d7795cdb9e01dc92d16a0050111d9c49,dd42fb86a699fae4dc2fdf82c100edb1d7795cdb9e01dc92d16a0050111d9c49,moved,Astrology/Chart-Collections,dd42fb86a699fae4dc2fdf82c100edb1d7795cdb9e01dc92d16a0050111d9c49,no
Astrology-Database/Birth-detail-collections/Charts Kala/Database/Musicians/Miles Davis.cht,Astrology-Database/Chart-Collections/Birth-detail-collections/Charts Kala/Database/Musicians/Miles Davis.cht,7faf8c5569d98a5a7fe8a8c1f90eca4fdda9e28137261abc73a705a9f0ad49ff,7faf8c5569d98a5a7fe8a8c1f90eca4fdda9e28137261abc73a705a9f0ad49ff,moved,Astrology/Chart-Collections,7faf8c5569d98a5a7fe8a8c1f90eca4fdda9e28137261abc73a705a9f0ad49ff,no
"Astrology-Database/Birth-detail-collections/Charts Kala/Database/Musicians/Nicks, Stevie.cht","Astrology-Database/Chart-Collections/Birth-detail-collections/Charts Kala/Database/Musicians/Nicks, Stevie.cht",1c13557ac5aba065b578b3ccf4a66d5d015bc8252acf996abb8edb657f0cc019,1c13557ac5aba065b578b3ccf4a66d5d015bc8252acf996abb8edb657f0cc019,moved,Astrology/Chart-Collections,1c13557ac5aba065b578b3ccf4a66d5d015bc8252acf996abb8edb657f0cc019,no
Astrology-Database/Birth-detail-collections/Charts Kala/Database/Musicians/Olivia Newton-John.cht,Astrology-Database/Chart-Collections/Birth-detail-collections/Charts Kala/Database/Musicians/Olivia Newton-John.cht,a73032a146e46dfceb78826fa21a2ca7c3b5004bfe13da9c02438659978a6f97,a73032a146e46dfceb78826fa21a2ca7c3b5004bfe13da9c02438659978a6f97,moved,Astrology/Chart-Collections,a73032a146e46dfceb78826fa21a2ca7c3b5004bfe13da9c02438659978a6f97,no
Astrology-Database/Birth-detail-collections/Charts Kala/Database/Musicians/Paul McCartney.cht,Astrology-Database/Chart-Collections/Birth-detail-collections/Charts Kala/Database/Musicians/Paul McCartney.cht,9413bec9c05418a6fe320ae35297fef6095b1dc88c9e9647424fa0ca5e353813,9413bec9c05418a6fe320ae35297fef6095b1dc88c9e9647424fa0ca5e353813,moved,Astrology/Chart-Collections,9413bec9c05418a6fe320ae35297fef6095b1dc88c9e9647424fa0ca5e353813,no
Astrology-Database/Birth-detail-collections/Charts Kala/Database/Musicians/Paul Simon.cht,Astrology-Database/Chart-Collections/Birth-detail-collections/Charts Kala/Database/Musicians/Paul Simon.cht,a47cc452a35416246370d2f5eb0e6cfe221c70a8f486dc992df6307e8aea6c7b,a47cc452a35416246370d2f5eb0e6cfe221c70a8f486dc992df6307e8aea6c7b,moved,Astrology/Chart-Collections,a47cc452a35416246370d2f5eb0e6cfe221c70a8f486dc992df6307e8aea6c7b,no
Astrology-Database/Birth-detail-collections/Charts Kala/Database/Musicians/Peter Gabriel.cht,Astrology-Database/Chart-Collections/Birth-detail-collections/Charts Kala/Database/Musicians/Peter Gabriel.cht,5cacd7371645e8c8b1ca26e5e8b3fa5e8768288b1f020d189fba6605a91b4439,5cacd7371645e8c8b1ca26e5e8b3fa5e8768288b1f020d189fba6605a91b4439,moved,Astrology/Chart-Collections,5cacd7371645e8c8b1ca26e5e8b3fa5e8768288b1f020d189fba6605a91b4439,no
Astrology-Database/Birth-detail-collections/Charts Kala/Database/Musicians/Prince.cht,Astrology-Database/Chart-Collections/Birth-detail-collections/Charts Kala/Database/Musicians/Prince.cht,728169af700d614dd2303f56ea57b574202aedfeecdc97b362f75fa36aea49b3,728169af700d614dd2303f56ea57b574202aedfeecdc97b362f75fa36aea49b3,moved,Astrology/Chart-Collections,728169af700d614dd2303f56ea57b574202aedfeecdc97b362f75fa36aea49b3,no
Astrology-Database/Birth-detail-collections/Charts Kala/Database/Musicians/Roy Rogers.cht,Astrology-Database/Chart-Collections/Birth-detail-collections/Charts Kala/Database/Musicians/Roy Rogers.cht,5f8c8736d7c705c6eeac498643b3fd76166e0ba27b52741b96eaf85a76f6934a,5f8c8736d7c705c6eeac498643b3fd76166e0ba27b52741b96eaf85a76f6934a,moved,Astrology/Chart-Collections,5f8c8736d7c705c6eeac498643b3fd76166e0ba27b52741b96eaf85a76f6934a,no
Astrology-Database/Birth-detail-collections/Charts Kala/Database/Musicians/Stevie Wonder.cht,Astrology-Database/Chart-Collections/Birth-detail-collections/Charts Kala/Database/Musicians/Stevie Wonder.cht,0fa39fbd96c7c12a356ff05bb490b3c6013fd5c8110f39aabe73118309ba2705,0fa39fbd96c7c12a356ff05bb490b3c6013fd5c8110f39aabe73118309ba2705,moved,Astrology/Chart-Collections,0fa39fbd96c7c12a356ff05bb490b3c6013fd5c8110f39aabe73118309ba2705,no
Astrology-Database/Birth-detail-collections/Charts Kala/Database/Musicians/Van Cliburn.cht,Astrology-Database/Chart-Collections/Birth-detail-collections/Charts Kala/Database/Musicians/Van Cliburn.cht,cf2eb71846db6e46fb005131da501efedda56b89b8df6fae7ff40de67a6ecd50,cf2eb71846db6e46fb005131da501efedda56b89b8df6fae7ff40de67a6ecd50,moved,Astrology/Chart-Collections,cf2eb71846db6e46fb005131da501efedda56b89b8df6fae7ff40de67a6ecd50,no
Astrology-Database/Birth-detail-collections/Charts Kala/Database/Musicians/Wolfgang Mozart.cht,Astrology-Database/Chart-Collections/Birth-detail-collections/Charts Kala/Database/Musicians/Wolfgang Mozart.cht,ad23533373e51da6254de5a1c0bdf77da9c35fd4ffa513ae29162e336bbb3eef,ad23533373e51da6254de5a1c0bdf77da9c35fd4ffa513ae29162e336bbb3eef,moved,Astrology/Chart-Collections,ad23533373e51da6254de5a1c0bdf77da9c35fd4ffa513ae29162e336bbb3eef,no
Astrology-Database/Birth-detail-collections/Charts Kala/Database/Number of Chidren/# Children 01.cht,Astrology-Database/Chart-Collections/Birth-detail-collections/Charts Kala/Database/Number of Chidren/# Children 01.cht,16efc5193fdce10ed096cf7db39bdf73a4856664c2333a7e016f9276a2205558,16efc5193fdce10ed096cf7db39bdf73a4856664c2333a7e016f9276a2205558,moved,Astrology/Chart-Collections,16efc5193fdce10ed096cf7db39bdf73a4856664c2333a7e016f9276a2205558,no
Astrology-Database/Birth-detail-collections/Charts Kala/Database/Number of Chidren/# Children 02.cht,Astrology-Database/Chart-Collections/Birth-detail-collections/Charts Kala/Database/Number of Chidren/# Children 02.cht,3116c54f70664652ef9e9be4e277d1cfb9f1358037138fdaa1559ffa4a761614,3116c54f70664652ef9e9be4e277d1cfb9f1358037138fdaa1559ffa4a761614,moved,Astrology/Chart-Collections,3116c54f70664652ef9e9be4e277d1cfb9f1358037138fdaa1559ffa4a761614,no
Astrology-Database/Birth-detail-collections/Charts Kala/Database/Number of Chidren/# Children 03.cht,Astrology-Database/Chart-Collections/Birth-detail-collections/Charts Kala/Database/Number of Chidren/# Children 03.cht,073a70d82898bb3f57c57e9eb93b6f34ffc98bf4f95de903361381794280b920,073a70d82898bb3f57c57e9eb93b6f34ffc98bf4f95de903361381794280b920,moved,Astrology/Chart-Collections,073a70d82898bb3f57c57e9eb93b6f34ffc98bf4f95de903361381794280b920,no
Astrology-Database/Birth-detail-collections/Charts Kala/Database/Number of Chidren/# Children 04.cht,Astrology-Database/Chart-Collections/Birth-detail-collections/Charts Kala/Database/Number of Chidren/# Children 04.cht,238c8f31e7a1bf340fb0bb48a02fd54fc3dd3b0642b5d957eac7ca55901b1bfd,238c8f31e7a1bf340fb0bb48a02fd54fc3dd3b0642b5d957eac7ca55901b1bfd,moved,Astrology/Chart-Collections,238c8f31e7a1bf340fb0bb48a02fd54fc3dd3b0642b5d957eac7ca55901b1bfd,no
Astrology-Database/Birth-detail-collections/Charts Kala/Database/Number of Chidren/# Children 05.cht,Astrology-Database/Chart-Collections/Birth-detail-collections/Charts Kala/Database/Number of Chidren/# Children 05.cht,c8a82276663eb42dc6b1cd23d378c21cc98c44527866e31c45d9354117358535,c8a82276663eb42dc6b1cd23d378c21cc98c44527866e31c45d9354117358535,moved,Astrology/Chart-Collections,c8a82276663eb42dc6b1cd23d378c21cc98c44527866e31c45d9354117358535,no
Astrology-Database/Birth-detail-collections/Charts Kala/Database/Number of Chidren/# Children 06.cht,Astrology-Database/Chart-Collections/Birth-detail-collections/Charts Kala/Database/Number of Chidren/# Children 06.cht,94c21365a253b069ba44f9df197fd0d154de37aa0762b1c8a0fd39027d46baef,94c21365a253b069ba44f9df197fd0d154de37aa0762b1c8a0fd39027d46baef,moved,Astrology/Chart-Collections,94c21365a253b069ba44f9df197fd0d154de37aa0762b1c8a0fd39027d46baef,no
Astrology-Database/Birth-detail-collections/Charts Kala/Database/Number of Chidren/# Children 07.cht,Astrology-Database/Chart-Collections/Birth-detail-collections/Charts Kala/Database/Number of Chidren/# Children 07.cht,a0eb43eaf54d33cb6e4f01cbaea366d3247342e73803bb51091f437c5aaf5070,a0eb43eaf54d33cb6e4f01cbaea366d3247342e73803bb51091f437c5aaf5070,moved,Astrology/Chart-Collections,a0eb43eaf54d33cb6e4f01cbaea366d3247342e73803bb51091f437c5aaf5070,no
Astrology-Database/Birth-detail-collections/Charts Kala/Database/Number of Chidren/# Children 08.cht,Astrology-Database/Chart-Collections/Birth-detail-collections/Charts Kala/Database/Number of Chidren/# Children 08.cht,7ce1348879bb134f729154d0d80e7c8535b492abcbeba59224a8802969d38149,7ce1348879bb134f729154d0d80e7c8535b492abcbeba59224a8802969d38149,moved,Astrology/Chart-Collections,7ce1348879bb134f729154d0d80e7c8535b492abcbeba59224a8802969d38149,no
Astrology-Database/Birth-detail-collections/Charts Kala/Database/Number of Chidren/# Children 09.cht,Astrology-Database/Chart-Collections/Birth-detail-collections/Charts Kala/Database/Number of Chidren/# Children 09.cht,028070d10f0f74e2ecc512ffe5ec8b110d7f1fad59d983e0a5b0cd688a847a37,028070d10f0f74e2ecc512ffe5ec8b110d7f1fad59d983e0a5b0cd688a847a37,moved,Astrology/Chart-Collections,028070d10f0f74e2ecc512ffe5ec8b110d7f1fad59d983e0a5b0cd688a847a37,no
Astrology-Database/Birth-detail-collections/Charts Kala/Database/Philosophers_Gurus/Alica Bailey.cht,Astrology-Database/Chart-Collections/Birth-detail-collections/Charts Kala/Database/Philosophers_Gurus/Alica Bailey.cht,0d8bf6e365740daa7bf48ec0e2aca06c44915ee85f49c5ef3edcb8d8cea0f4c7,0d8bf6e365740daa7bf48ec0e2aca06c44915ee85f49c5ef3edcb8d8cea0f4c7,moved,Astrology/Chart-Collections,0d8bf6e365740daa7bf48ec0e2aca06c44915ee85f49c5ef3edcb8d8cea0f4c7,no
Astrology-Database/Birth-detail-collections/Charts Kala/Database/Philosophers_Gurus/Anandamayi Ma.cht,Astrology-Database/Chart-Collections/Birth-detail-collections/Charts Kala/Database/Philosophers_Gurus/Anandamayi Ma.cht,02d43187ce2b3c4cbb683f8ca3e67e3719e72610237d2cb36965bae12b574703,02d43187ce2b3c4cbb683f8ca3e67e3719e72610237d2cb36965bae12b574703,moved,Astrology/Chart-Collections,02d43187ce2b3c4cbb683f8ca3e67e3719e72610237d2cb36965bae12b574703,no
Astrology-Database/Birth-detail-collections/Charts Kala/Database/Philosophers_Gurus/Annie Besant.cht,Astrology-Database/Chart-Collections/Birth-detail-collections/Charts Kala/Database/Philosophers_Gurus/Annie Besant.cht,c348914c9cfc88ec9ccd79fe43a31c66faa11e663ec156ad09e20dad4520fe52,c348914c9cfc88ec9ccd79fe43a31c66faa11e663ec156ad09e20dad4520fe52,moved,Astrology/Chart-Collections,c348914c9cfc88ec9ccd79fe43a31c66faa11e663ec156ad09e20dad4520fe52,no
Astrology-Database/Birth-detail-collections/Charts Kala/Database/Philosophers_Gurus/Baruch Spinoza.cht,Astrology-Database/Chart-Collections/Birth-detail-collections/Charts Kala/Database/Philosophers_Gurus/Baruch Spinoza.cht,a37c73dbea3741773856c3e4df2f34cdb54a30843efe827f61e73d9b65c20832,a37c73dbea3741773856c3e4df2f34cdb54a30843efe827f61e73d9b65c20832,moved,Astrology/Chart-Collections,a37c73dbea3741773856c3e4df2f34cdb54a30843efe827f61e73d9b65c20832,no
Astrology-Database/Birth-detail-collections/Charts Kala/Database/Philosophers_Gurus/Billy Craham.cht,Astrology-Database/Chart-Collections/Birth-detail-collections/Charts Kala/Database/Philosophers_Gurus/Billy Craham.cht,ffb80be24b7805123aa3a0689429d84a294c624a2a570b70bb6b9de329106b39,ffb80be24b7805123aa3a0689429d84a294c624a2a570b70bb6b9de329106b39,moved,Astrology/Chart-Collections,ffb80be24b7805123aa3a0689429d84a294c624a2a570b70bb6b9de329106b39,no
Astrology-Database/Birth-detail-collections/Charts Kala/Database/Philosophers_Gurus/Buddha.cht,Astrology-Database/Chart-Collections/Birth-detail-collections/Charts Kala/Database/Philosophers_Gurus/Buddha.cht,c074036d8bbb8da6a4eaf580291335c9aea926d9fb0ab2e8d74dfbc226bb0c85,c074036d8bbb8da6a4eaf580291335c9aea926d9fb0ab2e8d74dfbc226bb0c85,moved,Astrology/Chart-Collections,c074036d8bbb8da6a4eaf580291335c9aea926d9fb0ab2e8d74dfbc226bb0c85,no
Astrology-Database/Birth-detail-collections/Charts Kala/Database/Philosophers_Gurus/Carl Jung.cht,Astrology-Database/Chart-Collections/Birth-detail-collections/Charts Kala/Database/Philosophers_Gurus/Carl Jung.cht,0bdff8ce3c6ae124b77948e4ce8a6956ba7ffb859343891af70a3ec0528c6481,0bdff8ce3c6ae124b77948e4ce8a6956ba7ffb859343891af70a3ec0528c6481,moved,Astrology/Chart-Collections,0bdff8ce3c6ae124b77948e4ce8a6956ba7ffb859343891af70a3ec0528c6481,no
Astrology-Database/Birth-detail-collections/Charts Kala/Database/Philosophers_Gurus/Chaitanya Mahaprabhu.cht,Astrology-Database/Chart-Collections/Birth-detail-collections/Charts Kala/Database/Philosophers_Gurus/Chaitanya Mahaprabhu.cht,957a3909939bb58d6bbe450708ba9df84735668842574eb3ef0a64e0791e22df,957a3909939bb58d6bbe450708ba9df84735668842574eb3ef0a64e0791e22df,moved,Astrology/Chart-Collections,957a3909939bb58d6bbe450708ba9df84735668842574eb3ef0a64e0791e22df,no
Astrology-Database/Birth-detail-collections/Charts Kala/Database/Philosophers_Gurus/Ernest Renan.cht,Astrology-Database/Chart-Collections/Birth-detail-collections/Charts Kala/Database/Philosophers_Gurus/Ernest Renan.cht,4f128b22bb544bce10b32254ba4994b2678f879274a47dc53f4f1a125a1f9f5a,4f128b22bb544bce10b32254ba4994b2678f879274a47dc53f4f1a125a1f9f5a,moved,Astrology/Chart-Collections,4f128b22bb544bce10b32254ba4994b2678f879274a47dc53f4f1a125a1f9f5a,no
Astrology-Database/Birth-detail-collections/Charts Kala/Database/Philosophers_Gurus/Gandhi.cht,Astrology-Database/Chart-Collections/Birth-detail-collections/Charts Kala/Database/Philosophers_Gurus/Gandhi.cht,9eec1bf62a563ee3feab91b44e9dbca3209ecc617cffa7ca6c4ec1e4ef929434,9eec1bf62a563ee3feab91b44e9dbca3209ecc617cffa7ca6c4ec1e4ef929434,moved,Astrology/Chart-Collections,9eec1bf62a563ee3feab91b44e9dbca3209ecc617cffa7ca6c4ec1e4ef929434,no
Astrology-Database/Birth-detail-collections/Charts Kala/Database/Philosophers_Gurus/Guru Mayi.cht,Astrology-Database/Chart-Collections/Birth-detail-collections/Charts Kala/Database/Philosophers_Gurus/Guru Mayi.cht,82ea8335e1a54b6194d179f290e49de30f6b27f2a8955b4316c1cf6a924b9f7f,82ea8335e1a54b6194d179f290e49de30f6b27f2a8955b4316c1cf6a924b9f7f,moved,Astrology/Chart-Collections,82ea8335e1a54b6194d179f290e49de30f6b27f2a8955b4316c1cf6a924b9f7f,no
"Astrology-Database/Birth-detail-collections/Charts Kala/Database/Philosophers_Gurus/Hubbard, L. Ron.cht","Astrology-Database/Chart-Collections/Birth-detail-collections/Charts Kala/Database/Philosophers_Gurus/Hubbard, L. Ron.cht",01e4d25fe1cbff965296cff66ab46f7218e106aefc2bdbc3a3775f8ea3faa715,01e4d25fe1cbff965296cff66ab46f7218e106aefc2bdbc3a3775f8ea3faa715,moved,Astrology/Chart-Collections,01e4d25fe1cbff965296cff66ab46f7218e106aefc2bdbc3a3775f8ea3faa715,no
Astrology-Database/Birth-detail-collections/Charts Kala/Database/Philosophers_Gurus/Jane Baker.cht,Astrology-Database/Chart-Collections/Birth-detail-collections/Charts Kala/Database/Philosophers_Gurus/Jane Baker.cht,30267381ee3c97209707b66d6225801ca0ffcbf354a20a32c4d7d9bc21e0549f,30267381ee3c97209707b66d6225801ca0ffcbf354a20a32c4d7d9bc21e0549f,moved,Astrology/Chart-Collections,30267381ee3c97209707b66d6225801ca0ffcbf354a20a32c4d7d9bc21e0549f,no
Astrology-Database/Birth-detail-collections/Charts Kala/Database/Philosophers_Gurus/Jerry Falwell.cht,Astrology-Database/Chart-Collections/Birth-detail-collections/Charts Kala/Database/Philosophers_Gurus/Jerry Falwell.cht,168a72d4c0d91fc95a5f02d119e57aaafad2d2543bcbf5b792ae6e108e222a53,168a72d4c0d91fc95a5f02d119e57aaafad2d2543bcbf5b792ae6e108e222a53,moved,Astrology/Chart-Collections,168a72d4c0d91fc95a5f02d119e57aaafad2d2543bcbf5b792ae6e108e222a53,no
Astrology-Database/Birth-detail-collections/Charts Kala/Database/Philosophers_Gurus/Jesse Jackson.cht,Astrology-Database/Chart-Collections/Birth-detail-collections/Charts Kala/Database/Philosophers_Gurus/Jesse Jackson.cht,58a5d70432198b9fdf99f94c3581438db392814d8bcaece7b1a81c79cfabb210,58a5d70432198b9fdf99f94c3581438db392814d8bcaece7b1a81c79cfabb210,moved,Astrology/Chart-Collections,58a5d70432198b9fdf99f94c3581438db392814d8bcaece7b1a81c79cfabb210,no
Astrology-Database/Birth-detail-collections/Charts Kala/Database/Philosophers_Gurus/Jim Jones.cht,Astrology-Database/Chart-Collections/Birth-detail-collections/Charts Kala/Database/Philosophers_Gurus/Jim Jones.cht,9b1a4f46f7bd9bcb30522995fc71ecb2b2ce681c34b6ebd564f37521a6f494d8,9b1a4f46f7bd9bcb30522995fc71ecb2b2ce681c34b6ebd564f37521a6f494d8,moved,Astrology/Chart-Collections,9b1a4f46f7bd9bcb30522995fc71ecb2b2ce681c34b6ebd564f37521a6f494d8,no
Astrology-Database/Birth-detail-collections/Charts Kala/Database/Philosophers_Gurus/John Paul  2nd.cht,Astrology-Database/Chart-Collections/Birth-detail-collections/Charts Kala/Database/Philosophers_Gurus/John Paul  2nd.cht,1570a3409c8b5f2281fa2c913f71f82604b7b73a9b84a4d0cde7e8404d47b240,1570a3409c8b5f2281fa2c913f71f82604b7b73a9b84a4d0cde7e8404d47b240,moved,Astrology/Chart-Collections,1570a3409c8b5f2281fa2c913f71f82604b7b73a9b84a4d0cde7e8404d47b240,no
Astrology-Database/Birth-detail-collections/Charts Kala/Database/Philosophers_Gurus/John Paul 1st.cht,Astrology-Database/Chart-Collections/Birth-detail-collections/Charts Kala/Database/Philosophers_Gurus/John Paul 1st.cht,866df5d04dc7ea4a2f1b9d9a10fb32feb8f53b61802e4a8c34beeeb91b7d015a,866df5d04dc7ea4a2f1b9d9a10fb32feb8f53b61802e4a8c34beeeb91b7d015a,moved,Astrology/Chart-Collections,866df5d04dc7ea4a2f1b9d9a10fb32feb8f53b61802e4a8c34beeeb91b7d015a,no
Astrology-Database/Birth-detail-collections/Charts Kala/Database/Philosophers_Gurus/Karl Marx.cht,Astrology-Database/Chart-Collections/Birth-detail-collections/Charts Kala/Database/Philosophers_Gurus/Karl Marx.cht,3d6e4a52aa6ffdfc785dc812206cccd99c6f94cf1e6bc294930ae42e9188c868,3d6e4a52aa6ffdfc785dc812206cccd99c6f94cf1e6bc294930ae42e9188c868,moved,Astrology/Chart-Collections,3d6e4a52aa6ffdfc785dc812206cccd99c6f94cf1e6bc294930ae42e9188c868,no
Astrology-Database/Birth-detail-collections/Charts Kala/Database/Philosophers_Gurus/Krishnamurthi.cht,Astrology-Database/Chart-Collections/Birth-detail-collections/Charts Kala/Database/Philosophers_Gurus/Krishnamurthi.cht,ae5f279d2a27dd7a8818ca1e8394c8ddbecdbb93dd13e23b4a4e79128cde8362,ae5f279d2a27dd7a8818ca1e8394c8ddbecdbb93dd13e23b4a4e79128cde8362,moved,Astrology/Chart-Collections,ae5f279d2a27dd7a8818ca1e8394c8ddbecdbb93dd13e23b4a4e79128cde8362,no
Astrology-Database/Birth-detail-collections/Charts Kala/Database/Philosophers_Gurus/Martin Luther King.cht,Astrology-Database/Chart-Collections/Birth-detail-collections/Charts Kala/Database/Philosophers_Gurus/Martin Luther King.cht,33a6304613e10ce0495154541111a9c00d9787495782e2bb49be4f9f54cf5ec3,33a6304613e10ce0495154541111a9c00d9787495782e2bb49be4f9f54cf5ec3,moved,Astrology/Chart-Collections,33a6304613e10ce0495154541111a9c00d9787495782e2bb49be4f9f54cf5ec3,no
Astrology-Database/Birth-detail-collections/Charts Kala/Database/Philosophers_Gurus/Mata Amritanandamayi.cht,Astrology-Database/Chart-Collections/Birth-detail-collections/Charts Kala/Database/Philosophers_Gurus/Mata Amritanandamayi.cht,40afccb24c463ed08bedd4411bd6612ea4071560892a6c08b6b2b255dd035b60,40afccb24c463ed08bedd4411bd6612ea4071560892a6c08b6b2b255dd035b60,moved,Astrology/Chart-Collections,40afccb24c463ed08bedd4411bd6612ea4071560892a6c08b6b2b255dd035b60,no
Astrology-Database/Birth-detail-collections/Charts Kala/Database/Philosophers_Gurus/Meher Baba.cht,Astrology-Database/Chart-Collections/Birth-detail-collections/Charts Kala/Database/Philosophers_Gurus/Meher Baba.cht,6887c872e2434f825056d5db2f45cded79f5d5a679128852c80cb743a6547695,6887c872e2434f825056d5db2f45cded79f5d5a679128852c80cb743a6547695,moved,Astrology/Chart-Collections,6887c872e2434f825056d5db2f45cded79f5d5a679128852c80cb743a6547695,no
Astrology-Database/Birth-detail-collections/Charts Kala/Database/Philosophers_Gurus/Mother Teresa.cht,Astrology-Database/Chart-Collections/Birth-detail-collections/Charts Kala/Database/Philosophers_Gurus/Mother Teresa.cht,402215afbc3f168d836db9038f52395810b0a312134ad30e6836f549964756db,402215afbc3f168d836db9038f52395810b0a312134ad30e6836f549964756db,moved,Astrology/Chart-Collections,402215afbc3f168d836db9038f52395810b0a312134ad30e6836f549964756db,no
Astrology-Database/Birth-detail-collections/Charts Kala/Database/Philosophers_Gurus/Paramahamsa Yogananda.cht,Astrology-Database/Chart-Collections/Birth-detail-collections/Charts Kala/Database/Philosophers_Gurus/Paramahamsa Yogananda.cht,49ce93eb42ba667ba96c24622d3950103e0a2484578d9579bf1ed0a64cd89391,49ce93eb42ba667ba96c24622d3950103e0a2484578d9579bf1ed0a64cd89391,moved,Astrology/Chart-Collections,49ce93eb42ba667ba96c24622d3950103e0a2484578d9579bf1ed0a64cd89391,no
Astrology-Database/Birth-detail-collections/Charts Kala/Database/Philosophers_Gurus/Pierre Chardin.cht,Astrology-Database/Chart-Collections/Birth-detail-collections/Charts Kala/Database/Philosophers_Gurus/Pierre Chardin.cht,cdd6979d6ef4c5fe153fb7b27bdf67a5c3c07a80d77c33c11ee968c130243571,cdd6979d6ef4c5fe153fb7b27bdf67a5c3c07a80d77c33c11ee968c130243571,moved,Astrology/Chart-Collections,cdd6979d6ef4c5fe153fb7b27bdf67a5c3c07a80d77c33c11ee968c130243571,no
Astrology-Database/Birth-detail-collections/Charts Kala/Database/Philosophers_Gurus/Prabhupada.cht,Astrology-Database/Chart-Collections/Birth-detail-collections/Charts Kala/Database/Philosophers_Gurus/Prabhupada.cht,8a6e42bc5d2c409646faf476901606c3f7b69de7a1aa2de82816d43bdde440ad,8a6e42bc5d2c409646faf476901606c3f7b69de7a1aa2de82816d43bdde440ad,moved,Astrology/Chart-Collections,8a6e42bc5d2c409646faf476901606c3f7b69de7a1aa2de82816d43bdde440ad,no
Astrology-Database/Birth-detail-collections/Charts Kala/Database/Philosophers_Gurus/Rajneesh.cht,Astrology-Database/Chart-Collections/Birth-detail-collections/Charts Kala/Database/Philosophers_Gurus/Rajneesh.cht,ac1b185c39ab6820ab584271194e04b85a1d5d02262e4816ac46c228f1c9e4fb,ac1b185c39ab6820ab584271194e04b85a1d5d02262e4816ac46c228f1c9e4fb,moved,Astrology/Chart-Collections,ac1b185c39ab6820ab584271194e04b85a1d5d02262e4816ac46c228f1c9e4fb,no
Astrology-Database/Birth-detail-collections/Charts Kala/Database/Philosophers_Gurus/Ramakrishna.cht,Astrology-Database/Chart-Collections/Birth-detail-collections/Charts Kala/Database/Philosophers_Gurus/Ramakrishna.cht,3a3c8f5e61680d2a3701c12399b0b125a9aa7be70a0603fc42ee36a8e34fd359,3a3c8f5e61680d2a3701c12399b0b125a9aa7be70a0603fc42ee36a8e34fd359,moved,Astrology/Chart-Collections,3a3c8f5e61680d2a3701c12399b0b125a9aa7be70a0603fc42ee36a8e34fd359,no
Astrology-Database/Birth-detail-collections/Charts Kala/Database/Philosophers_Gurus/Ramana Maharshi.cht,Astrology-Database/Chart-Collections/Birth-detail-collections/Charts Kala/Database/Philosophers_Gurus/Ramana Maharshi.cht,47e7cbfcd9328df2294d031c803bd4042f24fd7029948d076c9b57d3a2cf5732,47e7cbfcd9328df2294d031c803bd4042f24fd7029948d076c9b57d3a2cf5732,moved,Astrology/Chart-Collections,47e7cbfcd9328df2294d031c803bd4042f24fd7029948d076c9b57d3a2cf5732,no
Astrology-Database/Birth-detail-collections/Charts Kala/Database/Philosophers_Gurus/Sai Baba.cht,Astrology-Database/Chart-Collections/Birth-detail-collections/Charts Kala/Database/Philosophers_Gurus/Sai Baba.cht,5a7d53c7fb2897f1db001ecad2e2da874aec93a0a1f07894372f27376aaa623b,5a7d53c7fb2897f1db001ecad2e2da874aec93a0a1f07894372f27376aaa623b,moved,Astrology/Chart-Collections,5a7d53c7fb2897f1db001ecad2e2da874aec93a0a1f07894372f27376aaa623b,no
Astrology-Database/Birth-detail-collections/Charts Kala/Database/Philosophers_Gurus/Saint Bernadette.cht,Astrology-Database/Chart-Collections/Birth-detail-collections/Charts Kala/Database/Philosophers_Gurus/Saint Bernadette.cht,f001c88b61c996002cf3ce8f833750818452e16443bbd772cac48f264da8ae93,f001c88b61c996002cf3ce8f833750818452e16443bbd772cac48f264da8ae93,moved,Astrology/Chart-Collections,f001c88b61c996002cf3ce8f833750818452e16443bbd772cac48f264da8ae93,no
Astrology-Database/Birth-detail-collections/Charts Kala/Database/Philosophers_Gurus/Saint Francis Xavier.cht,Astrology-Database/Chart-Collections/Birth-detail-collections/Charts Kala/Database/Philosophers_Gurus/Saint Francis Xavier.cht,ee4899870d58c4be557d3683273f1abc619623614e026d7787c141497c9e0489,ee4899870d58c4be557d3683273f1abc619623614e026d7787c141497c9e0489,moved,Astrology/Chart-Collections,ee4899870d58c4be557d3683273f1abc619623614e026d7787c141497c9e0489,no
Astrology-Database/Birth-detail-collections/Charts Kala/Database/Philosophers_Gurus/Satchitananda.cht,Astrology-Database/Chart-Collections/Birth-detail-collections/Charts Kala/Database/Philosophers_Gurus/Satchitananda.cht,941aa0ea97fe22ce4f3e5974d11d87ff65d0191912a06089c400564f529aaa44,941aa0ea97fe22ce4f3e5974d11d87ff65d0191912a06089c400564f529aaa44,moved,Astrology/Chart-Collections,941aa0ea97fe22ce4f3e5974d11d87ff65d0191912a06089c400564f529aaa44,no
Astrology-Database/Birth-detail-collections/Charts Kala/Database/Philosophers_Gurus/Sigmund Freud.cht,Astrology-Database/Chart-Collections/Birth-detail-collections/Charts Kala/Database/Philosophers_Gurus/Sigmund Freud.cht,3ac7658af6df8cfdc963dbc906cee6e4400f15fd8da82e35f409a7ce76caa92f,3ac7658af6df8cfdc963dbc906cee6e4400f15fd8da82e35f409a7ce76caa92f,moved,Astrology/Chart-Collections,3ac7658af6df8cfdc963dbc906cee6e4400f15fd8da82e35f409a7ce76caa92f,no
Astrology-Database/Birth-detail-collections/Charts Kala/Database/Philosophers_Gurus/Simone Weil.cht,Astrology-Database/Chart-Collections/Birth-detail-collections/Charts Kala/Database/Philosophers_Gurus/Simone Weil.cht,fbc95faafe14912a4e1b27537329d56fcb81fb981a764656e9767dbcc0c656b2,fbc95faafe14912a4e1b27537329d56fcb81fb981a764656e9767dbcc0c656b2,moved,Astrology/Chart-Collections,fbc95faafe14912a4e1b27537329d56fcb81fb981a764656e9767dbcc0c656b2,no
Astrology-Database/Birth-detail-collections/Charts Kala/Database/Philosophers_Gurus/Sridhar Maharaj.cht,Astrology-Database/Chart-Collections/Birth-detail-collections/Charts Kala/Database/Philosophers_Gurus/Sridhar Maharaj.cht,113e82a88995d606dc315787f1262a6683bfb994e358f2bb8a5ad26ecb059bd3,113e82a88995d606dc315787f1262a6683bfb994e358f2bb8a5ad26ecb059bd3,moved,Astrology/Chart-Collections,113e82a88995d606dc315787f1262a6683bfb994e358f2bb8a5ad26ecb059bd3,no
Astrology-Database/Birth-detail-collections/Charts Kala/Database/Philosophers_Gurus/Timothy Leary.cht,Astrology-Database/Chart-Collections/Birth-detail-collections/Charts Kala/Database/Philosophers_Gurus/Timothy Leary.cht,cf04818e7be66c585044e3a88cd8788ff8c2b48c084fef271305bb569c50bdd3,cf04818e7be66c585044e3a88cd8788ff8c2b48c084fef271305bb569c50bdd3,moved,Astrology/Chart-Collections,cf04818e7be66c585044e3a88cd8788ff8c2b48c084fef271305bb569c50bdd3,no
Astrology-Database/Birth-detail-collections/Charts Kala/Database/Philosophers_Gurus/Vivekananda.cht,Astrology-Database/Chart-Collections/Birth-detail-collections/Charts Kala/Database/Philosophers_Gurus/Vivekananda.cht,bbfe1d0222430a59a0773f13ecbe64d0ac0709a5a684dbef945d6c29153ef645,bbfe1d0222430a59a0773f13ecbe64d0ac0709a5a684dbef945d6c29153ef645,moved,Astrology/Chart-Collections,bbfe1d0222430a59a0773f13ecbe64d0ac0709a5a684dbef945d6c29153ef645,no
Astrology-Database/Birth-detail-collections/Charts Kala/Database/Physicians_Doctors/Alexander Fleming.cht,Astrology-Database/Chart-Collections/Birth-detail-collections/Charts Kala/Database/Physicians_Doctors/Alexander Fleming.cht,fd67307369bfc28a7ef48079501cc9a9b5c3dd802423a628f37aa323669a148f,fd67307369bfc28a7ef48079501cc9a9b5c3dd802423a628f37aa323669a148f,moved,Astrology/Chart-Collections,fd67307369bfc28a7ef48079501cc9a9b5c3dd802423a628f37aa323669a148f,no
Astrology-Database/Birth-detail-collections/Charts Kala/Database/Physicians_Doctors/Chiropractor.cht,Astrology-Database/Chart-Collections/Birth-detail-collections/Charts Kala/Database/Physicians_Doctors/Chiropractor.cht,80e7773007263cb8eedd59e039c88426faa9dd90952714ead807f434a401cd29,80e7773007263cb8eedd59e039c88426faa9dd90952714ead807f434a401cd29,moved,Astrology/Chart-Collections,80e7773007263cb8eedd59e039c88426faa9dd90952714ead807f434a401cd29,no
Astrology-Database/Birth-detail-collections/Charts Kala/Database/Physicians_Doctors/Deepak Chopra.cht,Astrology-Database/Chart-Collections/Birth-detail-collections/Charts Kala/Database/Physicians_Doctors/Deepak Chopra.cht,6bd36a2682707c91b5c66044a1ffa0ea4eadfa546368c8ebd46ee6169493bb4d,6bd36a2682707c91b5c66044a1ffa0ea4eadfa546368c8ebd46ee6169493bb4d,moved,Astrology/Chart-Collections,6bd36a2682707c91b5c66044a1ffa0ea4eadfa546368c8ebd46ee6169493bb4d,no
Astrology-Database/Birth-detail-collections/Charts Kala/Database/Physicians_Doctors/DoctorSurgeonHomeopath.cht,Astrology-Database/Chart-Collections/Birth-detail-collections/Charts Kala/Database/Physicians_Doctors/DoctorSurgeonHomeopath.cht,d91c5972d66165d787d7eef24208075561ef9fba6f8927045c30bc9419a4e04b,d91c5972d66165d787d7eef24208075561ef9fba6f8927045c30bc9419a4e04b,moved,Astrology/Chart-Collections,d91c5972d66165d787d7eef24208075561ef9fba6f8927045c30bc9419a4e04b,no
Astrology-Database/Birth-detail-collections/Charts Kala/Database/Physicians_Doctors/William H Masters.cht,Astrology-Database/Chart-Collections/Birth-detail-collections/Charts Kala/Database/Physicians_Doctors/William H Masters.cht,4af53b8a86ca7a5aca4781699c34f3cb174028b47ba6990f2a7b4a4bc5430f16,4af53b8a86ca7a5aca4781699c34f3cb174028b47ba6990f2a7b4a4bc5430f16,moved,Astrology/Chart-Collections,4af53b8a86ca7a5aca4781699c34f3cb174028b47ba6990f2a7b4a4bc5430f16,no
Astrology-Database/Birth-detail-collections/Charts Kala/Database/Politicians_Rulers/AA ch ristine baby chart.cht,Astrology-Database/Chart-Collections/Birth-detail-collections/Charts Kala/Database/Politicians_Rulers/AA ch ristine baby chart.cht,2bd715e501b6977ac3978bb17815f6a86e1c0f27572691dc0b77a15567326e31,2bd715e501b6977ac3978bb17815f6a86e1c0f27572691dc0b77a15567326e31,moved,Astrology/Chart-Collections,2bd715e501b6977ac3978bb17815f6a86e1c0f27572691dc0b77a15567326e31,no
Astrology-Database/Birth-detail-collections/Charts Kala/Database/Politicians_Rulers/Abraham Lincoln.cht,Astrology-Database/Chart-Collections/Birth-detail-collections/Charts Kala/Database/Politicians_Rulers/Abraham Lincoln.cht,e025a2ab8942b133da08e8bd8e2be6f16f986a9e6d021a1ae555f72e9a840116,e025a2ab8942b133da08e8bd8e2be6f16f986a9e6d021a1ae555f72e9a840116,moved,Astrology/Chart-Collections,e025a2ab8942b133da08e8bd8e2be6f16f986a9e6d021a1ae555f72e9a840116,no
Astrology-Database/Birth-detail-collections/Charts Kala/Database/Politicians_Rulers/Adolf Hitler.cht,Astrology-Database/Chart-Collections/Birth-detail-collections/Charts Kala/Database/Politicians_Rulers/Adolf Hitler.cht,bd246fe7a7638050eb550b8c9b3503a4a2891fe45bf1009884a742b857325e47,bd246fe7a7638050eb550b8c9b3503a4a2891fe45bf1009884a742b857325e47,moved,Astrology/Chart-Collections,bd246fe7a7638050eb550b8c9b3503a4a2891fe45bf1009884a742b857325e47,no
Astrology-Database/Birth-detail-collections/Charts Kala/Database/Politicians_Rulers/Adolph Eichmann.cht,Astrology-Database/Chart-Collections/Birth-detail-collections/Charts Kala/Database/Politicians_Rulers/Adolph Eichmann.cht,a99f5d50e0a26800df961faf84cf9b789367ac3aea06a7157afe6a333891d00a,a99f5d50e0a26800df961faf84cf9b789367ac3aea06a7157afe6a333891d00a,moved,Astrology/Chart-Collections,a99f5d50e0a26800df961faf84cf9b789367ac3aea06a7157afe6a333891d00a,no
"Astrology-Database/Birth-detail-collections/Charts Kala/Database/Politicians_Rulers/Al Gore's wife, Tipper.cht","Astrology-Database/Chart-Collections/Birth-detail-collections/Charts Kala/Database/Politicians_Rulers/Al Gore's wife, Tipper.cht",1639da1dd1b94d95d9f04e9fddb619cc9b4a8a9afcc4b6dc438eb5b87e07c586,1639da1dd1b94d95d9f04e9fddb619cc9b4a8a9afcc4b6dc438eb5b87e07c586,moved,Astrology/Chart-Collections,1639da1dd1b94d95d9f04e9fddb619cc9b4a8a9afcc4b6dc438eb5b87e07c586,no
Astrology-Database/Birth-detail-collections/Charts Kala/Database/Politicians_Rulers/Albert Gore Jr.cht,Astrology-Database/Chart-Collections/Birth-detail-collections/Charts Kala/Database/Politicians_Rulers/Albert Gore Jr.cht,8224e94bf214788471d4dcf223e49d267dc750b7b95cbdd7b8ad34b41fc167f5,8224e94bf214788471d4dcf223e49d267dc750b7b95cbdd7b8ad34b41fc167f5,moved,Astrology/Chart-Collections,8224e94bf214788471d4dcf223e49d267dc750b7b95cbdd7b8ad34b41fc167f5,no
Astrology-Database/Birth-detail-collections/Charts Kala/Database/Politicians_Rulers/Alexander the Great.cht,Astrology-Database/Chart-Collections/Birth-detail-collections/Charts Kala/Database/Politicians_Rulers/Alexander the Great.cht,3b48a4cda41a4e05395c79d1a770fad44af9a4ca60d778e71207e3628235749e,3b48a4cda41a4e05395c79d1a770fad44af9a4ca60d778e71207e3628235749e,moved,Astrology/Chart-Collections,3b48a4cda41a4e05395c79d1a770fad44af9a4ca60d778e71207e3628235749e,no
Astrology-Database/Birth-detail-collections/Charts Kala/Database/Politicians_Rulers/Alfred M Landon.cht,Astrology-Database/Chart-Collections/Birth-detail-collections/Charts Kala/Database/Politicians_Rulers/Alfred M Landon.cht,09ff2742f36108ab0e3b23bc7f48f8b9d98890bf320efe75149ba3e14e119ae9,09ff2742f36108ab0e3b23bc7f48f8b9d98890bf320efe75149ba3e14e119ae9,moved,Astrology/Chart-Collections,09ff2742f36108ab0e3b23bc7f48f8b9d98890bf320efe75149ba3e14e119ae9,no
Astrology-Database/Birth-detail-collections/Charts Kala/Database/Politicians_Rulers/Alfred Smith.cht,Astrology-Database/Chart-Collections/Birth-detail-collections/Charts Kala/Database/Politicians_Rulers/Alfred Smith.cht,28eeeec3e345b9cf2fd571b0c8b9e7627cbfcc283b2bde44dbf6858ba7387932,28eeeec3e345b9cf2fd571b0c8b9e7627cbfcc283b2bde44dbf6858ba7387932,moved,Astrology/Chart-Collections,28eeeec3e345b9cf2fd571b0c8b9e7627cbfcc283b2bde44dbf6858ba7387932,no
Astrology-Database/Birth-detail-collections/Charts Kala/Database/Politicians_Rulers/Alice R_ Longworth.cht,Astrology-Database/Chart-Collections/Birth-detail-collections/Charts Kala/Database/Politicians_Rulers/Alice R_ Longworth.cht,a5a3d79619591f0c89f5ccebfe8f472e02e024b8529bbb93998113e50436353e,a5a3d79619591f0c89f5ccebfe8f472e02e024b8529bbb93998113e50436353e,moved,Astrology/Chart-Collections,a5a3d79619591f0c89f5ccebfe8f472e02e024b8529bbb93998113e50436353e,no
Astrology-Database/Birth-detail-collections/Charts Kala/Database/Politicians_Rulers/Alix  of Hessen.cht,Astrology-Database/Chart-Collections/Birth-detail-collections/Charts Kala/Database/Politicians_Rulers/Alix  of Hessen.cht,fafbec6fa881aeb038e25758f5fa93d664496ab9b998d014b4089d2028913f3a,fafbec6fa881aeb038e25758f5fa93d664496ab9b998d014b4089d2028913f3a,moved,Astrology/Chart-Collections,fafbec6fa881aeb038e25758f5fa93d664496ab9b998d014b4089d2028913f3a,no
Astrology-Database/Birth-detail-collections/Charts Kala/Database/Politicians_Rulers/Barack Obama.cht,Astrology-Database/Chart-Collections/Birth-detail-collections/Charts Kala/Database/Politicians_Rulers/Barack Obama.cht,e65440943cbb4401732cd0533d5919daf56a30af771d10cb34b1674c4874d95d,e65440943cbb4401732cd0533d5919daf56a30af771d10cb34b1674c4874d95d,moved,Astrology/Chart-Collections,e65440943cbb4401732cd0533d5919daf56a30af771d10cb34b1674c4874d95d,no
Astrology-Database/Birth-detail-collections/Charts Kala/Database/Politicians_Rulers/Barbara Bush.cht,Astrology-Database/Chart-Collections/Birth-detail-collections/Charts Kala/Database/Politicians_Rulers/Barbara Bush.cht,1ba6f95a73bae74be40f8d21b7af530d83940f1def4cd3c6c8292e94c67fa9b1,1ba6f95a73bae74be40f8d21b7af530d83940f1def4cd3c6c8292e94c67fa9b1,moved,Astrology/Chart-Collections,1ba6f95a73bae74be40f8d21b7af530d83940f1def4cd3c6c8292e94c67fa9b1,no
Astrology-Database/Birth-detail-collections/Charts Kala/Database/Politicians_Rulers/Benazier Bhutto.cht,Astrology-Database/Chart-Collections/Birth-detail-collections/Charts Kala/Database/Politicians_Rulers/Benazier Bhutto.cht,4b0501a849b3bb6768427ede07d7cb31821d06fcbd9d7d5f522bedff3b4db45c,4b0501a849b3bb6768427ede07d7cb31821d06fcbd9d7d5f522bedff3b4db45c,moved,Astrology/Chart-Collections,4b0501a849b3bb6768427ede07d7cb31821d06fcbd9d7d5f522bedff3b4db45c,no
Astrology-Database/Birth-detail-collections/Charts Kala/Database/Politicians_Rulers/Bill Clinton.cht,Astrology-Database/Chart-Collections/Birth-detail-collections/Charts Kala/Database/Politicians_Rulers/Bill Clinton.cht,40901d4b2947fd8e9548af65ab731ac537ef9b6811c14bcb49507d57c4907e24,40901d4b2947fd8e9548af65ab731ac537ef9b6811c14bcb49507d57c4907e24,moved,Astrology/Chart-Collections,40901d4b2947fd8e9548af65ab731ac537ef9b6811c14bcb49507d57c4907e24,no
Astrology-Database/Birth-detail-collections/Charts Kala/Database/Politicians_Rulers/Charlemagne.cht,Astrology-Database/Chart-Collections/Birth-detail-collections/Charts Kala/Database/Politicians_Rulers/Charlemagne.cht,75fed9f7535942ec2746a84fe95921edf076960dd757f933dc8986753af37792,75fed9f7535942ec2746a84fe95921edf076960dd757f933dc8986753af37792,moved,Astrology/Chart-Collections,75fed9f7535942ec2746a84fe95921edf076960dd757f933dc8986753af37792,no
Astrology-Database/Birth-detail-collections/Charts Kala/Database/Politicians_Rulers/Che Guevara.cht,Astrology-Database/Chart-Collections/Birth-detail-collections/Charts Kala/Database/Politicians_Rulers/Che Guevara.cht,ffd5deb1c35a4e89bf7940dfef83b5c56eba96c23cf0ce5fa6d8a3b0befa1109,ffd5deb1c35a4e89bf7940dfef83b5c56eba96c23cf0ce5fa6d8a3b0befa1109,moved,Astrology/Chart-Collections,ffd5deb1c35a4e89bf7940dfef83b5c56eba96c23cf0ce5fa6d8a3b0befa1109,no
Astrology-Database/Birth-detail-collections/Charts Kala/Database/Politicians_Rulers/Dag Hammarksjold.cht,Astrology-Database/Chart-Collections/Birth-detail-collections/Charts Kala/Database/Politicians_Rulers/Dag Hammarksjold.cht,ea21e1ad4532d1ac1b95cdb4f7079f620c7dff0f4389f5c0b62150cbc0987678,ea21e1ad4532d1ac1b95cdb4f7079f620c7dff0f4389f5c0b62150cbc0987678,moved,Astrology/Chart-Collections,ea21e1ad4532d1ac1b95cdb4f7079f620c7dff0f4389f5c0b62150cbc0987678,no
Astrology-Database/Birth-detail-collections/Charts Kala/Database/Politicians_Rulers/Duke of Windsor.cht,Astrology-Database/Chart-Collections/Birth-detail-collections/Charts Kala/Database/Politicians_Rulers/Duke of Windsor.cht,4413920cff63fdcdaab874a928c1c7944b4bb8ea57d20d810d2d2874ff24e054,4413920cff63fdcdaab874a928c1c7944b4bb8ea57d20d810d2d2874ff24e054,moved,Astrology/Chart-Collections,4413920cff63fdcdaab874a928c1c7944b4bb8ea57d20d810d2d2874ff24e054,no
Astrology-Database/Birth-detail-collections/Charts Kala/Database/Politicians_Rulers/Earl Warren.cht,Astrology-Database/Chart-Collections/Birth-detail-collections/Charts Kala/Database/Politicians_Rulers/Earl Warren.cht,3b7d48e68b12bbe3806ca1eddef7aac296280523841f72e3849b6578498401d3,3b7d48e68b12bbe3806ca1eddef7aac296280523841f72e3849b6578498401d3,moved,Astrology/Chart-Collections,3b7d48e68b12bbe3806ca1eddef7aac296280523841f72e3849b6578498401d3,no
Astrology-Database/Birth-detail-collections/Charts Kala/Database/Politicians_Rulers/Edward IV.cht,Astrology-Database/Chart-Collections/Birth-detail-collections/Charts Kala/Database/Politicians_Rulers/Edward IV.cht,45c83911a102f57779dcf63153f1b07f7d0dc79e7d029ee8f3f8509d5bd5c354,45c83911a102f57779dcf63153f1b07f7d0dc79e7d029ee8f3f8509d5bd5c354,moved,Astrology/Chart-Collections,45c83911a102f57779dcf63153f1b07f7d0dc79e7d029ee8f3f8509d5bd5c354,no
Astrology-Database/Birth-detail-collections/Charts Kala/Database/Politicians_Rulers/Eleanor Roosevelt.cht,Astrology-Database/Chart-Collections/Birth-detail-collections/Charts Kala/Database/Politicians_Rulers/Eleanor Roosevelt.cht,0636ea7101aa1de2f4555997f1bf68c61b49e311abdb2135363675204bdfca97,0636ea7101aa1de2f4555997f1bf68c61b49e311abdb2135363675204bdfca97,moved,Astrology/Chart-Collections,0636ea7101aa1de2f4555997f1bf68c61b49e311abdb2135363675204bdfca97,no
Astrology-Database/Birth-detail-collections/Charts Kala/Database/Politicians_Rulers/Elizabeth I.cht,Astrology-Database/Chart-Collections/Birth-detail-collections/Charts Kala/Database/Politicians_Rulers/Elizabeth I.cht,df7e2ec406c061cbb59356095bc0b6f899abfc73b49b891edce7a9b73ba92f19,df7e2ec406c061cbb59356095bc0b6f899abfc73b49b891edce7a9b73ba92f19,moved,Astrology/Chart-Collections,df7e2ec406c061cbb59356095bc0b6f899abfc73b49b891edce7a9b73ba92f19,no
Astrology-Database/Birth-detail-collections/Charts Kala/Database/Politicians_Rulers/Elizabeth The 2nd.cht,Astrology-Database/Chart-Collections/Birth-detail-collections/Charts Kala/Database/Politicians_Rulers/Elizabeth The 2nd.cht,f0e29cfbf757b8f7d8d63ba893145f3031dec8220f5e934a8b58282c08872ac4,f0e29cfbf757b8f7d8d63ba893145f3031dec8220f5e934a8b58282c08872ac4,moved,Astrology/Chart-Collections,f0e29cfbf757b8f7d8d63ba893145f3031dec8220f5e934a8b58282c08872ac4,no
Astrology-Database/Birth-detail-collections/Charts Kala/Database/Politicians_Rulers/Ethel Kennedy.cht,Astrology-Database/Chart-Collections/Birth-detail-collections/Charts Kala/Database/Politicians_Rulers/Ethel Kennedy.cht,9568738f6629f99698eb9cf79dac8221cd3111760a1fdd04be71d929dd598ba6,9568738f6629f99698eb9cf79dac8221cd3111760a1fdd04be71d929dd598ba6,moved,Astrology/Chart-Collections,9568738f6629f99698eb9cf79dac8221cd3111760a1fdd04be71d929dd598ba6,no
Astrology-Database/Birth-detail-collections/Charts Kala/Database/Politicians_Rulers/Eva Peron.cht,Astrology-Database/Chart-Collections/Birth-detail-collections/Charts Kala/Database/Politicians_Rulers/Eva Peron.cht,43e0d8a4b42411ee587885786fcac2f20cca80f1f675aea6a218d8b1da57733d,43e0d8a4b42411ee587885786fcac2f20cca80f1f675aea6a218d8b1da57733d,moved,Astrology/Chart-Collections,43e0d8a4b42411ee587885786fcac2f20cca80f1f675aea6a218d8b1da57733d,no
Astrology-Database/Birth-detail-collections/Charts Kala/Database/Politicians_Rulers/Ferdinand of Aragon.cht,Astrology-Database/Chart-Collections/Birth-detail-collections/Charts Kala/Database/Politicians_Rulers/Ferdinand of Aragon.cht,46d1012362b9635dcff7250f6ab8c82f4d51cbb35ed6e68e7a7cc7b774e9db21,46d1012362b9635dcff7250f6ab8c82f4d51cbb35ed6e68e7a7cc7b774e9db21,moved,Astrology/Chart-Collections,46d1012362b9635dcff7250f6ab8c82f4d51cbb35ed6e68e7a7cc7b774e9db21,no
Astrology-Database/Birth-detail-collections/Charts Kala/Database/Politicians_Rulers/Fidel Castro.cht,Astrology-Database/Chart-Collections/Birth-detail-collections/Charts Kala/Database/Politicians_Rulers/Fidel Castro.cht,5950ee3ffaf2297651a096a4fde5355794f4b1c22b2f77134531154e0d217b0d,5950ee3ffaf2297651a096a4fde5355794f4b1c22b2f77134531154e0d217b0d,moved,Astrology/Chart-Collections,5950ee3ffaf2297651a096a4fde5355794f4b1c22b2f77134531154e0d217b0d,no
Astrology-Database/Birth-detail-collections/Charts Kala/Database/Politicians_Rulers/Francois Mitterand.cht,Astrology-Database/Chart-Collections/Birth-detail-collections/Charts Kala/Database/Politicians_Rulers/Francois Mitterand.cht,16e540752e466995fa71203e0466ca6509af5cc0d4cfd7e039d194352575043b,16e540752e466995fa71203e0466ca6509af5cc0d4cfd7e039d194352575043b,moved,Astrology/Chart-Collections,16e540752e466995fa71203e0466ca6509af5cc0d4cfd7e039d194352575043b,no
Astrology-Database/Birth-detail-collections/Charts Kala/Database/Politicians_Rulers/Frank Cohn.cht,Astrology-Database/Chart-Collections/Birth-detail-collections/Charts Kala/Database/Politicians_Rulers/Frank Cohn.cht,f62c19757933acc3250c55f39641d1c0f1f9115813973ab9498e74783758b89d,f62c19757933acc3250c55f39641d1c0f1f9115813973ab9498e74783758b89d,moved,Astrology/Chart-Collections,f62c19757933acc3250c55f39641d1c0f1f9115813973ab9498e74783758b89d,no
Astrology-Database/Birth-detail-collections/Charts Kala/Database/Politicians_Rulers/Franklin D Roosevelt.cht,Astrology-Database/Chart-Collections/Birth-detail-collections/Charts Kala/Database/Politicians_Rulers/Franklin D Roosevelt.cht,b60c65678e2e94e7950c0e42ce6b9b2f7a6f55a18cf0dbdf1c7b8c8efde3625c,b60c65678e2e94e7950c0e42ce6b9b2f7a6f55a18cf0dbdf1c7b8c8efde3625c,moved,Astrology/Chart-Collections,b60c65678e2e94e7950c0e42ce6b9b2f7a6f55a18cf0dbdf1c7b8c8efde3625c,no
Astrology-Database/Birth-detail-collections/Charts Kala/Database/Politicians_Rulers/G. Gordon Liddy.cht,Astrology-Database/Chart-Collections/Birth-detail-collections/Charts Kala/Database/Politicians_Rulers/G. Gordon Liddy.cht,b137bbf57bb6dac222da2bf670bf9b82e1a91665919a4047307c0368002eadb5,b137bbf57bb6dac222da2bf670bf9b82e1a91665919a4047307c0368002eadb5,moved,Astrology/Chart-Collections,b137bbf57bb6dac222da2bf670bf9b82e1a91665919a4047307c0368002eadb5,no
Astrology-Database/Birth-detail-collections/Charts Kala/Database/Politicians_Rulers/Gary Hart.cht,Astrology-Database/Chart-Collections/Birth-detail-collections/Charts Kala/Database/Politicians_Rulers/Gary Hart.cht,5f33aed76cedc7b1f4786dbeca0ab041c9c9e8b441aac999fb466f9b4b903d93,5f33aed76cedc7b1f4786dbeca0ab041c9c9e8b441aac999fb466f9b4b903d93,moved,Astrology/Chart-Collections,5f33aed76cedc7b1f4786dbeca0ab041c9c9e8b441aac999fb466f9b4b903d93,no
Astrology-Database/Birth-detail-collections/Charts Kala/Database/Politicians_Rulers/George Bush Jr.cht,Astrology-Database/Chart-Collections/Birth-detail-collections/Charts Kala/Database/Politicians_Rulers/George Bush Jr.cht,eca3664df3444e2e257c39535ce3dae3143cd164676b9b06f0fb7ae03e3d47a0,eca3664df3444e2e257c39535ce3dae3143cd164676b9b06f0fb7ae03e3d47a0,moved,Astrology/Chart-Collections,eca3664df3444e2e257c39535ce3dae3143cd164676b9b06f0fb7ae03e3d47a0,no
Astrology-Database/Birth-detail-collections/Charts Kala/Database/Politicians_Rulers/George Bush Sr.cht,Astrology-Database/Chart-Collections/Birth-detail-collections/Charts Kala/Database/Politicians_Rulers/George Bush Sr.cht,ae1555d02342d491f90f7de4a3963586f2e4b7867b734700a6e8edfa0beb8383,ae1555d02342d491f90f7de4a3963586f2e4b7867b734700a6e8edfa0beb8383,moved,Astrology/Chart-Collections,ae1555d02342d491f90f7de4a3963586f2e4b7867b734700a6e8edfa0beb8383,no
Astrology-Database/Birth-detail-collections/Charts Kala/Database/Politicians_Rulers/George IV.cht,Astrology-Database/Chart-Collections/Birth-detail-collections/Charts Kala/Database/Politicians_Rulers/George IV.cht,a042a9093d1eae76a25372c8edf27fd08a80f33d45f9cd22cd04e56ef805ba71,a042a9093d1eae76a25372c8edf27fd08a80f33d45f9cd22cd04e56ef805ba71,moved,Astrology/Chart-Collections,a042a9093d1eae76a25372c8edf27fd08a80f33d45f9cd22cd04e56ef805ba71,no
Astrology-Database/Birth-detail-collections/Charts Kala/Database/Politicians_Rulers/George Wallace.cht,Astrology-Database/Chart-Collections/Birth-detail-collections/Charts Kala/Database/Politicians_Rulers/George Wallace.cht,b1564e670d59328644424fdacedf88baff7e19c28a0cf90e44f86e2abddbf990,b1564e670d59328644424fdacedf88baff7e19c28a0cf90e44f86e2abddbf990,moved,Astrology/Chart-Collections,b1564e670d59328644424fdacedf88baff7e19c28a0cf90e44f86e2abddbf990,no
Astrology-Database/Birth-detail-collections/Charts Kala/Database/Politicians_Rulers/George Washington.cht,Astrology-Database/Chart-Collections/Birth-detail-collections/Charts Kala/Database/Politicians_Rulers/George Washington.cht,babeb12d013b99c7ba033a522a688596cef09c8fc36607d0f50d5c0134699709,babeb12d013b99c7ba033a522a688596cef09c8fc36607d0f50d5c0134699709,moved,Astrology/Chart-Collections,babeb12d013b99c7ba033a522a688596cef09c8fc36607d0f50d5c0134699709,no
Astrology-Database/Birth-detail-collections/Charts Kala/Database/Politicians_Rulers/Gerald Ford.cht,Astrology-Database/Chart-Collections/Birth-detail-collections/Charts Kala/Database/Politicians_Rulers/Gerald Ford.cht,0164da27c0f6a50cfe481dc0ea6f671f90eefb964860b316898bbbf51db96fb9,0164da27c0f6a50cfe481dc0ea6f671f90eefb964860b316898bbbf51db96fb9,moved,Astrology/Chart-Collections,0164da27c0f6a50cfe481dc0ea6f671f90eefb964860b316898bbbf51db96fb9,no
Astrology-Database/Birth-detail-collections/Charts Kala/Database/Politicians_Rulers/Geraldine Ferraro.cht,Astrology-Database/Chart-Collections/Birth-detail-collections/Charts Kala/Database/Politicians_Rulers/Geraldine Ferraro.cht,90e056d9687748dec66c22bb513541d57e04d5648118a6475f4a02737b77b116,90e056d9687748dec66c22bb513541d57e04d5648118a6475f4a02737b77b116,moved,Astrology/Chart-Collections,90e056d9687748dec66c22bb513541d57e04d5648118a6475f4a02737b77b116,no
Astrology-Database/Birth-detail-collections/Charts Kala/Database/Politicians_Rulers/Gita Malhotra.cht,Astrology-Database/Chart-Collections/Birth-detail-collections/Charts Kala/Database/Politicians_Rulers/Gita Malhotra.cht,898111f820200f54bce0cd6dfaff3539538833d7adf5798edf6b7efaf68a00bd,898111f820200f54bce0cd6dfaff3539538833d7adf5798edf6b7efaf68a00bd,moved,Astrology/Chart-Collections,898111f820200f54bce0cd6dfaff3539538833d7adf5798edf6b7efaf68a00bd,no
Astrology-Database/Birth-detail-collections/Charts Kala/Database/Politicians_Rulers/Harry Truman.cht,Astrology-Database/Chart-Collections/Birth-detail-collections/Charts Kala/Database/Politicians_Rulers/Harry Truman.cht,5d4d33698dfafd61ce5baad0d664605785658bb65d573ef5baab701620f58902,5d4d33698dfafd61ce5baad0d664605785658bb65d573ef5baab701620f58902,moved,Astrology/Chart-Collections,5d4d33698dfafd61ce5baad0d664605785658bb65d573ef5baab701620f58902,no
Astrology-Database/Birth-detail-collections/Charts Kala/Database/Politicians_Rulers/Hassan II.cht,Astrology-Database/Chart-Collections/Birth-detail-collections/Charts Kala/Database/Politicians_Rulers/Hassan II.cht,5431afdd57768d6353d454ebbd16d7a8c16ba76f92ea449e7aa1231428b5453c,5431afdd57768d6353d454ebbd16d7a8c16ba76f92ea449e7aa1231428b5453c,moved,Astrology/Chart-Collections,5431afdd57768d6353d454ebbd16d7a8c16ba76f92ea449e7aa1231428b5453c,no
Astrology-Database/Birth-detail-collections/Charts Kala/Database/Politicians_Rulers/Heinrich Himmler.cht,Astrology-Database/Chart-Collections/Birth-detail-collections/Charts Kala/Database/Politicians_Rulers/Heinrich Himmler.cht,9d671178406a581a3cc9268320b7d9b4e2d4cfead7f5a6d17aea5cf1d2b9283a,9d671178406a581a3cc9268320b7d9b4e2d4cfead7f5a6d17aea5cf1d2b9283a,moved,Astrology/Chart-Collections,9d671178406a581a3cc9268320b7d9b4e2d4cfead7f5a6d17aea5cf1d2b9283a,no
Astrology-Database/Birth-detail-collections/Charts Kala/Database/Politicians_Rulers/Helmut Kohl.cht,Astrology-Database/Chart-Collections/Birth-detail-collections/Charts Kala/Database/Politicians_Rulers/Helmut Kohl.cht,f676b927ff328393badc4fca69f0ec012e7d4d4286fa39e9f2b1ca4a25ab9564,f676b927ff328393badc4fca69f0ec012e7d4d4286fa39e9f2b1ca4a25ab9564,moved,Astrology/Chart-Collections,f676b927ff328393badc4fca69f0ec012e7d4d4286fa39e9f2b1ca4a25ab9564,no
Astrology-Database/Birth-detail-collections/Charts Kala/Database/Politicians_Rulers/Herbert Hoover.cht,Astrology-Database/Chart-Collections/Birth-detail-collections/Charts Kala/Database/Politicians_Rulers/Herbert Hoover.cht,d8d6de69cf597f364fc1be4285a9ff15b5092568513acbce5f41f3e3980ef8b0,d8d6de69cf597f364fc1be4285a9ff15b5092568513acbce5f41f3e3980ef8b0,moved,Astrology/Chart-Collections,d8d6de69cf597f364fc1be4285a9ff15b5092568513acbce5f41f3e3980ef8b0,no
Astrology-Database/Birth-detail-collections/Charts Kala/Database/Politicians_Rulers/Hermann Goering.cht,Astrology-Database/Chart-Collections/Birth-detail-collections/Charts Kala/Database/Politicians_Rulers/Hermann Goering.cht,be7fe7bbc6e7be620a7a6e73554e4895cba55ad38e8f2c912bd82eb3cc71d8fd,be7fe7bbc6e7be620a7a6e73554e4895cba55ad38e8f2c912bd82eb3cc71d8fd,moved,Astrology/Chart-Collections,be7fe7bbc6e7be620a7a6e73554e4895cba55ad38e8f2c912bd82eb3cc71d8fd,no
Astrology-Database/Birth-detail-collections/Charts Kala/Database/Politicians_Rulers/Hilary Clinton.cht,Astrology-Database/Chart-Collections/Birth-detail-collections/Charts Kala/Database/Politicians_Rulers/Hilary Clinton.cht,cecb16da3885118dfc2cc95fd272a54d201c6d581a3e2342a3f7e51839ff0588,cecb16da3885118dfc2cc95fd272a54d201c6d581a3e2342a3f7e51839ff0588,moved,Astrology/Chart-Collections,cecb16da3885118dfc2cc95fd272a54d201c6d581a3e2342a3f7e51839ff0588,no
Astrology-Database/Birth-detail-collections/Charts Kala/Database/Politicians_Rulers/Hirohito.cht,Astrology-Database/Chart-Collections/Birth-detail-collections/Charts Kala/Database/Politicians_Rulers/Hirohito.cht,68777ba69e1c127de0c65a4425714221394872a34812b21d37d64c0a1b8c49cf,68777ba69e1c127de0c65a4425714221394872a34812b21d37d64c0a1b8c49cf,moved,Astrology/Chart-Collections,68777ba69e1c127de0c65a4425714221394872a34812b21d37d64c0a1b8c49cf,no
Astrology-Database/Birth-detail-collections/Charts Kala/Database/Politicians_Rulers/Hubert Humphrey.cht,Astrology-Database/Chart-Collections/Birth-detail-collections/Charts Kala/Database/Politicians_Rulers/Hubert Humphrey.cht,18c905b775bf3283ebe78ec09f4f32b9d5072659aab5b71182eab1f8ce211091,18c905b775bf3283ebe78ec09f4f32b9d5072659aab5b71182eab1f8ce211091,moved,Astrology/Chart-Collections,18c905b775bf3283ebe78ec09f4f32b9d5072659aab5b71182eab1f8ce211091,no
Astrology-Database/Birth-detail-collections/Charts Kala/Database/Politicians_Rulers/Hussein of Jordan.cht,Astrology-Database/Chart-Collections/Birth-detail-collections/Charts Kala/Database/Politicians_Rulers/Hussein of Jordan.cht,650ac8b7f8fd2cc0b5428358b5f641169c37c5a98ccef570f905ee79200dd2dc,650ac8b7f8fd2cc0b5428358b5f641169c37c5a98ccef570f905ee79200dd2dc,moved,Astrology/Chart-Collections,650ac8b7f8fd2cc0b5428358b5f641169c37c5a98ccef570f905ee79200dd2dc,no
Astrology-Database/Birth-detail-collections/Charts Kala/Database/Politicians_Rulers/Imelda Marcos.cht,Astrology-Database/Chart-Collections/Birth-detail-collections/Charts Kala/Database/Politicians_Rulers/Imelda Marcos.cht,989f27fe57ebdb8c55dc2614aaabf9eadddd82d84105d2201314f0be09034f61,989f27fe57ebdb8c55dc2614aaabf9eadddd82d84105d2201314f0be09034f61,moved,Astrology/Chart-Collections,989f27fe57ebdb8c55dc2614aaabf9eadddd82d84105d2201314f0be09034f61,no
Astrology-Database/Birth-detail-collections/Charts Kala/Database/Politicians_Rulers/Indira Gandhi.cht,Astrology-Database/Chart-Collections/Birth-detail-collections/Charts Kala/Database/Politicians_Rulers/Indira Gandhi.cht,de0dd622220cb235dde8dbd6bae3fb432dd7cbdb07f8666f2cc575df0acee89d,de0dd622220cb235dde8dbd6bae3fb432dd7cbdb07f8666f2cc575df0acee89d,moved,Astrology/Chart-Collections,de0dd622220cb235dde8dbd6bae3fb432dd7cbdb07f8666f2cc575df0acee89d,no
Astrology-Database/Birth-detail-collections/Charts Kala/Database/Politicians_Rulers/J. Edgar Hoover.cht,Astrology-Database/Chart-Collections/Birth-detail-collections/Charts Kala/Database/Politicians_Rulers/J. Edgar Hoover.cht,2109b2bb7a69def6db2cb8eeea62796e1e8ca48142c00332fd03148e5336ee16,2109b2bb7a69def6db2cb8eeea62796e1e8ca48142c00332fd03148e5336ee16,moved,Astrology/Chart-Collections,2109b2bb7a69def6db2cb8eeea62796e1e8ca48142c00332fd03148e5336ee16,no
Astrology-Database/Birth-detail-collections/Charts Kala/Database/Politicians_Rulers/Jesse Helms.cht,Astrology-Database/Chart-Collections/Birth-detail-collections/Charts Kala/Database/Politicians_Rulers/Jesse Helms.cht,927d01caf589f569d497d9bd638f657297e8c4bf13188ffae3c24bca4a09035b,927d01caf589f569d497d9bd638f657297e8c4bf13188ffae3c24bca4a09035b,moved,Astrology/Chart-Collections,927d01caf589f569d497d9bd638f657297e8c4bf13188ffae3c24bca4a09035b,no
Astrology-Database/Birth-detail-collections/Charts Kala/Database/Politicians_Rulers/Jesse Jackson.cht,Astrology-Database/Chart-Collections/Birth-detail-collections/Charts Kala/Database/Politicians_Rulers/Jesse Jackson.cht,58a5d70432198b9fdf99f94c3581438db392814d8bcaece7b1a81c79cfabb210,58a5d70432198b9fdf99f94c3581438db392814d8bcaece7b1a81c79cfabb210,moved,Astrology/Chart-Collections,58a5d70432198b9fdf99f94c3581438db392814d8bcaece7b1a81c79cfabb210,no
Astrology-Database/Birth-detail-collections/Charts Kala/Database/Politicians_Rulers/Jimmy Carter.cht,Astrology-Database/Chart-Collections/Birth-detail-collections/Charts Kala/Database/Politicians_Rulers/Jimmy Carter.cht,fd34f806c5e614f50ca62a3597316060704628c6dc41c9203bf7498a303f532f,fd34f806c5e614f50ca62a3597316060704628c6dc41c9203bf7498a303f532f,moved,Astrology/Chart-Collections,fd34f806c5e614f50ca62a3597316060704628c6dc41c9203bf7498a303f532f,no
Astrology-Database/Birth-detail-collections/Charts Kala/Database/Politicians_Rulers/Joe Biden.cht,Astrology-Database/Chart-Collections/Birth-detail-collections/Charts Kala/Database/Politicians_Rulers/Joe Biden.cht,fd33cbf34ac656aeb356d27ad9bf3d03cc854cfd04a98be393c7dfa8023a6fb6,fd33cbf34ac656aeb356d27ad9bf3d03cc854cfd04a98be393c7dfa8023a6fb6,moved,Astrology/Chart-Collections,fd33cbf34ac656aeb356d27ad9bf3d03cc854cfd04a98be393c7dfa8023a6fb6,no
Astrology-Database/Birth-detail-collections/Charts Kala/Database/Politicians_Rulers/John Edwards.cht,Astrology-Database/Chart-Collections/Birth-detail-collections/Charts Kala/Database/Politicians_Rulers/John Edwards.cht,42feaa099be6a8507fb6a0584c774fa4f64f27dde0f5c67681ae3fe922e78bb6,42feaa099be6a8507fb6a0584c774fa4f64f27dde0f5c67681ae3fe922e78bb6,moved,Astrology/Chart-Collections,42feaa099be6a8507fb6a0584c774fa4f64f27dde0f5c67681ae3fe922e78bb6,no
Astrology-Database/Birth-detail-collections/Charts Kala/Database/Politicians_Rulers/John F. Kennedy.cht,Astrology-Database/Chart-Collections/Birth-detail-collections/Charts Kala/Database/Politicians_Rulers/John F. Kennedy.cht,ec071b3bb83b5aec25b4ac3ceef2170bc03a547577fd51725f2f2327b7e0e4e9,ec071b3bb83b5aec25b4ac3ceef2170bc03a547577fd51725f2f2327b7e0e4e9,moved,Astrology/Chart-Collections,ec071b3bb83b5aec25b4ac3ceef2170bc03a547577fd51725f2f2327b7e0e4e9,no
Astrology-Database/Birth-detail-collections/Charts Kala/Database/Politicians_Rulers/John Howard.cht,Astrology-Database/Chart-Collections/Birth-detail-collections/Charts Kala/Database/Politicians_Rulers/John Howard.cht,ee3e65a39f0f3ae0074e5022091efc67616c6044d6cc6048b895e9bc24be6395,ee3e65a39f0f3ae0074e5022091efc67616c6044d6cc6048b895e9bc24be6395,moved,Astrology/Chart-Collections,ee3e65a39f0f3ae0074e5022091efc67616c6044d6cc6048b895e9bc24be6395,no
Astrology-Database/Birth-detail-collections/Charts Kala/Database/Politicians_Rulers/John Kerry.cht,Astrology-Database/Chart-Collections/Birth-detail-collections/Charts Kala/Database/Politicians_Rulers/John Kerry.cht,7d110c55c529cdb6959e7035bb1ea9c20e36ba2729bb59be3dd83928ef86114c,7d110c55c529cdb6959e7035bb1ea9c20e36ba2729bb59be3dd83928ef86114c,moved,Astrology/Chart-Collections,7d110c55c529cdb6959e7035bb1ea9c20e36ba2729bb59be3dd83928ef86114c,no
Astrology-Database/Birth-detail-collections/Charts Kala/Database/Politicians_Rulers/John Tyler.cht,Astrology-Database/Chart-Collections/Birth-detail-collections/Charts Kala/Database/Politicians_Rulers/John Tyler.cht,eae09c2f9a1a8c4444ab5e5c664275dc1ff443dad35aae12b990655049a3cde5,eae09c2f9a1a8c4444ab5e5c664275dc1ff443dad35aae12b990655049a3cde5,moved,Astrology/Chart-Collections,eae09c2f9a1a8c4444ab5e5c664275dc1ff443dad35aae12b990655049a3cde5,no
Astrology-Database/Birth-detail-collections/Charts Kala/Database/Politicians_Rulers/Joseph Goebbels.cht,Astrology-Database/Chart-Collections/Birth-detail-collections/Charts Kala/Database/Politicians_Rulers/Joseph Goebbels.cht,c6043a3317eb5dcb7b8ef5115de8155740ddaee460df97139a5db0fda02a6062,c6043a3317eb5dcb7b8ef5115de8155740ddaee460df97139a5db0fda02a6062,moved,Astrology/Chart-Collections,c6043a3317eb5dcb7b8ef5115de8155740ddaee460df97139a5db0fda02a6062,no
Astrology-Database/Birth-detail-collections/Charts Kala/Database/Politicians_Rulers/Juan Carlos.cht,Astrology-Database/Chart-Collections/Birth-detail-collections/Charts Kala/Database/Politicians_Rulers/Juan Carlos.cht,2dca9ddb45f21f7c8efddd161015632a87c77fff215613a02c2d902b194674b6,2dca9ddb45f21f7c8efddd161015632a87c77fff215613a02c2d902b194674b6,moved,Astrology/Chart-Collections,2dca9ddb45f21f7c8efddd161015632a87c77fff215613a02c2d902b194674b6,no
Astrology-Database/Birth-detail-collections/Charts Kala/Database/Politicians_Rulers/Kevin Rudd.cht,Astrology-Database/Chart-Collections/Birth-detail-collections/Charts Kala/Database/Politicians_Rulers/Kevin Rudd.cht,2455d601187dbcce26e37ea7be57a51306dfb112c7ea69a8dcb55a20ce7d05b3,2455d601187dbcce26e37ea7be57a51306dfb112c7ea69a8dcb55a20ce7d05b3,moved,Astrology/Chart-Collections,2455d601187dbcce26e37ea7be57a51306dfb112c7ea69a8dcb55a20ce7d05b3,no
Astrology-Database/Birth-detail-collections/Charts Kala/Database/Politicians_Rulers/King Henry VIII.cht,Astrology-Database/Chart-Collections/Birth-detail-collections/Charts Kala/Database/Politicians_Rulers/King Henry VIII.cht,fc27da703c9b4a820b9cc05e8c2e806e31f561a114396941ba3a52b9eb3c7c71,fc27da703c9b4a820b9cc05e8c2e806e31f561a114396941ba3a52b9eb3c7c71,moved,Astrology/Chart-Collections,fc27da703c9b4a820b9cc05e8c2e806e31f561a114396941ba3a52b9eb3c7c71,no
Astrology-Database/Birth-detail-collections/Charts Kala/Database/Politicians_Rulers/Konrad Adenauer.cht,Astrology-Database/Chart-Collections/Birth-detail-collections/Charts Kala/Database/Politicians_Rulers/Konrad Adenauer.cht,869beb65cf9529c01f7748a39dae504c495af52fc1f05c64122b1b9af747df36,869beb65cf9529c01f7748a39dae504c495af52fc1f05c64122b1b9af747df36,moved,Astrology/Chart-Collections,869beb65cf9529c01f7748a39dae504c495af52fc1f05c64122b1b9af747df36,no
Astrology-Database/Birth-detail-collections/Charts Kala/Database/Politicians_Rulers/Lady Bird Johnson.cht,Astrology-Database/Chart-Collections/Birth-detail-collections/Charts Kala/Database/Politicians_Rulers/Lady Bird Johnson.cht,7f108bf93a531e52e05dd3d1394e47a33e96a85715c4fb75a605bb5cb5a6f41b,7f108bf93a531e52e05dd3d1394e47a33e96a85715c4fb75a605bb5cb5a6f41b,moved,Astrology/Chart-Collections,7f108bf93a531e52e05dd3d1394e47a33e96a85715c4fb75a605bb5cb5a6f41b,no
Astrology-Database/Birth-detail-collections/Charts Kala/Database/Politicians_Rulers/Leon Trotsky.cht,Astrology-Database/Chart-Collections/Birth-detail-collections/Charts Kala/Database/Politicians_Rulers/Leon Trotsky.cht,c1c7663662572ca7646f0ee16e77d900d4a7c7a0aa257f358ed4f451614409ed,c1c7663662572ca7646f0ee16e77d900d4a7c7a0aa257f358ed4f451614409ed,moved,Astrology/Chart-Collections,c1c7663662572ca7646f0ee16e77d900d4a7c7a0aa257f358ed4f451614409ed,no
Astrology-Database/Birth-detail-collections/Charts Kala/Database/Politicians_Rulers/Lord Mountbatten.cht,Astrology-Database/Chart-Collections/Birth-detail-collections/Charts Kala/Database/Politicians_Rulers/Lord Mountbatten.cht,d2eb76d0b204803779d837ee5225ff3a40eb700c26e477956dea5e93956224e6,d2eb76d0b204803779d837ee5225ff3a40eb700c26e477956dea5e93956224e6,moved,Astrology/Chart-Collections,d2eb76d0b204803779d837ee5225ff3a40eb700c26e477956dea5e93956224e6,no
Astrology-Database/Birth-detail-collections/Charts Kala/Database/Politicians_Rulers/Louis XIV.cht,Astrology-Database/Chart-Collections/Birth-detail-collections/Charts Kala/Database/Politicians_Rulers/Louis XIV.cht,8ae85ef9d7a65bde8bbd060df165f080326dd5dc831c13de666cddc25d02994b,8ae85ef9d7a65bde8bbd060df165f080326dd5dc831c13de666cddc25d02994b,moved,Astrology/Chart-Collections,8ae85ef9d7a65bde8bbd060df165f080326dd5dc831c13de666cddc25d02994b,no
Astrology-Database/Birth-detail-collections/Charts Kala/Database/Politicians_Rulers/Makarios III.cht,Astrology-Database/Chart-Collections/Birth-detail-collections/Charts Kala/Database/Politicians_Rulers/Makarios III.cht,4e6acf8df1f2eb5f166243e298de9fc4cb3274f96c977753b77b1ad9dcbf88a9,4e6acf8df1f2eb5f166243e298de9fc4cb3274f96c977753b77b1ad9dcbf88a9,moved,Astrology/Chart-Collections,4e6acf8df1f2eb5f166243e298de9fc4cb3274f96c977753b77b1ad9dcbf88a9,no
Astrology-Database/Birth-detail-collections/Charts Kala/Database/Politicians_Rulers/Margaret Thatcher.cht,Astrology-Database/Chart-Collections/Birth-detail-collections/Charts Kala/Database/Politicians_Rulers/Margaret Thatcher.cht,81ae1d50641e0f4a344c29e4aa1161a9ef9f701087f04b9daa49df07ceec6ba4,81ae1d50641e0f4a344c29e4aa1161a9ef9f701087f04b9daa49df07ceec6ba4,moved,Astrology/Chart-Collections,81ae1d50641e0f4a344c29e4aa1161a9ef9f701087f04b9daa49df07ceec6ba4,no
Astrology-Database/Birth-detail-collections/Charts Kala/Database/Politicians_Rulers/Maureen.cht,Astrology-Database/Chart-Collections/Birth-detail-collections/Charts Kala/Database/Politicians_Rulers/Maureen.cht,9cd923fdd211001f2df52120b37cdc9c728cbbd645506a4a5fad5aef229cb922,9cd923fdd211001f2df52120b37cdc9c728cbbd645506a4a5fad5aef229cb922,moved,Astrology/Chart-Collections,9cd923fdd211001f2df52120b37cdc9c728cbbd645506a4a5fad5aef229cb922,no
Astrology-Database/Birth-detail-collections/Charts Kala/Database/Politicians_Rulers/Maximilian_ Emperor.cht,Astrology-Database/Chart-Collections/Birth-detail-collections/Charts Kala/Database/Politicians_Rulers/Maximilian_ Emperor.cht,63cff0cecce1f95eeb06dd9ce11677fba1dc60491f8db7c31305c374c9c8f432,63cff0cecce1f95eeb06dd9ce11677fba1dc60491f8db7c31305c374c9c8f432,moved,Astrology/Chart-Collections,63cff0cecce1f95eeb06dd9ce11677fba1dc60491f8db7c31305c374c9c8f432,no
Astrology-Database/Birth-detail-collections/Charts Kala/Database/Politicians_Rulers/Mccain 2.cht,Astrology-Database/Chart-Collections/Birth-detail-collections/Charts Kala/Database/Politicians_Rulers/Mccain 2.cht,376b0e501c4dfd8158c536addfd57f760b55401ad09adc580c1ed1e518257c41,376b0e501c4dfd8158c536addfd57f760b55401ad09adc580c1ed1e518257c41,moved,Astrology/Chart-Collections,376b0e501c4dfd8158c536addfd57f760b55401ad09adc580c1ed1e518257c41,no
Astrology-Database/Birth-detail-collections/Charts Kala/Database/Politicians_Rulers/McCain.cht,Astrology-Database/Chart-Collections/Birth-detail-collections/Charts Kala/Database/Politicians_Rulers/McCain.cht,833fbec98daa065cc5c70a624c5438273128dc3aa5b8d90646f60ab0ce3755ea,833fbec98daa065cc5c70a624c5438273128dc3aa5b8d90646f60ab0ce3755ea,moved,Astrology/Chart-Collections,833fbec98daa065cc5c70a624c5438273128dc3aa5b8d90646f60ab0ce3755ea,no
Astrology-Database/Birth-detail-collections/Charts Kala/Database/Politicians_Rulers/Meet Barbara.cht,Astrology-Database/Chart-Collections/Birth-detail-collections/Charts Kala/Database/Politicians_Rulers/Meet Barbara.cht,c9215b220b32fcfa5ce877ec2b59cbf02c9b64032da1e4486dd3250ffee4bcdf,c9215b220b32fcfa5ce877ec2b59cbf02c9b64032da1e4486dd3250ffee4bcdf,moved,Astrology/Chart-Collections,c9215b220b32fcfa5ce877ec2b59cbf02c9b64032da1e4486dd3250ffee4bcdf,no
Astrology-Database/Birth-detail-collections/Charts Kala/Database/Politicians_Rulers/Mikhail Gorbachev.cht,Astrology-Database/Chart-Collections/Birth-detail-collections/Charts Kala/Database/Politicians_Rulers/Mikhail Gorbachev.cht,f6b39572246897c93b86fd8b1aa347d79b0f85d58b1f0a724da99a99628d2025,f6b39572246897c93b86fd8b1aa347d79b0f85d58b1f0a724da99a99628d2025,moved,Astrology/Chart-Collections,f6b39572246897c93b86fd8b1aa347d79b0f85d58b1f0a724da99a99628d2025,no
Astrology-Database/Birth-detail-collections/Charts Kala/Database/Politicians_Rulers/Morarjii Desai.cht,Astrology-Database/Chart-Collections/Birth-detail-collections/Charts Kala/Database/Politicians_Rulers/Morarjii Desai.cht,fe693358e4b99b2ab3bbfafaa4cf89b3945ba5a2a17eb396cd889adf350cec66,fe693358e4b99b2ab3bbfafaa4cf89b3945ba5a2a17eb396cd889adf350cec66,moved,Astrology/Chart-Collections,fe693358e4b99b2ab3bbfafaa4cf89b3945ba5a2a17eb396cd889adf350cec66,no
Astrology-Database/Birth-detail-collections/Charts Kala/Database/Politicians_Rulers/Nancy Reagan.cht,Astrology-Database/Chart-Collections/Birth-detail-collections/Charts Kala/Database/Politicians_Rulers/Nancy Reagan.cht,003929125b3eedbd8078bb1472da1b5a425a310f3113389a69aaf77e1048cdbd,003929125b3eedbd8078bb1472da1b5a425a310f3113389a69aaf77e1048cdbd,moved,Astrology/Chart-Collections,003929125b3eedbd8078bb1472da1b5a425a310f3113389a69aaf77e1048cdbd,no
Astrology-Database/Birth-detail-collections/Charts Kala/Database/Politicians_Rulers/Napoleon III.cht,Astrology-Database/Chart-Collections/Birth-detail-collections/Charts Kala/Database/Politicians_Rulers/Napoleon III.cht,e434695e6b3d06678c15af758359f90302361e4a317b2bfef283ad24ff2e2668,e434695e6b3d06678c15af758359f90302361e4a317b2bfef283ad24ff2e2668,moved,Astrology/Chart-Collections,e434695e6b3d06678c15af758359f90302361e4a317b2bfef283ad24ff2e2668,no
Astrology-Database/Birth-detail-collections/Charts Kala/Database/Politicians_Rulers/Nelson Mandela.cht,Astrology-Database/Chart-Collections/Birth-detail-collections/Charts Kala/Database/Politicians_Rulers/Nelson Mandela.cht,4fe0d7e913ba71ce98e1933d932517085ea3dfa55c2c852295fd3770e1ebd17c,4fe0d7e913ba71ce98e1933d932517085ea3dfa55c2c852295fd3770e1ebd17c,moved,Astrology/Chart-Collections,4fe0d7e913ba71ce98e1933d932517085ea3dfa55c2c852295fd3770e1ebd17c,no
Astrology-Database/Birth-detail-collections/Charts Kala/Database/Politicians_Rulers/Nicholas II.cht,Astrology-Database/Chart-Collections/Birth-detail-collections/Charts Kala/Database/Politicians_Rulers/Nicholas II.cht,c91b92d75e89d6f7ec1e871be420088a902fa17c1722cc72e1edcbb9cc11ad20,c91b92d75e89d6f7ec1e871be420088a902fa17c1722cc72e1edcbb9cc11ad20,moved,Astrology/Chart-Collections,c91b92d75e89d6f7ec1e871be420088a902fa17c1722cc72e1edcbb9cc11ad20,no
Astrology-Database/Birth-detail-collections/Charts Kala/Database/Politicians_Rulers/Pat Nixon.cht,Astrology-Database/Chart-Collections/Birth-detail-collections/Charts Kala/Database/Politicians_Rulers/Pat Nixon.cht,9be48a14b853f8f51f31746195fdd9d93206c83cbbd2c392e0f71b395cf49710,9be48a14b853f8f51f31746195fdd9d93206c83cbbd2c392e0f71b395cf49710,moved,Astrology/Chart-Collections,9be48a14b853f8f51f31746195fdd9d93206c83cbbd2c392e0f71b395cf49710,no
Astrology-Database/Birth-detail-collections/Charts Kala/Database/Politicians_Rulers/Pierre Trudeau.cht,Astrology-Database/Chart-Collections/Birth-detail-collections/Charts Kala/Database/Politicians_Rulers/Pierre Trudeau.cht,c88e172569cdce39832d7876e33d6821854533844405655635fc0c4c4786367b,c88e172569cdce39832d7876e33d6821854533844405655635fc0c4c4786367b,moved,Astrology/Chart-Collections,c88e172569cdce39832d7876e33d6821854533844405655635fc0c4c4786367b,no
Astrology-Database/Birth-detail-collections/Charts Kala/Database/Politicians_Rulers/Prince Charles.cht,Astrology-Database/Chart-Collections/Birth-detail-collections/Charts Kala/Database/Politicians_Rulers/Prince Charles.cht,2779c2c586d76352dbcafb62bd0da0c59c3ce4771b19bf61643570be57a1db84,2779c2c586d76352dbcafb62bd0da0c59c3ce4771b19bf61643570be57a1db84,moved,Astrology/Chart-Collections,2779c2c586d76352dbcafb62bd0da0c59c3ce4771b19bf61643570be57a1db84,no
Astrology-Database/Birth-detail-collections/Charts Kala/Database/Politicians_Rulers/Prince William.cht,Astrology-Database/Chart-Collections/Birth-detail-collections/Charts Kala/Database/Politicians_Rulers/Prince William.cht,239ad34bf95cf593dc012ee21f41729deb3d242914cbb7b6a0c1c03eaa98ce88,239ad34bf95cf593dc012ee21f41729deb3d242914cbb7b6a0c1c03eaa98ce88,moved,Astrology/Chart-Collections,239ad34bf95cf593dc012ee21f41729deb3d242914cbb7b6a0c1c03eaa98ce88,no
Astrology-Database/Birth-detail-collections/Charts Kala/Database/Politicians_Rulers/Princess Diana.cht,Astrology-Database/Chart-Collections/Birth-detail-collections/Charts Kala/Database/Politicians_Rulers/Princess Diana.cht,32484fd8ab75ad1567dec0dad86e4b92f18fe0e9e0f7a0e9915e3a12bac538af,32484fd8ab75ad1567dec0dad86e4b92f18fe0e9e0f7a0e9915e3a12bac538af,moved,Astrology/Chart-Collections,32484fd8ab75ad1567dec0dad86e4b92f18fe0e9e0f7a0e9915e3a12bac538af,no
Astrology-Database/Birth-detail-collections/Charts Kala/Database/Politicians_Rulers/Queen Anne.cht,Astrology-Database/Chart-Collections/Birth-detail-collections/Charts Kala/Database/Politicians_Rulers/Queen Anne.cht,1934337dffe201c90e8718cca7ce173aaaf715376702fd383399dc13e9671dfe,1934337dffe201c90e8718cca7ce173aaaf715376702fd383399dc13e9671dfe,moved,Astrology/Chart-Collections,1934337dffe201c90e8718cca7ce173aaaf715376702fd383399dc13e9671dfe,no
Astrology-Database/Birth-detail-collections/Charts Kala/Database/Politicians_Rulers/Rajiv Gandhi.cht,Astrology-Database/Chart-Collections/Birth-detail-collections/Charts Kala/Database/Politicians_Rulers/Rajiv Gandhi.cht,b3c3c99fe75f39978d8f872406f4206dd63164e9f12dce340fad8e9df26a27be,b3c3c99fe75f39978d8f872406f4206dd63164e9f12dce340fad8e9df26a27be,moved,Astrology/Chart-Collections,b3c3c99fe75f39978d8f872406f4206dd63164e9f12dce340fad8e9df26a27be,no
Astrology-Database/Birth-detail-collections/Charts Kala/Database/Politicians_Rulers/Richard Cromwell.cht,Astrology-Database/Chart-Collections/Birth-detail-collections/Charts Kala/Database/Politicians_Rulers/Richard Cromwell.cht,2d432b344505358b20c6b804128b216e9b41361abdf7553eaec1e23c270b6297,2d432b344505358b20c6b804128b216e9b41361abdf7553eaec1e23c270b6297,moved,Astrology/Chart-Collections,2d432b344505358b20c6b804128b216e9b41361abdf7553eaec1e23c270b6297,no
Astrology-Database/Birth-detail-collections/Charts Kala/Database/Politicians_Rulers/Richard Nixon.cht,Astrology-Database/Chart-Collections/Birth-detail-collections/Charts Kala/Database/Politicians_Rulers/Richard Nixon.cht,1945195222bab15513fd132bee4868252584a01b39a4d85f64f2a219905173b2,1945195222bab15513fd132bee4868252584a01b39a4d85f64f2a219905173b2,moved,Astrology/Chart-Collections,1945195222bab15513fd132bee4868252584a01b39a4d85f64f2a219905173b2,no
Astrology-Database/Birth-detail-collections/Charts Kala/Database/Politicians_Rulers/Robert.Kennedy.cht,Astrology-Database/Chart-Collections/Birth-detail-collections/Charts Kala/Database/Politicians_Rulers/Robert.Kennedy.cht,f94379ec38ed9e5e13e0c57947dbcf959b868b2a12b9f50f9befe4074af6cbf2,f94379ec38ed9e5e13e0c57947dbcf959b868b2a12b9f50f9befe4074af6cbf2,moved,Astrology/Chart-Collections,f94379ec38ed9e5e13e0c57947dbcf959b868b2a12b9f50f9befe4074af6cbf2,no
Astrology-Database/Birth-detail-collections/Charts Kala/Database/Politicians_Rulers/Rosalyn Carter.cht,Astrology-Database/Chart-Collections/Birth-detail-collections/Charts Kala/Database/Politicians_Rulers/Rosalyn Carter.cht,18dcd1dc14a58ddfe074be4437bcc3bc1c7d25533c70d0d06ab862cf263c7fc6,18dcd1dc14a58ddfe074be4437bcc3bc1c7d25533c70d0d06ab862cf263c7fc6,moved,Astrology/Chart-Collections,18dcd1dc14a58ddfe074be4437bcc3bc1c7d25533c70d0d06ab862cf263c7fc6,no
Astrology-Database/Birth-detail-collections/Charts Kala/Database/Politicians_Rulers/Ross Perot.cht,Astrology-Database/Chart-Collections/Birth-detail-collections/Charts Kala/Database/Politicians_Rulers/Ross Perot.cht,bb91e5f5c484f5a084985fc4e693fe82e70e449661c5563c641a16babad9d181,bb91e5f5c484f5a084985fc4e693fe82e70e449661c5563c641a16babad9d181,moved,Astrology/Chart-Collections,bb91e5f5c484f5a084985fc4e693fe82e70e449661c5563c641a16babad9d181,no
Astrology-Database/Birth-detail-collections/Charts Kala/Database/Politicians_Rulers/Saddam Hussein.cht,Astrology-Database/Chart-Collections/Birth-detail-collections/Charts Kala/Database/Politicians_Rulers/Saddam Hussein.cht,60dfbf57f8c492e138430c09264dbdb8b9a109d4b8956ab853ec3f6d183122f5,60dfbf57f8c492e138430c09264dbdb8b9a109d4b8956ab853ec3f6d183122f5,moved,Astrology/Chart-Collections,60dfbf57f8c492e138430c09264dbdb8b9a109d4b8956ab853ec3f6d183122f5,no
Astrology-Database/Birth-detail-collections/Charts Kala/Database/Politicians_Rulers/Sarah Palin.cht,Astrology-Database/Chart-Collections/Birth-detail-collections/Charts Kala/Database/Politicians_Rulers/Sarah Palin.cht,6fade9401d848014047cb707cdcfbbe4bea65cdcfacd80f6afdc9e55b5b02bb9,6fade9401d848014047cb707cdcfbbe4bea65cdcfacd80f6afdc9e55b5b02bb9,moved,Astrology/Chart-Collections,6fade9401d848014047cb707cdcfbbe4bea65cdcfacd80f6afdc9e55b5b02bb9,no
Astrology-Database/Birth-detail-collections/Charts Kala/Database/Politicians_Rulers/Tallygrand-Perigord.cht,Astrology-Database/Chart-Collections/Birth-detail-collections/Charts Kala/Database/Politicians_Rulers/Tallygrand-Perigord.cht,6bd6f4cb282e3ec1a4ced85cb88861817f027739caf6294f72bef36f0a6a6ae7,6bd6f4cb282e3ec1a4ced85cb88861817f027739caf6294f72bef36f0a6a6ae7,moved,Astrology/Chart-Collections,6bd6f4cb282e3ec1a4ced85cb88861817f027739caf6294f72bef36f0a6a6ae7,no
Astrology-Database/Birth-detail-collections/Charts Kala/Database/Politicians_Rulers/Ted Kennedy.cht,Astrology-Database/Chart-Collections/Birth-detail-collections/Charts Kala/Database/Politicians_Rulers/Ted Kennedy.cht,ffde6d1dfe4ab9ef2ad8cb838f8c03cc532968aaf92e2c250a92a3c7a1ae8a97,ffde6d1dfe4ab9ef2ad8cb838f8c03cc532968aaf92e2c250a92a3c7a1ae8a97,moved,Astrology/Chart-Collections,ffde6d1dfe4ab9ef2ad8cb838f8c03cc532968aaf92e2c250a92a3c7a1ae8a97,no
Astrology-Database/Birth-detail-collections/Charts Kala/Database/Politicians_Rulers/Theodore Roosevelt.cht,Astrology-Database/Chart-Collections/Birth-detail-collections/Charts Kala/Database/Politicians_Rulers/Theodore Roosevelt.cht,968ead76f0bf8bd72297e7c1486b9581ee01ade1f417aa5327f1533c182aae0a,968ead76f0bf8bd72297e7c1486b9581ee01ade1f417aa5327f1533c182aae0a,moved,Astrology/Chart-Collections,968ead76f0bf8bd72297e7c1486b9581ee01ade1f417aa5327f1533c182aae0a,no
Astrology-Database/Birth-detail-collections/Charts Kala/Database/Politicians_Rulers/Thomas E Dewey.cht,Astrology-Database/Chart-Collections/Birth-detail-collections/Charts Kala/Database/Politicians_Rulers/Thomas E Dewey.cht,76346975201d4399fbf40a2ba46c59361baa22b9a687a237462105d3703df9d1,76346975201d4399fbf40a2ba46c59361baa22b9a687a237462105d3703df9d1,moved,Astrology/Chart-Collections,76346975201d4399fbf40a2ba46c59361baa22b9a687a237462105d3703df9d1,no
Astrology-Database/Birth-detail-collections/Charts Kala/Database/Politicians_Rulers/Thomas Paine.cht,Astrology-Database/Chart-Collections/Birth-detail-collections/Charts Kala/Database/Politicians_Rulers/Thomas Paine.cht,a761c05a419911e49097492e56f3c6d2bd6258de10b62b8422548a3eec6a812c,a761c05a419911e49097492e56f3c6d2bd6258de10b62b8422548a3eec6a812c,moved,Astrology/Chart-Collections,a761c05a419911e49097492e56f3c6d2bd6258de10b62b8422548a3eec6a812c,no
Astrology-Database/Birth-detail-collections/Charts Kala/Database/Politicians_Rulers/Toussaint_ L'ouverture.cht,Astrology-Database/Chart-Collections/Birth-detail-collections/Charts Kala/Database/Politicians_Rulers/Toussaint_ L'ouverture.cht,bc02eb72394f059042bf96a5f633b018c46e3c53a801b3a23cf8f43c78e6e29c,bc02eb72394f059042bf96a5f633b018c46e3c53a801b3a23cf8f43c78e6e29c,moved,Astrology/Chart-Collections,bc02eb72394f059042bf96a5f633b018c46e3c53a801b3a23cf8f43c78e6e29c,no
Astrology-Database/Birth-detail-collections/Charts Kala/Database/Politicians_Rulers/Walter Mondale.cht,Astrology-Database/Chart-Collections/Birth-detail-collections/Charts Kala/Database/Politicians_Rulers/Walter Mondale.cht,eba18770b587cc67d0692579ff72c76018bc50aed32c490904e7032decf60843,eba18770b587cc67d0692579ff72c76018bc50aed32c490904e7032decf60843,moved,Astrology/Chart-Collections,eba18770b587cc67d0692579ff72c76018bc50aed32c490904e7032decf60843,no
Astrology-Database/Birth-detail-collections/Charts Kala/Database/Politicians_Rulers/Wendell Willkie.cht,Astrology-Database/Chart-Collections/Birth-detail-collections/Charts Kala/Database/Politicians_Rulers/Wendell Willkie.cht,00eb582ae3406aa5202d87e7fafdd9355c0ba9a51ee48eb5a98cb5eb4844c1d6,00eb582ae3406aa5202d87e7fafdd9355c0ba9a51ee48eb5a98cb5eb4844c1d6,moved,Astrology/Chart-Collections,00eb582ae3406aa5202d87e7fafdd9355c0ba9a51ee48eb5a98cb5eb4844c1d6,no
Astrology-Database/Birth-detail-collections/Charts Kala/Database/Politicians_Rulers/Wilhelmina.cht,Astrology-Database/Chart-Collections/Birth-detail-collections/Charts Kala/Database/Politicians_Rulers/Wilhelmina.cht,ceb5f6758acf6c6e79be7f692234bc4c936d2fb11e4696989b2ec5f406c438a5,ceb5f6758acf6c6e79be7f692234bc4c936d2fb11e4696989b2ec5f406c438a5,moved,Astrology/Chart-Collections,ceb5f6758acf6c6e79be7f692234bc4c936d2fb11e4696989b2ec5f406c438a5,no
Astrology-Database/Birth-detail-collections/Charts Kala/Database/Politicians_Rulers/William Harrison.cht,Astrology-Database/Chart-Collections/Birth-detail-collections/Charts Kala/Database/Politicians_Rulers/William Harrison.cht,0435befe4b45eb180337c12bfa9d5717d1186089c1ac7e2bfc789e2eda596696,0435befe4b45eb180337c12bfa9d5717d1186089c1ac7e2bfc789e2eda596696,moved,Astrology/Chart-Collections,0435befe4b45eb180337c12bfa9d5717d1186089c1ac7e2bfc789e2eda596696,no
Astrology-Database/Birth-detail-collections/Charts Kala/Database/Politicians_Rulers/William Howard Taft.cht,Astrology-Database/Chart-Collections/Birth-detail-collections/Charts Kala/Database/Politicians_Rulers/William Howard Taft.cht,ce5fed1931be8ec82314846e439d9c0c66fce18c9916344242c71bb00fb81a33,ce5fed1931be8ec82314846e439d9c0c66fce18c9916344242c71bb00fb81a33,moved,Astrology/Chart-Collections,ce5fed1931be8ec82314846e439d9c0c66fce18c9916344242c71bb00fb81a33,no
Astrology-Database/Birth-detail-collections/Charts Kala/Database/Scientists_Inventors/Adolf Butenandt.cht,Astrology-Database/Chart-Collections/Birth-detail-collections/Charts Kala/Database/Scientists_Inventors/Adolf Butenandt.cht,b5e8c689ee9422ab8004745b748593f81ee74de483afcfbd1972b16ebe7a9d82,b5e8c689ee9422ab8004745b748593f81ee74de483afcfbd1972b16ebe7a9d82,moved,Astrology/Chart-Collections,b5e8c689ee9422ab8004745b748593f81ee74de483afcfbd1972b16ebe7a9d82,no
Astrology-Database/Birth-detail-collections/Charts Kala/Database/Scientists_Inventors/Albert Einstein.cht,Astrology-Database/Chart-Collections/Birth-detail-collections/Charts Kala/Database/Scientists_Inventors/Albert Einstein.cht,d2d6e2cdf4f17ba84ed4d11d422abab6a8618e7100afad07a38ee02c5da098d5,d2d6e2cdf4f17ba84ed4d11d422abab6a8618e7100afad07a38ee02c5da098d5,moved,Astrology/Chart-Collections,d2d6e2cdf4f17ba84ed4d11d422abab6a8618e7100afad07a38ee02c5da098d5,no
Astrology-Database/Birth-detail-collections/Charts Kala/Database/Scientists_Inventors/Benjamin Franklin.cht,Astrology-Database/Chart-Collections/Birth-detail-collections/Charts Kala/Database/Scientists_Inventors/Benjamin Franklin.cht,269fea876d8ef6d6e52913bc338b7502c6821ca3f6854050fa5b1f1db7691664,269fea876d8ef6d6e52913bc338b7502c6821ca3f6854050fa5b1f1db7691664,moved,Astrology/Chart-Collections,269fea876d8ef6d6e52913bc338b7502c6821ca3f6854050fa5b1f1db7691664,no
Astrology-Database/Birth-detail-collections/Charts Kala/Database/Scientists_Inventors/Buzz Aldrin.cht,Astrology-Database/Chart-Collections/Birth-detail-collections/Charts Kala/Database/Scientists_Inventors/Buzz Aldrin.cht,ea787a9b9d9c5116fef5191f4e773c49e2bcdf4153a29dae9f106417a9c4abcb,ea787a9b9d9c5116fef5191f4e773c49e2bcdf4153a29dae9f106417a9c4abcb,moved,Astrology/Chart-Collections,ea787a9b9d9c5116fef5191f4e773c49e2bcdf4153a29dae9f106417a9c4abcb,no
Astrology-Database/Birth-detail-collections/Charts Kala/Database/Scientists_Inventors/Enrico Fermi.cht,Astrology-Database/Chart-Collections/Birth-detail-collections/Charts Kala/Database/Scientists_Inventors/Enrico Fermi.cht,45ed4d393ddeb11bd0de212d802f5bb662ccefc59de718e18995076d890ccd2b,45ed4d393ddeb11bd0de212d802f5bb662ccefc59de718e18995076d890ccd2b,moved,Astrology/Chart-Collections,45ed4d393ddeb11bd0de212d802f5bb662ccefc59de718e18995076d890ccd2b,no
Astrology-Database/Birth-detail-collections/Charts Kala/Database/Scientists_Inventors/Giorgio Abetti.cht,Astrology-Database/Chart-Collections/Birth-detail-collections/Charts Kala/Database/Scientists_Inventors/Giorgio Abetti.cht,2d1741dbae356f7e3d4fdaa90d834f7048e5c6725bd886a8458434455b665311,2d1741dbae356f7e3d4fdaa90d834f7048e5c6725bd886a8458434455b665311,moved,Astrology/Chart-Collections,2d1741dbae356f7e3d4fdaa90d834f7048e5c6725bd886a8458434455b665311,no
Astrology-Database/Birth-detail-collections/Charts Kala/Database/Scientists_Inventors/Hans Adolf Krebs.cht,Astrology-Database/Chart-Collections/Birth-detail-collections/Charts Kala/Database/Scientists_Inventors/Hans Adolf Krebs.cht,a63efeac07f7ef1dcdeea5ef8936aeca8736cf715612179d9d0e10646c3badf7,a63efeac07f7ef1dcdeea5ef8936aeca8736cf715612179d9d0e10646c3badf7,moved,Astrology/Chart-Collections,a63efeac07f7ef1dcdeea5ef8936aeca8736cf715612179d9d0e10646c3badf7,no
Astrology-Database/Birth-detail-collections/Charts Kala/Database/Scientists_Inventors/Henry Ford.cht,Astrology-Database/Chart-Collections/Birth-detail-collections/Charts Kala/Database/Scientists_Inventors/Henry Ford.cht,b673271de17fd6d985e29f39becbf5c58463156e1197ab0253e17af121c643ff,b673271de17fd6d985e29f39becbf5c58463156e1197ab0253e17af121c643ff,moved,Astrology/Chart-Collections,b673271de17fd6d985e29f39becbf5c58463156e1197ab0253e17af121c643ff,no
Astrology-Database/Birth-detail-collections/Charts Kala/Database/Scientists_Inventors/John Delorean.cht,Astrology-Database/Chart-Collections/Birth-detail-collections/Charts Kala/Database/Scientists_Inventors/John Delorean.cht,d1238c404b025acd156471fd4393c5478f5a6fc1ab1f25ab6a0686095016fbda,d1238c404b025acd156471fd4393c5478f5a6fc1ab1f25ab6a0686095016fbda,moved,Astrology/Chart-Collections,d1238c404b025acd156471fd4393c5478f5a6fc1ab1f25ab6a0686095016fbda,no
Astrology-Database/Birth-detail-collections/Charts Kala/Database/Scientists_Inventors/Margaret Mead.cht,Astrology-Database/Chart-Collections/Birth-detail-collections/Charts Kala/Database/Scientists_Inventors/Margaret Mead.cht,ff4cb5862262809c5df787cb5b664ba23dc230c870dfea8d600e68961245bc5b,ff4cb5862262809c5df787cb5b664ba23dc230c870dfea8d600e68961245bc5b,moved,Astrology/Chart-Collections,ff4cb5862262809c5df787cb5b664ba23dc230c870dfea8d600e68961245bc5b,no
Astrology-Database/Birth-detail-collections/Charts Kala/Database/Scientists_Inventors/Marie Curie.cht,Astrology-Database/Chart-Collections/Birth-detail-collections/Charts Kala/Database/Scientists_Inventors/Marie Curie.cht,66005d14c05102aff8c5c0d7d97dc3ee3c3a08c77a82ef3996fcc210bfbaddea,66005d14c05102aff8c5c0d7d97dc3ee3c3a08c77a82ef3996fcc210bfbaddea,moved,Astrology/Chart-Collections,66005d14c05102aff8c5c0d7d97dc3ee3c3a08c77a82ef3996fcc210bfbaddea,no
Astrology-Database/Birth-detail-collections/Charts Kala/Database/Scientists_Inventors/Micheal J SMith.cht,Astrology-Database/Chart-Collections/Birth-detail-collections/Charts Kala/Database/Scientists_Inventors/Micheal J SMith.cht,8b3c91072a22192ef475db3a42e8205b1c677ad911c953f6f5767b6b72e4b04f,8b3c91072a22192ef475db3a42e8205b1c677ad911c953f6f5767b6b72e4b04f,moved,Astrology/Chart-Collections,8b3c91072a22192ef475db3a42e8205b1c677ad911c953f6f5767b6b72e4b04f,no
Astrology-Database/Birth-detail-collections/Charts Kala/Database/Scientists_Inventors/Nikola Tesla.cht,Astrology-Database/Chart-Collections/Birth-detail-collections/Charts Kala/Database/Scientists_Inventors/Nikola Tesla.cht,1c218f1fa62d9daf2d927a3bab1fff49b0975ba62620dc90e1aba5d8aa718de4,1c218f1fa62d9daf2d927a3bab1fff49b0975ba62620dc90e1aba5d8aa718de4,moved,Astrology/Chart-Collections,1c218f1fa62d9daf2d927a3bab1fff49b0975ba62620dc90e1aba5d8aa718de4,no
Astrology-Database/Birth-detail-collections/Charts Kala/Database/Scientists_Inventors/Orville Wright.cht,Astrology-Database/Chart-Collections/Birth-detail-collections/Charts Kala/Database/Scientists_Inventors/Orville Wright.cht,680c06b7eef57a41e241ee52b7c7c124a95fb67724d2ffc2ec43f4f1156cafc2,680c06b7eef57a41e241ee52b7c7c124a95fb67724d2ffc2ec43f4f1156cafc2,moved,Astrology/Chart-Collections,680c06b7eef57a41e241ee52b7c7c124a95fb67724d2ffc2ec43f4f1156cafc2,no
Astrology-Database/Birth-detail-collections/Charts Kala/Database/Scientists_Inventors/Paul Muller.cht,Astrology-Database/Chart-Collections/Birth-detail-collections/Charts Kala/Database/Scientists_Inventors/Paul Muller.cht,ed8711334a70c5105c4de109b27f8379207cd329d05763196d614bd0a65a1b0f,ed8711334a70c5105c4de109b27f8379207cd329d05763196d614bd0a65a1b0f,moved,Astrology/Chart-Collections,ed8711334a70c5105c4de109b27f8379207cd329d05763196d614bd0a65a1b0f,no
Astrology-Database/Birth-detail-collections/Charts Kala/Database/Scientists_Inventors/Tom Dooley.cht,Astrology-Database/Chart-Collections/Birth-detail-collections/Charts Kala/Database/Scientists_Inventors/Tom Dooley.cht,8d5d6e5510c91dfd3f25cb944de83da1bf6afc3fa9d6c25c16bcdaf38c84c52d,8d5d6e5510c91dfd3f25cb944de83da1bf6afc3fa9d6c25c16bcdaf38c84c52d,moved,Astrology/Chart-Collections,8d5d6e5510c91dfd3f25cb944de83da1bf6afc3fa9d6c25c16bcdaf38c84c52d,no
Astrology-Database/Birth-detail-collections/Charts Kala/Database/Scientists_Inventors/Wilbur Wright.cht,Astrology-Database/Chart-Collections/Birth-detail-collections/Charts Kala/Database/Scientists_Inventors/Wilbur Wright.cht,1563623476312df608ceb79d5ce2d885ce5fce8a1b8ccc76c9632bd3cc503a47,1563623476312df608ceb79d5ce2d885ce5fce8a1b8ccc76c9632bd3cc503a47,moved,Astrology/Chart-Collections,1563623476312df608ceb79d5ce2d885ce5fce8a1b8ccc76c9632bd3cc503a47,no
Astrology-Database/Birth-detail-collections/Charts Kala/Database/Victims/Julianne Frances Kelly.cht,Astrology-Database/Chart-Collections/Birth-detail-collections/Charts Kala/Database/Victims/Julianne Frances Kelly.cht,6da3d557a34e7d457bde42604b7f101a3a689bcc6ce5fd526d57ba205cd19010,6da3d557a34e7d457bde42604b7f101a3a689bcc6ce5fd526d57ba205cd19010,moved,Astrology/Chart-Collections,6da3d557a34e7d457bde42604b7f101a3a689bcc6ce5fd526d57ba205cd19010,no
Astrology-Database/Birth-detail-collections/Charts Kala/Database/Victims/Sexually Assaulted 1.cht,Astrology-Database/Chart-Collections/Birth-detail-collections/Charts Kala/Database/Victims/Sexually Assaulted 1.cht,d0515d8563f251154f6a300481e3399386e5907eb5b4c420327ea1a4bd10a048,d0515d8563f251154f6a300481e3399386e5907eb5b4c420327ea1a4bd10a048,moved,Astrology/Chart-Collections,d0515d8563f251154f6a300481e3399386e5907eb5b4c420327ea1a4bd10a048,no
Astrology-Database/Birth-detail-collections/Charts Kala/Jigyasa.cht,Astrology-Database/Chart-Collections/Birth-detail-collections/Charts Kala/Jigyasa.cht,cea6e6abad63984d226655aebd26f20127a88fc1ca6c7b8eafa0cec91ba13ec5,cea6e6abad63984d226655aebd26f20127a88fc1ca6c7b8eafa0cec91ba13ec5,moved,Astrology/Chart-Collections,cea6e6abad63984d226655aebd26f20127a88fc1ca6c7b8eafa0cec91ba13ec5,no
Astrology-Database/Birth-detail-collections/Charts Kala/Kala/Charts/Ayushman.cht,Astrology-Database/Chart-Collections/Birth-detail-collections/Charts Kala/Kala/Charts/Ayushman.cht,0f01969a9a9cef39374a9dd9e770cd9e6564f3feb1fe1db5d0df214d94f11d6f,0f01969a9a9cef39374a9dd9e770cd9e6564f3feb1fe1db5d0df214d94f11d6f,moved,Astrology/Chart-Collections,0f01969a9a9cef39374a9dd9e770cd9e6564f3feb1fe1db5d0df214d94f11d6f,no
Astrology-Database/Birth-detail-collections/Charts Kala/Kala/Charts/Database/Actors/Amitabh Bachchan.cht,Astrology-Database/Chart-Collections/Birth-detail-collections/Charts Kala/Kala/Charts/Database/Actors/Amitabh Bachchan.cht,84a274d9fc8b94c21a6f4e617da1bae63ade92baf486d2831505c15752f7856b,84a274d9fc8b94c21a6f4e617da1bae63ade92baf486d2831505c15752f7856b,moved,Astrology/Chart-Collections,84a274d9fc8b94c21a6f4e617da1bae63ade92baf486d2831505c15752f7856b,no
Astrology-Database/Birth-detail-collections/Charts Kala/Kala/Charts/Database/Actors/Andre Gregory.cht,Astrology-Database/Chart-Collections/Birth-detail-collections/Charts Kala/Kala/Charts/Database/Actors/Andre Gregory.cht,778a70c8d814213442087e6ca64eadce6af5e8398341b003a3ce207dac4b45ff,778a70c8d814213442087e6ca64eadce6af5e8398341b003a3ce207dac4b45ff,moved,Astrology/Chart-Collections,778a70c8d814213442087e6ca64eadce6af5e8398341b003a3ce207dac4b45ff,no
Astrology-Database/Birth-detail-collections/Charts Kala/Kala/Charts/Database/Actors/Anthony Hopkins.cht,Astrology-Database/Chart-Collections/Birth-detail-collections/Charts Kala/Kala/Charts/Database/Actors/Anthony Hopkins.cht,c40861c454b8a6bcabe70b91598def035f77ae1df3e5cb8c12f5de133f204d78,c40861c454b8a6bcabe70b91598def035f77ae1df3e5cb8c12f5de133f204d78,moved,Astrology/Chart-Collections,c40861c454b8a6bcabe70b91598def035f77ae1df3e5cb8c12f5de133f204d78,no
Astrology-Database/Birth-detail-collections/Charts Kala/Kala/Charts/Database/Actors/Antonio Banderas.cht,Astrology-Database/Chart-Collections/Birth-detail-collections/Charts Kala/Kala/Charts/Database/Actors/Antonio Banderas.cht,267e31cfa5f9fe5ac1fc678af0fe10101ce6f0fc1b1b80b2cbc5634261488b7e,267e31cfa5f9fe5ac1fc678af0fe10101ce6f0fc1b1b80b2cbc5634261488b7e,moved,Astrology/Chart-Collections,267e31cfa5f9fe5ac1fc678af0fe10101ce6f0fc1b1b80b2cbc5634261488b7e,no
Astrology-Database/Birth-detail-collections/Charts Kala/Kala/Charts/Database/Actors/Arnold Schwarzenegger.cht,Astrology-Database/Chart-Collections/Birth-detail-collections/Charts Kala/Kala/Charts/Database/Actors/Arnold Schwarzenegger.cht,8f64b930cb8f76df77567d64d95278a4c780c5c8037754dcee6dd99de455c9e0,8f64b930cb8f76df77567d64d95278a4c780c5c8037754dcee6dd99de455c9e0,moved,Astrology/Chart-Collections,8f64b930cb8f76df77567d64d95278a4c780c5c8037754dcee6dd99de455c9e0,no
Astrology-Database/Birth-detail-collections/Charts Kala/Kala/Charts/Database/Actors/Arthur Godfrey.cht,Astrology-Database/Chart-Collections/Birth-detail-collections/Charts Kala/Kala/Charts/Database/Actors/Arthur Godfrey.cht,1d0fa47c02008cf289ce579294de0e03b976fb9fe24fe22d0579e0ec51d476f8,1d0fa47c02008cf289ce579294de0e03b976fb9fe24fe22d0579e0ec51d476f8,moved,Astrology/Chart-Collections,1d0fa47c02008cf289ce579294de0e03b976fb9fe24fe22d0579e0ec51d476f8,no
Astrology-Database/Birth-detail-collections/Charts Kala/Kala/Charts/Database/Actors/Beau Bridges.cht,Astrology-Database/Chart-Collections/Birth-detail-collections/Charts Kala/Kala/Charts/Database/Actors/Beau Bridges.cht,597abc8a81171ee1866f6bdae58d5b7a81aed329eb1615c67523c30755fd6b3f,597abc8a81171ee1866f6bdae58d5b7a81aed329eb1615c67523c30755fd6b3f,moved,Astrology/Chart-Collections,597abc8a81171ee1866f6bdae58d5b7a81aed329eb1615c67523c30755fd6b3f,no
Astrology-Database/Birth-detail-collections/Charts Kala/Kala/Charts/Database/Actors/Billy Martin.cht,Astrology-Database/Chart-Collections/Birth-detail-collections/Charts Kala/Kala/Charts/Database/Actors/Billy Martin.cht,4f9289c247d4ef70b3fe135c9cae61577c1a4418a029908b96f4c22989b63e8f,4f9289c247d4ef70b3fe135c9cae61577c1a4418a029908b96f4c22989b63e8f,moved,Astrology/Chart-Collections,4f9289c247d4ef70b3fe135c9cae61577c1a4418a029908b96f4c22989b63e8f,no
Astrology-Database/Birth-detail-collections/Charts Kala/Kala/Charts/Database/Actors/Cary Grant.cht,Astrology-Database/Chart-Collections/Birth-detail-collections/Charts Kala/Kala/Charts/Database/Actors/Cary Grant.cht,fb7171da52953944624b153e5b61c045ee3a888cb711f3a8c871267979a14c06,fb7171da52953944624b153e5b61c045ee3a888cb711f3a8c871267979a14c06,moved,Astrology/Chart-Collections,fb7171da52953944624b153e5b61c045ee3a888cb711f3a8c871267979a14c06,no
Astrology-Database/Birth-detail-collections/Charts Kala/Kala/Charts/Database/Actors/Charles Bronson.cht,Astrology-Database/Chart-Collections/Birth-detail-collections/Charts Kala/Kala/Charts/Database/Actors/Charles Bronson.cht,840f717f8e8a8ac0b423b84986166e15a11a37e8cf67944cc24dc2fc1401364c,840f717f8e8a8ac0b423b84986166e15a11a37e8cf67944cc24dc2fc1401364c,moved,Astrology/Chart-Collections,840f717f8e8a8ac0b423b84986166e15a11a37e8cf67944cc24dc2fc1401364c,no
Astrology-Database/Birth-detail-collections/Charts Kala/Kala/Charts/Database/Actors/Charles Chaplin.cht,Astrology-Database/Chart-Collections/Birth-detail-collections/Charts Kala/Kala/Charts/Database/Actors/Charles Chaplin.cht,0d661019101d7b4949461ebd2c450773151388559efa7b99fd84bf5a4ef392a4,0d661019101d7b4949461ebd2c450773151388559efa7b99fd84bf5a4ef392a4,moved,Astrology/Chart-Collections,0d661019101d7b4949461ebd2c450773151388559efa7b99fd84bf5a4ef392a4,no
Astrology-Database/Birth-detail-collections/Charts Kala/Kala/Charts/Database/Actors/Charlton Heston.cht,Astrology-Database/Chart-Collections/Birth-detail-collections/Charts Kala/Kala/Charts/Database/Actors/Charlton Heston.cht,423244fe293461a250603ccff7192062429222b4bd97c3f8c9adfd31a418ca44,423244fe293461a250603ccff7192062429222b4bd97c3f8c9adfd31a418ca44,moved,Astrology/Chart-Collections,423244fe293461a250603ccff7192062429222b4bd97c3f8c9adfd31a418ca44,no
Astrology-Database/Birth-detail-collections/Charts Kala/Kala/Charts/Database/Actors/Clark Gable.cht,Astrology-Database/Chart-Collections/Birth-detail-collections/Charts Kala/Kala/Charts/Database/Actors/Clark Gable.cht,03862d4b23d3266db9cec7cff83aab0c2c0c9cac1c1c9075b9ffab0d059330f3,03862d4b23d3266db9cec7cff83aab0c2c0c9cac1c1c9075b9ffab0d059330f3,moved,Astrology/Chart-Collections,03862d4b23d3266db9cec7cff83aab0c2c0c9cac1c1c9075b9ffab0d059330f3,no
Astrology-Database/Birth-detail-collections/Charts Kala/Kala/Charts/Database/Actors/Clint Eastwood.cht,Astrology-Database/Chart-Collections/Birth-detail-collections/Charts Kala/Kala/Charts/Database/Actors/Clint Eastwood.cht,7f7f5a2506b978ea991457729073964bcef7099c19c1b3581a5e267170457865,7f7f5a2506b978ea991457729073964bcef7099c19c1b3581a5e267170457865,moved,Astrology/Chart-Collections,7f7f5a2506b978ea991457729073964bcef7099c19c1b3581a5e267170457865,no
Astrology-Database/Birth-detail-collections/Charts Kala/Kala/Charts/Database/Actors/David Hasselhoff.cht,Astrology-Database/Chart-Collections/Birth-detail-collections/Charts Kala/Kala/Charts/Database/Actors/David Hasselhoff.cht,8974ceeaf8b75693ceef9d871e50ecf4970ab5f7f120112d37c92543c2f96cb8,8974ceeaf8b75693ceef9d871e50ecf4970ab5f7f120112d37c92543c2f96cb8,moved,Astrology/Chart-Collections,8974ceeaf8b75693ceef9d871e50ecf4970ab5f7f120112d37c92543c2f96cb8,no
Astrology-Database/Birth-detail-collections/Charts Kala/Kala/Charts/Database/Actors/Don Johnson.cht,Astrology-Database/Chart-Collections/Birth-detail-collections/Charts Kala/Kala/Charts/Database/Actors/Don Johnson.cht,10ad9e49d71686b8795086d41bc9fded1a53200a0880f856775d6368151cf681,10ad9e49d71686b8795086d41bc9fded1a53200a0880f856775d6368151cf681,moved,Astrology/Chart-Collections,10ad9e49d71686b8795086d41bc9fded1a53200a0880f856775d6368151cf681,no
Astrology-Database/Birth-detail-collections/Charts Kala/Kala/Charts/Database/Actors/Douglas Fairbanks.cht,Astrology-Database/Chart-Collections/Birth-detail-collections/Charts Kala/Kala/Charts/Database/Actors/Douglas Fairbanks.cht,4df618dbf257eadc117350b42f0d92bbec1b299feb56bb28bc23fac6386c597a,4df618dbf257eadc117350b42f0d92bbec1b299feb56bb28bc23fac6386c597a,moved,Astrology/Chart-Collections,4df618dbf257eadc117350b42f0d92bbec1b299feb56bb28bc23fac6386c597a,no
Astrology-Database/Birth-detail-collections/Charts Kala/Kala/Charts/Database/Actors/Edward R. Murrow.cht,Astrology-Database/Chart-Collections/Birth-detail-collections/Charts Kala/Kala/Charts/Database/Actors/Edward R. Murrow.cht,16ce38decb1de351d7e44d5d9f972864a9fbae02bdfa63d8ad0ced5fc73afbb1,16ce38decb1de351d7e44d5d9f972864a9fbae02bdfa63d8ad0ced5fc73afbb1,moved,Astrology/Chart-Collections,16ce38decb1de351d7e44d5d9f972864a9fbae02bdfa63d8ad0ced5fc73afbb1,no
Astrology-Database/Birth-detail-collections/Charts Kala/Kala/Charts/Database/Actors/Gene Kelly.cht,Astrology-Database/Chart-Collections/Birth-detail-collections/Charts Kala/Kala/Charts/Database/Actors/Gene Kelly.cht,9cf8b69a1ed624d78b354faa91f05044ffb23539d7222a5349068b8429bdd111,9cf8b69a1ed624d78b354faa91f05044ffb23539d7222a5349068b8429bdd111,moved,Astrology/Chart-Collections,9cf8b69a1ed624d78b354faa91f05044ffb23539d7222a5349068b8429bdd111,no
Astrology-Database/Birth-detail-collections/Charts Kala/Kala/Charts/Database/Actors/Groucho Marx.cht,Astrology-Database/Chart-Collections/Birth-detail-collections/Charts Kala/Kala/Charts/Database/Actors/Groucho Marx.cht,2977c0ff12a9d6a468651d4f100944a6b532fadfd4f228c4eb6a6e62a0f910c2,2977c0ff12a9d6a468651d4f100944a6b532fadfd4f228c4eb6a6e62a0f910c2,moved,Astrology/Chart-Collections,2977c0ff12a9d6a468651d4f100944a6b532fadfd4f228c4eb6a6e62a0f910c2,no
"Astrology-Database/Birth-detail-collections/Charts Kala/Kala/Charts/Database/Actors/Harris, Richard.cht","Astrology-Database/Chart-Collections/Birth-detail-collections/Charts Kala/Kala/Charts/Database/Actors/Harris, Richard.cht",2c02ae6806bef6982c7f2c6b4b8cb6a62043bd0e2772c4481edd219059cb0bcb,2c02ae6806bef6982c7f2c6b4b8cb6a62043bd0e2772c4481edd219059cb0bcb,moved,Astrology/Chart-Collections,2c02ae6806bef6982c7f2c6b4b8cb6a62043bd0e2772c4481edd219059cb0bcb,no
Astrology-Database/Birth-detail-collections/Charts Kala/Kala/Charts/Database/Actors/Harrison Ford.cht,Astrology-Database/Chart-Collections/Birth-detail-collections/Charts Kala/Kala/Charts/Database/Actors/Harrison Ford.cht,5a459f5ceb04bb18cf4448b198984e75196f5fee7e6f9baf7d023d56e8e6277b,5a459f5ceb04bb18cf4448b198984e75196f5fee7e6f9baf7d023d56e8e6277b,moved,Astrology/Chart-Collections,5a459f5ceb04bb18cf4448b198984e75196f5fee7e6f9baf7d023d56e8e6277b,no
Astrology-Database/Birth-detail-collections/Charts Kala/Kala/Charts/Database/Actors/Humphrey Bogart.cht,Astrology-Database/Chart-Collections/Birth-detail-collections/Charts Kala/Kala/Charts/Database/Actors/Humphrey Bogart.cht,008f5cfcaf1bff016f535254e3687c295323858293e9017cd9ce4be94014e672,008f5cfcaf1bff016f535254e3687c295323858293e9017cd9ce4be94014e672,moved,Astrology/Chart-Collections,008f5cfcaf1bff016f535254e3687c295323858293e9017cd9ce4be94014e672,no
Astrology-Database/Birth-detail-collections/Charts Kala/Kala/Charts/Database/Actors/Jack Benny.cht,Astrology-Database/Chart-Collections/Birth-detail-collections/Charts Kala/Kala/Charts/Database/Actors/Jack Benny.cht,86bcfc97184705e88960fcf32be3f3d633bd7a9f75a91009be34613acb189e3f,86bcfc97184705e88960fcf32be3f3d633bd7a9f75a91009be34613acb189e3f,moved,Astrology/Chart-Collections,86bcfc97184705e88960fcf32be3f3d633bd7a9f75a91009be34613acb189e3f,no
Astrology-Database/Birth-detail-collections/Charts Kala/Kala/Charts/Database/Actors/Jack Nicholson.cht,Astrology-Database/Chart-Collections/Birth-detail-collections/Charts Kala/Kala/Charts/Database/Actors/Jack Nicholson.cht,f5e77e0b1574e397b75cbfe132d620af2bc353a72738d4aa4f6be65455a7daba,f5e77e0b1574e397b75cbfe132d620af2bc353a72738d4aa4f6be65455a7daba,moved,Astrology/Chart-Collections,f5e77e0b1574e397b75cbfe132d620af2bc353a72738d4aa4f6be65455a7daba,no
Astrology-Database/Birth-detail-collections/Charts Kala/Kala/Charts/Database/Actors/Jackie Gleason.cht,Astrology-Database/Chart-Collections/Birth-detail-collections/Charts Kala/Kala/Charts/Database/Actors/Jackie Gleason.cht,724ef70e0c733b01221d154747a4b205762853ec19b73fa3d244ced4d8440219,724ef70e0c733b01221d154747a4b205762853ec19b73fa3d244ced4d8440219,moved,Astrology/Chart-Collections,724ef70e0c733b01221d154747a4b205762853ec19b73fa3d244ced4d8440219,no
Astrology-Database/Birth-detail-collections/Charts Kala/Kala/Charts/Database/Actors/James Dean.cht,Astrology-Database/Chart-Collections/Birth-detail-collections/Charts Kala/Kala/Charts/Database/Actors/James Dean.cht,c18868ffd0ce118742f0a865793e93482204f137fbdd27a8778d3ce2fae770af,c18868ffd0ce118742f0a865793e93482204f137fbdd27a8778d3ce2fae770af,moved,Astrology/Chart-Collections,c18868ffd0ce118742f0a865793e93482204f137fbdd27a8778d3ce2fae770af,no
Astrology-Database/Birth-detail-collections/Charts Kala/Kala/Charts/Database/Actors/Jean Gabin.cht,Astrology-Database/Chart-Collections/Birth-detail-collections/Charts Kala/Kala/Charts/Database/Actors/Jean Gabin.cht,27dcdf5ecf37080771261897e8ab6c4335be18c61ed26452e8dd5642314dddca,27dcdf5ecf37080771261897e8ab6c4335be18c61ed26452e8dd5642314dddca,moved,Astrology/Chart-Collections,27dcdf5ecf37080771261897e8ab6c4335be18c61ed26452e8dd5642314dddca,no
Astrology-Database/Birth-detail-collections/Charts Kala/Kala/Charts/Database/Actors/John Belushi.cht,Astrology-Database/Chart-Collections/Birth-detail-collections/Charts Kala/Kala/Charts/Database/Actors/John Belushi.cht,fcd8e1bdb3ca63241464be1f7c43c3ce00af6dcc19a463293a1d8d5556702cc7,fcd8e1bdb3ca63241464be1f7c43c3ce00af6dcc19a463293a1d8d5556702cc7,moved,Astrology/Chart-Collections,fcd8e1bdb3ca63241464be1f7c43c3ce00af6dcc19a463293a1d8d5556702cc7,no
Astrology-Database/Birth-detail-collections/Charts Kala/Kala/Charts/Database/Actors/John Travolta.cht,Astrology-Database/Chart-Collections/Birth-detail-collections/Charts Kala/Kala/Charts/Database/Actors/John Travolta.cht,8889a20bc0b1f2d7af5e8c583d4311214925bbc83b0c92e9cab22d5ece7713ef,8889a20bc0b1f2d7af5e8c583d4311214925bbc83b0c92e9cab22d5ece7713ef,moved,Astrology/Chart-Collections,8889a20bc0b1f2d7af5e8c583d4311214925bbc83b0c92e9cab22d5ece7713ef,no
Astrology-Database/Birth-detail-collections/Charts Kala/Kala/Charts/Database/Actors/Johnny Depp.cht,Astrology-Database/Chart-Collections/Birth-detail-collections/Charts Kala/Kala/Charts/Database/Actors/Johnny Depp.cht,17f4404424fa6670b7670aa6b831272406707a2e66f1d939249a028dcba46323,17f4404424fa6670b7670aa6b831272406707a2e66f1d939249a028dcba46323,moved,Astrology/Chart-Collections,17f4404424fa6670b7670aa6b831272406707a2e66f1d939249a028dcba46323,no
Astrology-Database/Birth-detail-collections/Charts Kala/Kala/Charts/Database/Actors/Kevin Sorbo.cht,Astrology-Database/Chart-Collections/Birth-detail-collections/Charts Kala/Kala/Charts/Database/Actors/Kevin Sorbo.cht,17ccb671ff64498fd121ee68898e8eed3612a95dd15f595132b946a3c61b50cc,17ccb671ff64498fd121ee68898e8eed3612a95dd15f595132b946a3c61b50cc,moved,Astrology/Chart-Collections,17ccb671ff64498fd121ee68898e8eed3612a95dd15f595132b946a3c61b50cc,no
Astrology-Database/Birth-detail-collections/Charts Kala/Kala/Charts/Database/Actors/Lee Van Cleef.cht,Astrology-Database/Chart-Collections/Birth-detail-collections/Charts Kala/Kala/Charts/Database/Actors/Lee Van Cleef.cht,0c2db0327d364a465067da54954bcf376311584133a1133ca679e0e4fc5ac6e0,0c2db0327d364a465067da54954bcf376311584133a1133ca679e0e4fc5ac6e0,moved,Astrology/Chart-Collections,0c2db0327d364a465067da54954bcf376311584133a1133ca679e0e4fc5ac6e0,no
Astrology-Database/Birth-detail-collections/Charts Kala/Kala/Charts/Database/Actors/Lenny Bruce.cht,Astrology-Database/Chart-Collections/Birth-detail-collections/Charts Kala/Kala/Charts/Database/Actors/Lenny Bruce.cht,33f2547c64965bad3dc4c3d854cca5a7fa31061edbe8db79fcb4934ad30bcb23,33f2547c64965bad3dc4c3d854cca5a7fa31061edbe8db79fcb4934ad30bcb23,moved,Astrology/Chart-Collections,33f2547c64965bad3dc4c3d854cca5a7fa31061edbe8db79fcb4934ad30bcb23,no
Astrology-Database/Birth-detail-collections/Charts Kala/Kala/Charts/Database/Actors/Marlon Brando.cht,Astrology-Database/Chart-Collections/Birth-detail-collections/Charts Kala/Kala/Charts/Database/Actors/Marlon Brando.cht,8b672ad9cc10aa7b27ee09db2765a7a49971f7ed19738c7db8c40c3301851295,8b672ad9cc10aa7b27ee09db2765a7a49971f7ed19738c7db8c40c3301851295,moved,Astrology/Chart-Collections,8b672ad9cc10aa7b27ee09db2765a7a49971f7ed19738c7db8c40c3301851295,no
Astrology-Database/Birth-detail-collections/Charts Kala/Kala/Charts/Database/Actors/Martin Sheen.cht,Astrology-Database/Chart-Collections/Birth-detail-collections/Charts Kala/Kala/Charts/Database/Actors/Martin Sheen.cht,19765b577bff8b37cca60af1c23f13b3194439c6f46bd637fb7884fe3373d87c,19765b577bff8b37cca60af1c23f13b3194439c6f46bd637fb7884fe3373d87c,moved,Astrology/Chart-Collections,19765b577bff8b37cca60af1c23f13b3194439c6f46bd637fb7884fe3373d87c,no
"Astrology-Database/Birth-detail-collections/Charts Kala/Kala/Charts/Database/Actors/McQueen, Steve.cht","Astrology-Database/Chart-Collections/Birth-detail-collections/Charts Kala/Kala/Charts/Database/Actors/McQueen, Steve.cht",345aa5194f785b4e5005745599d46a14bcb4c5096d08c6261dd92644c6792cef,345aa5194f785b4e5005745599d46a14bcb4c5096d08c6261dd92644c6792cef,moved,Astrology/Chart-Collections,345aa5194f785b4e5005745599d46a14bcb4c5096d08c6261dd92644c6792cef,no
Astrology-Database/Birth-detail-collections/Charts Kala/Kala/Charts/Database/Actors/Mel Gibson.cht,Astrology-Database/Chart-Collections/Birth-detail-collections/Charts Kala/Kala/Charts/Database/Actors/Mel Gibson.cht,967b2e067b9704b311000c80bd49b8827d6a7e334bc392b69481110f44e3bebd,967b2e067b9704b311000c80bd49b8827d6a7e334bc392b69481110f44e3bebd,moved,Astrology/Chart-Collections,967b2e067b9704b311000c80bd49b8827d6a7e334bc392b69481110f44e3bebd,no
Astrology-Database/Birth-detail-collections/Charts Kala/Kala/Charts/Database/Actors/Merv Griffin.cht,Astrology-Database/Chart-Collections/Birth-detail-collections/Charts Kala/Kala/Charts/Database/Actors/Merv Griffin.cht,0dfa6887d5c108b8054f4f32e5979c32d316a2c2b2c2f98f5b9d1a64e7eca274,0dfa6887d5c108b8054f4f32e5979c32d316a2c2b2c2f98f5b9d1a64e7eca274,moved,Astrology/Chart-Collections,0dfa6887d5c108b8054f4f32e5979c32d316a2c2b2c2f98f5b9d1a64e7eca274,no
Astrology-Database/Birth-detail-collections/Charts Kala/Kala/Charts/Database/Actors/Michael J Fox.cht,Astrology-Database/Chart-Collections/Birth-detail-collections/Charts Kala/Kala/Charts/Database/Actors/Michael J Fox.cht,d27d591ad69906899461389caf3d549af9b010ff8ddb8c08812113be294c8e5a,d27d591ad69906899461389caf3d549af9b010ff8ddb8c08812113be294c8e5a,moved,Astrology/Chart-Collections,d27d591ad69906899461389caf3d549af9b010ff8ddb8c08812113be294c8e5a,no
Astrology-Database/Birth-detail-collections/Charts Kala/Kala/Charts/Database/Actors/Micheal Moriarty.cht,Astrology-Database/Chart-Collections/Birth-detail-collections/Charts Kala/Kala/Charts/Database/Actors/Micheal Moriarty.cht,fc8430a1e6d2c8227c6ad03d46ab5b38108e791e9d4428014d833f7b30953740,fc8430a1e6d2c8227c6ad03d46ab5b38108e791e9d4428014d833f7b30953740,moved,Astrology/Chart-Collections,fc8430a1e6d2c8227c6ad03d46ab5b38108e791e9d4428014d833f7b30953740,no
"Astrology-Database/Birth-detail-collections/Charts Kala/Kala/Charts/Database/Actors/Murphy, Audie.cht","Astrology-Database/Chart-Collections/Birth-detail-collections/Charts Kala/Kala/Charts/Database/Actors/Murphy, Audie.cht",952ee4236608e6bb5298de29347f6b7543b0b1d51aeda4ba46b78c782eb96dec,952ee4236608e6bb5298de29347f6b7543b0b1d51aeda4ba46b78c782eb96dec,moved,Astrology/Chart-Collections,952ee4236608e6bb5298de29347f6b7543b0b1d51aeda4ba46b78c782eb96dec,no
"Astrology-Database/Birth-detail-collections/Charts Kala/Kala/Charts/Database/Actors/Nielsen, Leslie.cht","Astrology-Database/Chart-Collections/Birth-detail-collections/Charts Kala/Kala/Charts/Database/Actors/Nielsen, Leslie.cht",4602c4b21a58812d2740a7e9a2044b9e0a1491752a19ba48c57f99bcbfacb6fa,4602c4b21a58812d2740a7e9a2044b9e0a1491752a19ba48c57f99bcbfacb6fa,moved,Astrology/Chart-Collections,4602c4b21a58812d2740a7e9a2044b9e0a1491752a19ba48c57f99bcbfacb6fa,no
Astrology-Database/Birth-detail-collections/Charts Kala/Kala/Charts/Database/Actors/Omar Sharif.cht,Astrology-Database/Chart-Collections/Birth-detail-collections/Charts Kala/Kala/Charts/Database/Actors/Omar Sharif.cht,bec8fcc46504de70649b365b2e0be18dd19b6c264dce848e553919d75193966b,bec8fcc46504de70649b365b2e0be18dd19b6c264dce848e553919d75193966b,moved,Astrology/Chart-Collections,bec8fcc46504de70649b365b2e0be18dd19b6c264dce848e553919d75193966b,no
Astrology-Database/Birth-detail-collections/Charts Kala/Kala/Charts/Database/Actors/Patrick Swayze.cht,Astrology-Database/Chart-Collections/Birth-detail-collections/Charts Kala/Kala/Charts/Database/Actors/Patrick Swayze.cht,72718bdd99af6470869630c7f52051ccecc5b073608469df2d3c3973d8522e9f,72718bdd99af6470869630c7f52051ccecc5b073608469df2d3c3973d8522e9f,moved,Astrology/Chart-Collections,72718bdd99af6470869630c7f52051ccecc5b073608469df2d3c3973d8522e9f,no
Astrology-Database/Birth-detail-collections/Charts Kala/Kala/Charts/Database/Actors/Paul Newman.cht,Astrology-Database/Chart-Collections/Birth-detail-collections/Charts Kala/Kala/Charts/Database/Actors/Paul Newman.cht,dd735a69d2239064bc06caafb4216dd8dd3487db517bfe878f6184108e7f758b,dd735a69d2239064bc06caafb4216dd8dd3487db517bfe878f6184108e7f758b,moved,Astrology/Chart-Collections,dd735a69d2239064bc06caafb4216dd8dd3487db517bfe878f6184108e7f758b,no
Astrology-Database/Birth-detail-collections/Charts Kala/Kala/Charts/Database/Actors/Peter Fonda.cht,Astrology-Database/Chart-Collections/Birth-detail-collections/Charts Kala/Kala/Charts/Database/Actors/Peter Fonda.cht,ef39d7b7c314f7d7bbf4eedaff63a8dffc942c60a92d2cbc31aeeae3fe529fc7,ef39d7b7c314f7d7bbf4eedaff63a8dffc942c60a92d2cbc31aeeae3fe529fc7,moved,Astrology/Chart-Collections,ef39d7b7c314f7d7bbf4eedaff63a8dffc942c60a92d2cbc31aeeae3fe529fc7,no
Astrology-Database/Birth-detail-collections/Charts Kala/Kala/Charts/Database/Actors/Peter Max.cht,Astrology-Database/Chart-Collections/Birth-detail-collections/Charts Kala/Kala/Charts/Database/Actors/Peter Max.cht,3698dc627d9abfd89019689991ebe1d7611f5adea199749392ebc8eef29e7c14,3698dc627d9abfd89019689991ebe1d7611f5adea199749392ebc8eef29e7c14,moved,Astrology/Chart-Collections,3698dc627d9abfd89019689991ebe1d7611f5adea199749392ebc8eef29e7c14,no
Astrology-Database/Birth-detail-collections/Charts Kala/Kala/Charts/Database/Actors/Richard Chamberlin.cht,Astrology-Database/Chart-Collections/Birth-detail-collections/Charts Kala/Kala/Charts/Database/Actors/Richard Chamberlin.cht,425ae4e0a4d8924c40ae7c19be20b76a1d927463b118706ea4710493d7d060c1,425ae4e0a4d8924c40ae7c19be20b76a1d927463b118706ea4710493d7d060c1,moved,Astrology/Chart-Collections,425ae4e0a4d8924c40ae7c19be20b76a1d927463b118706ea4710493d7d060c1,no
Astrology-Database/Birth-detail-collections/Charts Kala/Kala/Charts/Database/Actors/Robert Deniro.cht,Astrology-Database/Chart-Collections/Birth-detail-collections/Charts Kala/Kala/Charts/Database/Actors/Robert Deniro.cht,70e02f26096dae666a90856e9e7814f4a67134f5138363d448f02329d4c0954e,70e02f26096dae666a90856e9e7814f4a67134f5138363d448f02329d4c0954e,moved,Astrology/Chart-Collections,70e02f26096dae666a90856e9e7814f4a67134f5138363d448f02329d4c0954e,no
Astrology-Database/Birth-detail-collections/Charts Kala/Kala/Charts/Database/Actors/Robert Urich.cht,Astrology-Database/Chart-Collections/Birth-detail-collections/Charts Kala/Kala/Charts/Database/Actors/Robert Urich.cht,eca7053b0820d3bc0f8ffaeee816b93d1ae5b80b0584e815782055e5a9e87ab2,eca7053b0820d3bc0f8ffaeee816b93d1ae5b80b0584e815782055e5a9e87ab2,moved,Astrology/Chart-Collections,eca7053b0820d3bc0f8ffaeee816b93d1ae5b80b0584e815782055e5a9e87ab2,no
Astrology-Database/Birth-detail-collections/Charts Kala/Kala/Charts/Database/Actors/Robin Williams.cht,Astrology-Database/Chart-Collections/Birth-detail-collections/Charts Kala/Kala/Charts/Database/Actors/Robin Williams.cht,2b7e7f03c12e7b086a22acb3846e8d54be12bcb8e3afdd63f8567543f0ece81c,2b7e7f03c12e7b086a22acb3846e8d54be12bcb8e3afdd63f8567543f0ece81c,moved,Astrology/Chart-Collections,2b7e7f03c12e7b086a22acb3846e8d54be12bcb8e3afdd63f8567543f0ece81c,no
Astrology-Database/Birth-detail-collections/Charts Kala/Kala/Charts/Database/Actors/Rock Hudson.cht,Astrology-Database/Chart-Collections/Birth-detail-collections/Charts Kala/Kala/Charts/Database/Actors/Rock Hudson.cht,a3d4f308dcb703a4bbecb6e045306296c396767e37d09e3006c579548e3fb528,a3d4f308dcb703a4bbecb6e045306296c396767e37d09e3006c579548e3fb528,moved,Astrology/Chart-Collections,a3d4f308dcb703a4bbecb6e045306296c396767e37d09e3006c579548e3fb528,no
Astrology-Database/Birth-detail-collections/Charts Kala/Kala/Charts/Database/Actors/Roy Rogers.cht,Astrology-Database/Chart-Collections/Birth-detail-collections/Charts Kala/Kala/Charts/Database/Actors/Roy Rogers.cht,5f8c8736d7c705c6eeac498643b3fd76166e0ba27b52741b96eaf85a76f6934a,5f8c8736d7c705c6eeac498643b3fd76166e0ba27b52741b96eaf85a76f6934a,moved,Astrology/Chart-Collections,5f8c8736d7c705c6eeac498643b3fd76166e0ba27b52741b96eaf85a76f6934a,no
Astrology-Database/Birth-detail-collections/Charts Kala/Kala/Charts/Database/Actors/Sean Connery.cht,Astrology-Database/Chart-Collections/Birth-detail-collections/Charts Kala/Kala/Charts/Database/Actors/Sean Connery.cht,40e55fb1f405c9e9b24a0671c4213c0acd6e2f48e02c2f6bb7e30792b99b8218,40e55fb1f405c9e9b24a0671c4213c0acd6e2f48e02c2f6bb7e30792b99b8218,moved,Astrology/Chart-Collections,40e55fb1f405c9e9b24a0671c4213c0acd6e2f48e02c2f6bb7e30792b99b8218,no
"Astrology-Database/Birth-detail-collections/Charts Kala/Kala/Charts/Database/Actors/Shatner, William.cht","Astrology-Database/Chart-Collections/Birth-detail-collections/Charts Kala/Kala/Charts/Database/Actors/Shatner, William.cht",fc28d14bfd15c26ebff8aec6b20c42958bd1738ca2c5e14218034da978ffbf88,fc28d14bfd15c26ebff8aec6b20c42958bd1738ca2c5e14218034da978ffbf88,moved,Astrology/Chart-Collections,fc28d14bfd15c26ebff8aec6b20c42958bd1738ca2c5e14218034da978ffbf88,no
Astrology-Database/Birth-detail-collections/Charts Kala/Kala/Charts/Database/Actors/Stacy Keach.cht,Astrology-Database/Chart-Collections/Birth-detail-collections/Charts Kala/Kala/Charts/Database/Actors/Stacy Keach.cht,1c50170fa646b281688196c5223454affa179fff068e4dd893fd95869c37906d,1c50170fa646b281688196c5223454affa179fff068e4dd893fd95869c37906d,moved,Astrology/Chart-Collections,1c50170fa646b281688196c5223454affa179fff068e4dd893fd95869c37906d,no
Astrology-Database/Birth-detail-collections/Charts Kala/Kala/Charts/Database/Actors/Steve Reeves.cht,Astrology-Database/Chart-Collections/Birth-detail-collections/Charts Kala/Kala/Charts/Database/Actors/Steve Reeves.cht,09edd107223e541ff7f41760fa70c963e68be50da21d0135d2362f896bdebaa4,09edd107223e541ff7f41760fa70c963e68be50da21d0135d2362f896bdebaa4,moved,Astrology/Chart-Collections,09edd107223e541ff7f41760fa70c963e68be50da21d0135d2362f896bdebaa4,no
Astrology-Database/Birth-detail-collections/Charts Kala/Kala/Charts/Database/Actors/Sylvester Stallone.cht,Astrology-Database/Chart-Collections/Birth-detail-collections/Charts Kala/Kala/Charts/Database/Actors/Sylvester Stallone.cht,2bc2bf6b0eca4492f86a55027d5252e3ecf150eda116ce9e6ae125f63b8031ff,2bc2bf6b0eca4492f86a55027d5252e3ecf150eda116ce9e6ae125f63b8031ff,moved,Astrology/Chart-Collections,2bc2bf6b0eca4492f86a55027d5252e3ecf150eda116ce9e6ae125f63b8031ff,no
Astrology-Database/Birth-detail-collections/Charts Kala/Kala/Charts/Database/Actors/Ted Turner.cht,Astrology-Database/Chart-Collections/Birth-detail-collections/Charts Kala/Kala/Charts/Database/Actors/Ted Turner.cht,784a91b4692a7a735ff8da44ad48911a05a36e0ec66511b51da974522c41f7ac,784a91b4692a7a735ff8da44ad48911a05a36e0ec66511b51da974522c41f7ac,moved,Astrology/Chart-Collections,784a91b4692a7a735ff8da44ad48911a05a36e0ec66511b51da974522c41f7ac,no
Astrology-Database/Birth-detail-collections/Charts Kala/Kala/Charts/Database/Actors/Tom Hanks.cht,Astrology-Database/Chart-Collections/Birth-detail-collections/Charts Kala/Kala/Charts/Database/Actors/Tom Hanks.cht,81d67246f8a7e3e301287d32574f538f56c2ee36b4ddad268f55ce532be4db6a,81d67246f8a7e3e301287d32574f538f56c2ee36b4ddad268f55ce532be4db6a,moved,Astrology/Chart-Collections,81d67246f8a7e3e301287d32574f538f56c2ee36b4ddad268f55ce532be4db6a,no
Astrology-Database/Birth-detail-collections/Charts Kala/Kala/Charts/Database/Actors/Tom Snyder.cht,Astrology-Database/Chart-Collections/Birth-detail-collections/Charts Kala/Kala/Charts/Database/Actors/Tom Snyder.cht,9c574e7fbd47ad17becd2a5550e3b5ed8313475f2dd62b3f5a2cc10ba8cd55b9,9c574e7fbd47ad17becd2a5550e3b5ed8313475f2dd62b3f5a2cc10ba8cd55b9,moved,Astrology/Chart-Collections,9c574e7fbd47ad17becd2a5550e3b5ed8313475f2dd62b3f5a2cc10ba8cd55b9,no
Astrology-Database/Birth-detail-collections/Charts Kala/Kala/Charts/Database/Actors/Walter Cronkhite.cht,Astrology-Database/Chart-Collections/Birth-detail-collections/Charts Kala/Kala/Charts/Database/Actors/Walter Cronkhite.cht,892e3b5f712021c2ff6656cf048cfe3308ffc0534a8ebb72816dc740637b6fc2,892e3b5f712021c2ff6656cf048cfe3308ffc0534a8ebb72816dc740637b6fc2,moved,Astrology/Chart-Collections,892e3b5f712021c2ff6656cf048cfe3308ffc0534a8ebb72816dc740637b6fc2,no
Astrology-Database/Birth-detail-collections/Charts Kala/Kala/Charts/Database/Actors/Will Rogers.cht,Astrology-Database/Chart-Collections/Birth-detail-collections/Charts Kala/Kala/Charts/Database/Actors/Will Rogers.cht,5084a157ef463f36ac47ebc720561336258fd4f07c62f02bcf9d914703ac40e1,5084a157ef463f36ac47ebc720561336258fd4f07c62f02bcf9d914703ac40e1,moved,Astrology/Chart-Collections,5084a157ef463f36ac47ebc720561336258fd4f07c62f02bcf9d914703ac40e1,no
Astrology-Database/Birth-detail-collections/Charts Kala/Kala/Charts/Database/Actors/William Holden.cht,Astrology-Database/Chart-Collections/Birth-detail-collections/Charts Kala/Kala/Charts/Database/Actors/William Holden.cht,8a0c1827ed700874df62bb3b6ae222ef757217882e0b3dfd0e9cee7400b43a33,8a0c1827ed700874df62bb3b6ae222ef757217882e0b3dfd0e9cee7400b43a33,moved,Astrology/Chart-Collections,8a0c1827ed700874df62bb3b6ae222ef757217882e0b3dfd0e9cee7400b43a33,no
Astrology-Database/Birth-detail-collections/Charts Kala/Kala/Charts/Database/Actresses/Aishwarya Rai.cht,Astrology-Database/Chart-Collections/Birth-detail-collections/Charts Kala/Kala/Charts/Database/Actresses/Aishwarya Rai.cht,ad9f49bb3079ecc8dba5493c08a8ee6e67340b8d9505b69038adbfd12a625cfe,ad9f49bb3079ecc8dba5493c08a8ee6e67340b8d9505b69038adbfd12a625cfe,moved,Astrology/Chart-Collections,ad9f49bb3079ecc8dba5493c08a8ee6e67340b8d9505b69038adbfd12a625cfe,no
Astrology-Database/Birth-detail-collections/Charts Kala/Kala/Charts/Database/Actresses/Angelina Jolie.cht,Astrology-Database/Chart-Collections/Birth-detail-collections/Charts Kala/Kala/Charts/Database/Actresses/Angelina Jolie.cht,70fbbf455961c7c4fd6135232a542ec4c47362b898d042a3beb56f74c37e52de,70fbbf455961c7c4fd6135232a542ec4c47362b898d042a3beb56f74c37e52de,moved,Astrology/Chart-Collections,70fbbf455961c7c4fd6135232a542ec4c47362b898d042a3beb56f74c37e52de,no
Astrology-Database/Birth-detail-collections/Charts Kala/Kala/Charts/Database/Actresses/Ann Margret.cht,Astrology-Database/Chart-Collections/Birth-detail-collections/Charts Kala/Kala/Charts/Database/Actresses/Ann Margret.cht,76c8fededd9199506c95b4dd125684226cae2320e1998772964056585ad93f7b,76c8fededd9199506c95b4dd125684226cae2320e1998772964056585ad93f7b,moved,Astrology/Chart-Collections,76c8fededd9199506c95b4dd125684226cae2320e1998772964056585ad93f7b,no
Astrology-Database/Birth-detail-collections/Charts Kala/Kala/Charts/Database/Actresses/Ashley Judd.cht,Astrology-Database/Chart-Collections/Birth-detail-collections/Charts Kala/Kala/Charts/Database/Actresses/Ashley Judd.cht,1498679b51a40ae521b5b1800b40c44f4361b3cd3bda3fffee325000754551d1,1498679b51a40ae521b5b1800b40c44f4361b3cd3bda3fffee325000754551d1,moved,Astrology/Chart-Collections,1498679b51a40ae521b5b1800b40c44f4361b3cd3bda3fffee325000754551d1,no
Astrology-Database/Birth-detail-collections/Charts Kala/Kala/Charts/Database/Actresses/Audie Murphy.cht,Astrology-Database/Chart-Collections/Birth-detail-collections/Charts Kala/Kala/Charts/Database/Actresses/Audie Murphy.cht,6ad675a3c23a3846cff0f0509aaff99f557f34600db79347e5263fccbfa580f3,6ad675a3c23a3846cff0f0509aaff99f557f34600db79347e5263fccbfa580f3,moved,Astrology/Chart-Collections,6ad675a3c23a3846cff0f0509aaff99f557f34600db79347e5263fccbfa580f3,no
Astrology-Database/Birth-detail-collections/Charts Kala/Kala/Charts/Database/Actresses/Ava Gardner.cht,Astrology-Database/Chart-Collections/Birth-detail-collections/Charts Kala/Kala/Charts/Database/Actresses/Ava Gardner.cht,0a406d514f0c34b312c65da6f39e25738af0c2ed7ff1e7be8c3f57936a1f43e4,0a406d514f0c34b312c65da6f39e25738af0c2ed7ff1e7be8c3f57936a1f43e4,moved,Astrology/Chart-Collections,0a406d514f0c34b312c65da6f39e25738af0c2ed7ff1e7be8c3f57936a1f43e4,no
Astrology-Database/Birth-detail-collections/Charts Kala/Kala/Charts/Database/Actresses/Barbara Bach.cht,Astrology-Database/Chart-Collections/Birth-detail-collections/Charts Kala/Kala/Charts/Database/Actresses/Barbara Bach.cht,330d43c627c02f5f2410a6c9edc64e318018c31038e6d22adc7cba6dbf572d4b,330d43c627c02f5f2410a6c9edc64e318018c31038e6d22adc7cba6dbf572d4b,moved,Astrology/Chart-Collections,330d43c627c02f5f2410a6c9edc64e318018c31038e6d22adc7cba6dbf572d4b,no
Astrology-Database/Birth-detail-collections/Charts Kala/Kala/Charts/Database/Actresses/Barbara Walters.cht,Astrology-Database/Chart-Collections/Birth-detail-collections/Charts Kala/Kala/Charts/Database/Actresses/Barbara Walters.cht,7bc95ac771c97739b2e9dbb9a7c1e4a77576b45dc2ff297a82cace001375df38,7bc95ac771c97739b2e9dbb9a7c1e4a77576b45dc2ff297a82cace001375df38,moved,Astrology/Chart-Collections,7bc95ac771c97739b2e9dbb9a7c1e4a77576b45dc2ff297a82cace001375df38,no
Astrology-Database/Birth-detail-collections/Charts Kala/Kala/Charts/Database/Actresses/Bette Davis.cht,Astrology-Database/Chart-Collections/Birth-detail-collections/Charts Kala/Kala/Charts/Database/Actresses/Bette Davis.cht,92aaecc1f5984cb0f678dca8a445941c7344f129eeed694472c8d56e0becf571,92aaecc1f5984cb0f678dca8a445941c7344f129eeed694472c8d56e0becf571,moved,Astrology/Chart-Collections,92aaecc1f5984cb0f678dca8a445941c7344f129eeed694472c8d56e0becf571,no
Astrology-Database/Birth-detail-collections/Charts Kala/Kala/Charts/Database/Actresses/Bette Midler.cht,Astrology-Database/Chart-Collections/Birth-detail-collections/Charts Kala/Kala/Charts/Database/Actresses/Bette Midler.cht,e970666126d3d74c773755afdc6681d58e024bb74d6795993e72b46078e07e9a,e970666126d3d74c773755afdc6681d58e024bb74d6795993e72b46078e07e9a,moved,Astrology/Chart-Collections,e970666126d3d74c773755afdc6681d58e024bb74d6795993e72b46078e07e9a,no
Astrology-Database/Birth-detail-collections/Charts Kala/Kala/Charts/Database/Actresses/Betty Ford.cht,Astrology-Database/Chart-Collections/Birth-detail-collections/Charts Kala/Kala/Charts/Database/Actresses/Betty Ford.cht,8e3d4b07e6325a4da2e6385e61909d70f13a5f43a569944b7a35222ab8e8a9a8,8e3d4b07e6325a4da2e6385e61909d70f13a5f43a569944b7a35222ab8e8a9a8,moved,Astrology/Chart-Collections,8e3d4b07e6325a4da2e6385e61909d70f13a5f43a569944b7a35222ab8e8a9a8,no
Astrology-Database/Birth-detail-collections/Charts Kala/Kala/Charts/Database/Actresses/Bo Derek.cht,Astrology-Database/Chart-Collections/Birth-detail-collections/Charts Kala/Kala/Charts/Database/Actresses/Bo Derek.cht,21da7d8dd93c590e3ea4ede176c791e967c5111d51a466deb7330162c18c193e,21da7d8dd93c590e3ea4ede176c791e967c5111d51a466deb7330162c18c193e,moved,Astrology/Chart-Collections,21da7d8dd93c590e3ea4ede176c791e967c5111d51a466deb7330162c18c193e,no
Astrology-Database/Birth-detail-collections/Charts Kala/Kala/Charts/Database/Actresses/Brigitte Bardot.cht,Astrology-Database/Chart-Collections/Birth-detail-collections/Charts Kala/Kala/Charts/Database/Actresses/Brigitte Bardot.cht,f8a641921340a3bc5863211fdc222b0bfc19c815dd6b2743405ec88986e08414,f8a641921340a3bc5863211fdc222b0bfc19c815dd6b2743405ec88986e08414,moved,Astrology/Chart-Collections,f8a641921340a3bc5863211fdc222b0bfc19c815dd6b2743405ec88986e08414,no
Astrology-Database/Birth-detail-collections/Charts Kala/Kala/Charts/Database/Actresses/Brooke Shields.cht,Astrology-Database/Chart-Collections/Birth-detail-collections/Charts Kala/Kala/Charts/Database/Actresses/Brooke Shields.cht,30d6061282f2b77c10b90e6e2c4c3595614304f11d187e08c0339ec5c89cf0cb,30d6061282f2b77c10b90e6e2c4c3595614304f11d187e08c0339ec5c89cf0cb,moved,Astrology/Chart-Collections,30d6061282f2b77c10b90e6e2c4c3595614304f11d187e08c0339ec5c89cf0cb,no
Astrology-Database/Birth-detail-collections/Charts Kala/Kala/Charts/Database/Actresses/Cameron Diaz.cht,Astrology-Database/Chart-Collections/Birth-detail-collections/Charts Kala/Kala/Charts/Database/Actresses/Cameron Diaz.cht,c56a80a4a12afff5907f84d9ca94463c3d37104e4e4aca63d9961d535e89b86b,c56a80a4a12afff5907f84d9ca94463c3d37104e4e4aca63d9961d535e89b86b,moved,Astrology/Chart-Collections,c56a80a4a12afff5907f84d9ca94463c3d37104e4e4aca63d9961d535e89b86b,no
Astrology-Database/Birth-detail-collections/Charts Kala/Kala/Charts/Database/Actresses/Carmen Electra.cht,Astrology-Database/Chart-Collections/Birth-detail-collections/Charts Kala/Kala/Charts/Database/Actresses/Carmen Electra.cht,bad5ce3cef279fc822bfaf5aeab0982b2b90f8440769bb89fd4b07d6491b7273,bad5ce3cef279fc822bfaf5aeab0982b2b90f8440769bb89fd4b07d6491b7273,moved,Astrology/Chart-Collections,bad5ce3cef279fc822bfaf5aeab0982b2b90f8440769bb89fd4b07d6491b7273,no
Astrology-Database/Birth-detail-collections/Charts Kala/Kala/Charts/Database/Actresses/Carol Burnett.cht,Astrology-Database/Chart-Collections/Birth-detail-collections/Charts Kala/Kala/Charts/Database/Actresses/Carol Burnett.cht,5c17fe801f59f13d705d701051b405ceb9b0e5f013d8b834f57c5b86dbfbe88a,5c17fe801f59f13d705d701051b405ceb9b0e5f013d8b834f57c5b86dbfbe88a,moved,Astrology/Chart-Collections,5c17fe801f59f13d705d701051b405ceb9b0e5f013d8b834f57c5b86dbfbe88a,no
Astrology-Database/Birth-detail-collections/Charts Kala/Kala/Charts/Database/Actresses/Carol Channing.cht,Astrology-Database/Chart-Collections/Birth-detail-collections/Charts Kala/Kala/Charts/Database/Actresses/Carol Channing.cht,0b5eb7927444d45eded8e70cde1217071989f28a99c0c510933cd2944329d746,0b5eb7927444d45eded8e70cde1217071989f28a99c0c510933cd2944329d746,moved,Astrology/Chart-Collections,0b5eb7927444d45eded8e70cde1217071989f28a99c0c510933cd2944329d746,no
Astrology-Database/Birth-detail-collections/Charts Kala/Kala/Charts/Database/Actresses/Carol Landis.cht,Astrology-Database/Chart-Collections/Birth-detail-collections/Charts Kala/Kala/Charts/Database/Actresses/Carol Landis.cht,3d809f3d62ce68c230cc332ef6569810cc066fee52ce01fb0d7a77dee944190e,3d809f3d62ce68c230cc332ef6569810cc066fee52ce01fb0d7a77dee944190e,moved,Astrology/Chart-Collections,3d809f3d62ce68c230cc332ef6569810cc066fee52ce01fb0d7a77dee944190e,no
Astrology-Database/Birth-detail-collections/Charts Kala/Kala/Charts/Database/Actresses/Catherine Bach.cht,Astrology-Database/Chart-Collections/Birth-detail-collections/Charts Kala/Kala/Charts/Database/Actresses/Catherine Bach.cht,bc27abf2ccb095200c5df43a7e9fce5de4e468cfeb2e838f74151150b9363c51,bc27abf2ccb095200c5df43a7e9fce5de4e468cfeb2e838f74151150b9363c51,moved,Astrology/Chart-Collections,bc27abf2ccb095200c5df43a7e9fce5de4e468cfeb2e838f74151150b9363c51,no
Astrology-Database/Birth-detail-collections/Charts Kala/Kala/Charts/Database/Actresses/Catherine Zeta Jones.cht,Astrology-Database/Chart-Collections/Birth-detail-collections/Charts Kala/Kala/Charts/Database/Actresses/Catherine Zeta Jones.cht,e98493c7a1abe34e772d3dacb4b068afe98bcf6c0b661fc25dd98206932c87ab,e98493c7a1abe34e772d3dacb4b068afe98bcf6c0b661fc25dd98206932c87ab,moved,Astrology/Chart-Collections,e98493c7a1abe34e772d3dacb4b068afe98bcf6c0b661fc25dd98206932c87ab,no
Astrology-Database/Birth-detail-collections/Charts Kala/Kala/Charts/Database/Actresses/Cher.cht,Astrology-Database/Chart-Collections/Birth-detail-collections/Charts Kala/Kala/Charts/Database/Actresses/Cher.cht,8beb584a15d47c68ad8065c9cbc88d038a82f84db8bec8a8a8929cce07f350c2,8beb584a15d47c68ad8065c9cbc88d038a82f84db8bec8a8a8929cce07f350c2,moved,Astrology/Chart-Collections,8beb584a15d47c68ad8065c9cbc88d038a82f84db8bec8a8a8929cce07f350c2,no
Astrology-Database/Birth-detail-collections/Charts Kala/Kala/Charts/Database/Actresses/Christina Applegate.cht,Astrology-Database/Chart-Collections/Birth-detail-collections/Charts Kala/Kala/Charts/Database/Actresses/Christina Applegate.cht,dc7a664b9792061b4088f417d343b85dd391c9de413eb496740e4119c15af333,dc7a664b9792061b4088f417d343b85dd391c9de413eb496740e4119c15af333,moved,Astrology/Chart-Collections,dc7a664b9792061b4088f417d343b85dd391c9de413eb496740e4119c15af333,no
Astrology-Database/Birth-detail-collections/Charts Kala/Kala/Charts/Database/Actresses/Diana Rigg.cht,Astrology-Database/Chart-Collections/Birth-detail-collections/Charts Kala/Kala/Charts/Database/Actresses/Diana Rigg.cht,80828a77e99855a51f5fe6e7a8d8b85ef2be1ebb2f471d15e97b6aff4f586675,80828a77e99855a51f5fe6e7a8d8b85ef2be1ebb2f471d15e97b6aff4f586675,moved,Astrology/Chart-Collections,80828a77e99855a51f5fe6e7a8d8b85ef2be1ebb2f471d15e97b6aff4f586675,no
Astrology-Database/Birth-detail-collections/Charts Kala/Kala/Charts/Database/Actresses/Dorothy Stratten.cht,Astrology-Database/Chart-Collections/Birth-detail-collections/Charts Kala/Kala/Charts/Database/Actresses/Dorothy Stratten.cht,97ea80cbfe24478cd88a95dbf1a780b044844f906c5813e8fe5cb4780553955e,97ea80cbfe24478cd88a95dbf1a780b044844f906c5813e8fe5cb4780553955e,moved,Astrology/Chart-Collections,97ea80cbfe24478cd88a95dbf1a780b044844f906c5813e8fe5cb4780553955e,no
"Astrology-Database/Birth-detail-collections/Charts Kala/Kala/Charts/Database/Actresses/Dunaway, Faye.cht","Astrology-Database/Chart-Collections/Birth-detail-collections/Charts Kala/Kala/Charts/Database/Actresses/Dunaway, Faye.cht",93220c01ff1716af1c779acc379ece86f07dcbc70bec0cd48d705a6df37b3ea8,93220c01ff1716af1c779acc379ece86f07dcbc70bec0cd48d705a6df37b3ea8,moved,Astrology/Chart-Collections,93220c01ff1716af1c779acc379ece86f07dcbc70bec0cd48d705a6df37b3ea8,no
Astrology-Database/Birth-detail-collections/Charts Kala/Kala/Charts/Database/Actresses/Elizabeth Taylor.cht,Astrology-Database/Chart-Collections/Birth-detail-collections/Charts Kala/Kala/Charts/Database/Actresses/Elizabeth Taylor.cht,ccf2b0160ca619ceaf2b75c329238528d205cb75e76cd06fc380fb6b519436a8,ccf2b0160ca619ceaf2b75c329238528d205cb75e76cd06fc380fb6b519436a8,moved,Astrology/Chart-Collections,ccf2b0160ca619ceaf2b75c329238528d205cb75e76cd06fc380fb6b519436a8,no
Astrology-Database/Birth-detail-collections/Charts Kala/Kala/Charts/Database/Actresses/Farrah Fawcett.cht,Astrology-Database/Chart-Collections/Birth-detail-collections/Charts Kala/Kala/Charts/Database/Actresses/Farrah Fawcett.cht,82f454f3b13e67de2f846f90ecab2f5ede4343abf9c97230a41939fc11a50999,82f454f3b13e67de2f846f90ecab2f5ede4343abf9c97230a41939fc11a50999,moved,Astrology/Chart-Collections,82f454f3b13e67de2f846f90ecab2f5ede4343abf9c97230a41939fc11a50999,no
Astrology-Database/Birth-detail-collections/Charts Kala/Kala/Charts/Database/Actresses/Gloria Swanson.cht,Astrology-Database/Chart-Collections/Birth-detail-collections/Charts Kala/Kala/Charts/Database/Actresses/Gloria Swanson.cht,5b3b9a71f25d6f091c7b9cd147f873189b0c65abfd0b0cb8795dff81cb0e2815,5b3b9a71f25d6f091c7b9cd147f873189b0c65abfd0b0cb8795dff81cb0e2815,moved,Astrology/Chart-Collections,5b3b9a71f25d6f091c7b9cd147f873189b0c65abfd0b0cb8795dff81cb0e2815,no
Astrology-Database/Birth-detail-collections/Charts Kala/Kala/Charts/Database/Actresses/Grace Kelly.cht,Astrology-Database/Chart-Collections/Birth-detail-collections/Charts Kala/Kala/Charts/Database/Actresses/Grace Kelly.cht,0d7f92a55177f59d5c666776aced6072934e91ca9078b727649821e746554d75,0d7f92a55177f59d5c666776aced6072934e91ca9078b727649821e746554d75,moved,Astrology/Chart-Collections,0d7f92a55177f59d5c666776aced6072934e91ca9078b727649821e746554d75,no
Astrology-Database/Birth-detail-collections/Charts Kala/Kala/Charts/Database/Actresses/Greta Garbo.cht,Astrology-Database/Chart-Collections/Birth-detail-collections/Charts Kala/Kala/Charts/Database/Actresses/Greta Garbo.cht,9bb064062ef36ab5b3c4a728477cc60fb5af042d0af8f13d07cb2fb419338de3,9bb064062ef36ab5b3c4a728477cc60fb5af042d0af8f13d07cb2fb419338de3,moved,Astrology/Chart-Collections,9bb064062ef36ab5b3c4a728477cc60fb5af042d0af8f13d07cb2fb419338de3,no
Astrology-Database/Birth-detail-collections/Charts Kala/Kala/Charts/Database/Actresses/Halle Berry.cht,Astrology-Database/Chart-Collections/Birth-detail-collections/Charts Kala/Kala/Charts/Database/Actresses/Halle Berry.cht,1b0aebf4f12bdb69fc25d0d97ae2f01052314d76fd28e6374d5027049c62588d,1b0aebf4f12bdb69fc25d0d97ae2f01052314d76fd28e6374d5027049c62588d,moved,Astrology/Chart-Collections,1b0aebf4f12bdb69fc25d0d97ae2f01052314d76fd28e6374d5027049c62588d,no
Astrology-Database/Birth-detail-collections/Charts Kala/Kala/Charts/Database/Actresses/Ingrid Bergman.cht,Astrology-Database/Chart-Collections/Birth-detail-collections/Charts Kala/Kala/Charts/Database/Actresses/Ingrid Bergman.cht,fe0fd0a7fc197376e721b2be8193b72a46d9e942a6c821b870f034a0f5a1f1c3,fe0fd0a7fc197376e721b2be8193b72a46d9e942a6c821b870f034a0f5a1f1c3,moved,Astrology/Chart-Collections,fe0fd0a7fc197376e721b2be8193b72a46d9e942a6c821b870f034a0f5a1f1c3,no
Astrology-Database/Birth-detail-collections/Charts Kala/Kala/Charts/Database/Actresses/Jami Lee Curtis.cht,Astrology-Database/Chart-Collections/Birth-detail-collections/Charts Kala/Kala/Charts/Database/Actresses/Jami Lee Curtis.cht,e35aa4483e86f38c3d1fd3140e467517170a6956945cff09f177f51fe302b792,e35aa4483e86f38c3d1fd3140e467517170a6956945cff09f177f51fe302b792,moved,Astrology/Chart-Collections,e35aa4483e86f38c3d1fd3140e467517170a6956945cff09f177f51fe302b792,no
Astrology-Database/Birth-detail-collections/Charts Kala/Kala/Charts/Database/Actresses/Jane Fonda.cht,Astrology-Database/Chart-Collections/Birth-detail-collections/Charts Kala/Kala/Charts/Database/Actresses/Jane Fonda.cht,7db78df7b48174c95040d406dd14ad990f78f0840e98c3875ef8a81cb2f598c9,7db78df7b48174c95040d406dd14ad990f78f0840e98c3875ef8a81cb2f598c9,moved,Astrology/Chart-Collections,7db78df7b48174c95040d406dd14ad990f78f0840e98c3875ef8a81cb2f598c9,no
Astrology-Database/Birth-detail-collections/Charts Kala/Kala/Charts/Database/Actresses/Jean Harlow.cht,Astrology-Database/Chart-Collections/Birth-detail-collections/Charts Kala/Kala/Charts/Database/Actresses/Jean Harlow.cht,1509533036f1f7cb75d39e7a0d004d0f7151a53aaff753e62267f8f3f2de8579,1509533036f1f7cb75d39e7a0d004d0f7151a53aaff753e62267f8f3f2de8579,moved,Astrology/Chart-Collections,1509533036f1f7cb75d39e7a0d004d0f7151a53aaff753e62267f8f3f2de8579,no
Astrology-Database/Birth-detail-collections/Charts Kala/Kala/Charts/Database/Actresses/Jennifer Jason Leigh.cht,Astrology-Database/Chart-Collections/Birth-detail-collections/Charts Kala/Kala/Charts/Database/Actresses/Jennifer Jason Leigh.cht,8ab334553e180b10934bf388f58c5da205e4a543d796715564852fe12b8f90e1,8ab334553e180b10934bf388f58c5da205e4a543d796715564852fe12b8f90e1,moved,Astrology/Chart-Collections,8ab334553e180b10934bf388f58c5da205e4a543d796715564852fe12b8f90e1,no
Astrology-Database/Birth-detail-collections/Charts Kala/Kala/Charts/Database/Actresses/Joan Collins.cht,Astrology-Database/Chart-Collections/Birth-detail-collections/Charts Kala/Kala/Charts/Database/Actresses/Joan Collins.cht,66188b73f3b221a809409715097ce5f6ef5d60e9f897a5534be69660b2033981,66188b73f3b221a809409715097ce5f6ef5d60e9f897a5534be69660b2033981,moved,Astrology/Chart-Collections,66188b73f3b221a809409715097ce5f6ef5d60e9f897a5534be69660b2033981,no
Astrology-Database/Birth-detail-collections/Charts Kala/Kala/Charts/Database/Actresses/Joan Crawford.cht,Astrology-Database/Chart-Collections/Birth-detail-collections/Charts Kala/Kala/Charts/Database/Actresses/Joan Crawford.cht,f0d5b41b35db8899856ed9fd15facc8f3da0f9122f9571473ea0c5688ea15645,f0d5b41b35db8899856ed9fd15facc8f3da0f9122f9571473ea0c5688ea15645,moved,Astrology/Chart-Collections,f0d5b41b35db8899856ed9fd15facc8f3da0f9122f9571473ea0c5688ea15645,no
Astrology-Database/Birth-detail-collections/Charts Kala/Kala/Charts/Database/Actresses/Jodie Foster.cht,Astrology-Database/Chart-Collections/Birth-detail-collections/Charts Kala/Kala/Charts/Database/Actresses/Jodie Foster.cht,090b1e76f3782f5397f8d419ad0f00240adc78dbe966255f7e932ec22e0e5566,090b1e76f3782f5397f8d419ad0f00240adc78dbe966255f7e932ec22e0e5566,moved,Astrology/Chart-Collections,090b1e76f3782f5397f8d419ad0f00240adc78dbe966255f7e932ec22e0e5566,no
Astrology-Database/Birth-detail-collections/Charts Kala/Kala/Charts/Database/Actresses/Judy Garland.cht,Astrology-Database/Chart-Collections/Birth-detail-collections/Charts Kala/Kala/Charts/Database/Actresses/Judy Garland.cht,7c71789a15bb77628f40c34674224b557a8fff16218a25473a3099d1ccdaa2a8,7c71789a15bb77628f40c34674224b557a8fff16218a25473a3099d1ccdaa2a8,moved,Astrology/Chart-Collections,7c71789a15bb77628f40c34674224b557a8fff16218a25473a3099d1ccdaa2a8,no
Astrology-Database/Birth-detail-collections/Charts Kala/Kala/Charts/Database/Actresses/Karen Lambe.cht,Astrology-Database/Chart-Collections/Birth-detail-collections/Charts Kala/Kala/Charts/Database/Actresses/Karen Lambe.cht,ffb53aa75ebcfdd839f7551bff150c44706f135cec47f271302a74ceee60b46e,ffb53aa75ebcfdd839f7551bff150c44706f135cec47f271302a74ceee60b46e,moved,Astrology/Chart-Collections,ffb53aa75ebcfdd839f7551bff150c44706f135cec47f271302a74ceee60b46e,no
Astrology-Database/Birth-detail-collections/Charts Kala/Kala/Charts/Database/Actresses/Kate Holmes.cht,Astrology-Database/Chart-Collections/Birth-detail-collections/Charts Kala/Kala/Charts/Database/Actresses/Kate Holmes.cht,2a584058ae3e538bc22432b90ca03d49a1287791771f4e87c82c9d37ea1c7927,2a584058ae3e538bc22432b90ca03d49a1287791771f4e87c82c9d37ea1c7927,moved,Astrology/Chart-Collections,2a584058ae3e538bc22432b90ca03d49a1287791771f4e87c82c9d37ea1c7927,no
Astrology-Database/Birth-detail-collections/Charts Kala/Kala/Charts/Database/Actresses/Katharine Hepburn.cht,Astrology-Database/Chart-Collections/Birth-detail-collections/Charts Kala/Kala/Charts/Database/Actresses/Katharine Hepburn.cht,0344fca311897dbc8c40df2dcc0099051bfcb913f816eeaabf46a9a4f9803aba,0344fca311897dbc8c40df2dcc0099051bfcb913f816eeaabf46a9a4f9803aba,moved,Astrology/Chart-Collections,0344fca311897dbc8c40df2dcc0099051bfcb913f816eeaabf46a9a4f9803aba,no
Astrology-Database/Birth-detail-collections/Charts Kala/Kala/Charts/Database/Actresses/Lisa Bonet.cht,Astrology-Database/Chart-Collections/Birth-detail-collections/Charts Kala/Kala/Charts/Database/Actresses/Lisa Bonet.cht,8a1827ad3e9d56f5bbbf405ecddc6d174394d459f528cdd82ab9c2449e37235d,8a1827ad3e9d56f5bbbf405ecddc6d174394d459f528cdd82ab9c2449e37235d,moved,Astrology/Chart-Collections,8a1827ad3e9d56f5bbbf405ecddc6d174394d459f528cdd82ab9c2449e37235d,no
Astrology-Database/Birth-detail-collections/Charts Kala/Kala/Charts/Database/Actresses/Lucille Ball.cht,Astrology-Database/Chart-Collections/Birth-detail-collections/Charts Kala/Kala/Charts/Database/Actresses/Lucille Ball.cht,0e2b5dc10aa8875b8eaf261d0dd52ebed377eb7227492cc6d183a2be1e397184,0e2b5dc10aa8875b8eaf261d0dd52ebed377eb7227492cc6d183a2be1e397184,moved,Astrology/Chart-Collections,0e2b5dc10aa8875b8eaf261d0dd52ebed377eb7227492cc6d183a2be1e397184,no
Astrology-Database/Birth-detail-collections/Charts Kala/Kala/Charts/Database/Actresses/Marilyn Monroe.cht,Astrology-Database/Chart-Collections/Birth-detail-collections/Charts Kala/Kala/Charts/Database/Actresses/Marilyn Monroe.cht,5c1014da07addb473686582fe8706d7f98290468379739258091dce7da7a5614,5c1014da07addb473686582fe8706d7f98290468379739258091dce7da7a5614,moved,Astrology/Chart-Collections,5c1014da07addb473686582fe8706d7f98290468379739258091dce7da7a5614,no
Astrology-Database/Birth-detail-collections/Charts Kala/Kala/Charts/Database/Actresses/Michelle Pfeiffer.cht,Astrology-Database/Chart-Collections/Birth-detail-collections/Charts Kala/Kala/Charts/Database/Actresses/Michelle Pfeiffer.cht,749054f523be0afcaacca50068b64ccfe5a63645cb74d2e1e191ee28a48b854c,749054f523be0afcaacca50068b64ccfe5a63645cb74d2e1e191ee28a48b854c,moved,Astrology/Chart-Collections,749054f523be0afcaacca50068b64ccfe5a63645cb74d2e1e191ee28a48b854c,no
Astrology-Database/Birth-detail-collections/Charts Kala/Kala/Charts/Database/Actresses/Monica Bellucci.cht,Astrology-Database/Chart-Collections/Birth-detail-collections/Charts Kala/Kala/Charts/Database/Actresses/Monica Bellucci.cht,20e22120a860772ba7042959a20922e9385acd4a8bcb3c60e49371db924c558e,20e22120a860772ba7042959a20922e9385acd4a8bcb3c60e49371db924c558e,moved,Astrology/Chart-Collections,20e22120a860772ba7042959a20922e9385acd4a8bcb3c60e49371db924c558e,no
Astrology-Database/Birth-detail-collections/Charts Kala/Kala/Charts/Database/Actresses/Nicole Kidman.cht,Astrology-Database/Chart-Collections/Birth-detail-collections/Charts Kala/Kala/Charts/Database/Actresses/Nicole Kidman.cht,91c18a7e749df4ae8a597c88ebab420bdc4548822caf440abee6d0bc7b6ac6eb,91c18a7e749df4ae8a597c88ebab420bdc4548822caf440abee6d0bc7b6ac6eb,moved,Astrology/Chart-Collections,91c18a7e749df4ae8a597c88ebab420bdc4548822caf440abee6d0bc7b6ac6eb,no
Astrology-Database/Birth-detail-collections/Charts Kala/Kala/Charts/Database/Actresses/Pamela Anderson.cht,Astrology-Database/Chart-Collections/Birth-detail-collections/Charts Kala/Kala/Charts/Database/Actresses/Pamela Anderson.cht,a6121794bd31e3b59f5c022c6008633cde1632f9eb34247a881f3c82fb66984e,a6121794bd31e3b59f5c022c6008633cde1632f9eb34247a881f3c82fb66984e,moved,Astrology/Chart-Collections,a6121794bd31e3b59f5c022c6008633cde1632f9eb34247a881f3c82fb66984e,no
Astrology-Database/Birth-detail-collections/Charts Kala/Kala/Charts/Database/Actresses/Raquel Welch.cht,Astrology-Database/Chart-Collections/Birth-detail-collections/Charts Kala/Kala/Charts/Database/Actresses/Raquel Welch.cht,11b8824a38feb01a8aaa430bb1c0a4b415ac2ccb25161530c93e6004e2600c32,11b8824a38feb01a8aaa430bb1c0a4b415ac2ccb25161530c93e6004e2600c32,moved,Astrology/Chart-Collections,11b8824a38feb01a8aaa430bb1c0a4b415ac2ccb25161530c93e6004e2600c32,no
Astrology-Database/Birth-detail-collections/Charts Kala/Kala/Charts/Database/Actresses/Roseanne  Barr.cht,Astrology-Database/Chart-Collections/Birth-detail-collections/Charts Kala/Kala/Charts/Database/Actresses/Roseanne  Barr.cht,b33a79b69c9389932ddfc0940eaec7c5b379e0366ccd18d17c3f5e4fec5c21d9,b33a79b69c9389932ddfc0940eaec7c5b379e0366ccd18d17c3f5e4fec5c21d9,moved,Astrology/Chart-Collections,b33a79b69c9389932ddfc0940eaec7c5b379e0366ccd18d17c3f5e4fec5c21d9,no
"Astrology-Database/Birth-detail-collections/Charts Kala/Kala/Charts/Database/Actresses/Ryding, Yvonne.cht","Astrology-Database/Chart-Collections/Birth-detail-collections/Charts Kala/Kala/Charts/Database/Actresses/Ryding, Yvonne.cht",1b412ab12d5aaea65d2e3c681eb0e3be981ca385b0320089247d9b8dc1f04897,1b412ab12d5aaea65d2e3c681eb0e3be981ca385b0320089247d9b8dc1f04897,moved,Astrology/Chart-Collections,1b412ab12d5aaea65d2e3c681eb0e3be981ca385b0320089247d9b8dc1f04897,no
Astrology-Database/Birth-detail-collections/Charts Kala/Kala/Charts/Database/Actresses/Sarah Bernhardt.cht,Astrology-Database/Chart-Collections/Birth-detail-collections/Charts Kala/Kala/Charts/Database/Actresses/Sarah Bernhardt.cht,80f2a95cb580f18d72ad6ae6bb7928ba8c5e323ed43cf5196f166f7f0b106e3a,80f2a95cb580f18d72ad6ae6bb7928ba8c5e323ed43cf5196f166f7f0b106e3a,moved,Astrology/Chart-Collections,80f2a95cb580f18d72ad6ae6bb7928ba8c5e323ed43cf5196f166f7f0b106e3a,no
Astrology-Database/Birth-detail-collections/Charts Kala/Kala/Charts/Database/Actresses/Shirley Maclaine.cht,Astrology-Database/Chart-Collections/Birth-detail-collections/Charts Kala/Kala/Charts/Database/Actresses/Shirley Maclaine.cht,a2769229a42449efa22b1fc9a742070c1bff691ef941d5fba0d74fb4b24e0fe5,a2769229a42449efa22b1fc9a742070c1bff691ef941d5fba0d74fb4b24e0fe5,moved,Astrology/Chart-Collections,a2769229a42449efa22b1fc9a742070c1bff691ef941d5fba0d74fb4b24e0fe5,no
Astrology-Database/Birth-detail-collections/Charts Kala/Kala/Charts/Database/Actresses/Shirley Temple.cht,Astrology-Database/Chart-Collections/Birth-detail-collections/Charts Kala/Kala/Charts/Database/Actresses/Shirley Temple.cht,da926a673bc7a538411a3b91e7a9d42b2da096dbb4d3480cea15cf581062ca4a,da926a673bc7a538411a3b91e7a9d42b2da096dbb4d3480cea15cf581062ca4a,moved,Astrology/Chart-Collections,da926a673bc7a538411a3b91e7a9d42b2da096dbb4d3480cea15cf581062ca4a,no
Astrology-Database/Birth-detail-collections/Charts Kala/Kala/Charts/Database/Actresses/Sigourney Weaver.cht,Astrology-Database/Chart-Collections/Birth-detail-collections/Charts Kala/Kala/Charts/Database/Actresses/Sigourney Weaver.cht,5020bb83e447ade558f690ebce99ab6266e0e024656cac4c0fb1df58bf0d07fa,5020bb83e447ade558f690ebce99ab6266e0e024656cac4c0fb1df58bf0d07fa,moved,Astrology/Chart-Collections,5020bb83e447ade558f690ebce99ab6266e0e024656cac4c0fb1df58bf0d07fa,no
Astrology-Database/Birth-detail-collections/Charts Kala/Kala/Charts/Database/Actresses/Sophia Loren.cht,Astrology-Database/Chart-Collections/Birth-detail-collections/Charts Kala/Kala/Charts/Database/Actresses/Sophia Loren.cht,c3270c718f37903c9421ac8fb6217e5f710731d8e0fe4289daf0a4d6c274ac78,c3270c718f37903c9421ac8fb6217e5f710731d8e0fe4289daf0a4d6c274ac78,moved,Astrology/Chart-Collections,c3270c718f37903c9421ac8fb6217e5f710731d8e0fe4289daf0a4d6c274ac78,no
"Astrology-Database/Birth-detail-collections/Charts Kala/Kala/Charts/Database/Actresses/Streep, Meryl.cht","Astrology-Database/Chart-Collections/Birth-detail-collections/Charts Kala/Kala/Charts/Database/Actresses/Streep, Meryl.cht",b7f3e0d77fa61c55b83544bef0646bde8431ba7dc3cb98cf4346449edb562bab,b7f3e0d77fa61c55b83544bef0646bde8431ba7dc3cb98cf4346449edb562bab,moved,Astrology/Chart-Collections,b7f3e0d77fa61c55b83544bef0646bde8431ba7dc3cb98cf4346449edb562bab,no
Astrology-Database/Birth-detail-collections/Charts Kala/Kala/Charts/Database/Actresses/Susmita Sen.cht,Astrology-Database/Chart-Collections/Birth-detail-collections/Charts Kala/Kala/Charts/Database/Actresses/Susmita Sen.cht,4f32b04b499947d301f997cfe3b885ea7a1e55baef916ca95e9b51eff7aac468,4f32b04b499947d301f997cfe3b885ea7a1e55baef916ca95e9b51eff7aac468,moved,Astrology/Chart-Collections,4f32b04b499947d301f997cfe3b885ea7a1e55baef916ca95e9b51eff7aac468,no
Astrology-Database/Birth-detail-collections/Charts Kala/Kala/Charts/Database/Actresses/Uma Thurman.cht,Astrology-Database/Chart-Collections/Birth-detail-collections/Charts Kala/Kala/Charts/Database/Actresses/Uma Thurman.cht,15863ed46528104ce6388c64002fc5566234012201670a693033babfeafa6df2,15863ed46528104ce6388c64002fc5566234012201670a693033babfeafa6df2,moved,Astrology/Chart-Collections,15863ed46528104ce6388c64002fc5566234012201670a693033babfeafa6df2,no
Astrology-Database/Birth-detail-collections/Charts Kala/Kala/Charts/Database/Actresses/Vanna White.cht,Astrology-Database/Chart-Collections/Birth-detail-collections/Charts Kala/Kala/Charts/Database/Actresses/Vanna White.cht,6be3bba044762cbca59a2f29a5f414248ff0109387172f4d5dccda9ff4150569,6be3bba044762cbca59a2f29a5f414248ff0109387172f4d5dccda9ff4150569,moved,Astrology/Chart-Collections,6be3bba044762cbca59a2f29a5f414248ff0109387172f4d5dccda9ff4150569,no
Astrology-Database/Birth-detail-collections/Charts Kala/Kala/Charts/Database/Actresses/Virginia Weidler.cht,Astrology-Database/Chart-Collections/Birth-detail-collections/Charts Kala/Kala/Charts/Database/Actresses/Virginia Weidler.cht,72232adf6443ebfe9b0b8a877e1d15eaaaa7a91120acddc9a00c83e5a7b88e1c,72232adf6443ebfe9b0b8a877e1d15eaaaa7a91120acddc9a00c83e5a7b88e1c,moved,Astrology/Chart-Collections,72232adf6443ebfe9b0b8a877e1d15eaaaa7a91120acddc9a00c83e5a7b88e1c,no
Astrology-Database/Birth-detail-collections/Charts Kala/Kala/Charts/Database/Actresses/Vivian Leigh.cht,Astrology-Database/Chart-Collections/Birth-detail-collections/Charts Kala/Kala/Charts/Database/Actresses/Vivian Leigh.cht,31f83da4aca88842bc4b8d3b6822b1146bf0e5d1909dec37444faffeaf06b6b5,31f83da4aca88842bc4b8d3b6822b1146bf0e5d1909dec37444faffeaf06b6b5,moved,Astrology/Chart-Collections,31f83da4aca88842bc4b8d3b6822b1146bf0e5d1909dec37444faffeaf06b6b5,no
Astrology-Database/Birth-detail-collections/Charts Kala/Kala/Charts/Database/Actresses/Whoopi Goldberg.cht,Astrology-Database/Chart-Collections/Birth-detail-collections/Charts Kala/Kala/Charts/Database/Actresses/Whoopi Goldberg.cht,da3404ffdfd760181ae6939df9b76c17f10996ca8d3a9e926a56e18fc6140422,da3404ffdfd760181ae6939df9b76c17f10996ca8d3a9e926a56e18fc6140422,moved,Astrology/Chart-Collections,da3404ffdfd760181ae6939df9b76c17f10996ca8d3a9e926a56e18fc6140422,no
Astrology-Database/Birth-detail-collections/Charts Kala/Kala/Charts/Database/Actresses/Winona Ryder.cht,Astrology-Database/Chart-Collections/Birth-detail-collections/Charts Kala/Kala/Charts/Database/Actresses/Winona Ryder.cht,d465ffba766074c8d20f2d334cd5119f7dcac67b293df3bbf08ca5824336eb09,d465ffba766074c8d20f2d334cd5119f7dcac67b293df3bbf08ca5824336eb09,moved,Astrology/Chart-Collections,d465ffba766074c8d20f2d334cd5119f7dcac67b293df3bbf08ca5824336eb09,no
Astrology-Database/Birth-detail-collections/Charts Kala/Kala/Charts/Database/Actresses/Zsa Zsa Gabor.cht,Astrology-Database/Chart-Collections/Birth-detail-collections/Charts Kala/Kala/Charts/Database/Actresses/Zsa Zsa Gabor.cht,6fb0541c3f67d836f59f17adc99b7e16f7d24ac2427922ebdab5cedccc3a5fca,6fb0541c3f67d836f59f17adc99b7e16f7d24ac2427922ebdab5cedccc3a5fca,moved,Astrology/Chart-Collections,6fb0541c3f67d836f59f17adc99b7e16f7d24ac2427922ebdab5cedccc3a5fca,no
Astrology-Database/Birth-detail-collections/Charts Kala/Kala/Charts/Database/Artists/Ansel Adams.cht,Astrology-Database/Chart-Collections/Birth-detail-collections/Charts Kala/Kala/Charts/Database/Artists/Ansel Adams.cht,b45b5ea8c9eb1f1027a97f8fa32cee860862a7f20c5a80279765a2720edc3dc1,b45b5ea8c9eb1f1027a97f8fa32cee860862a7f20c5a80279765a2720edc3dc1,moved,Astrology/Chart-Collections,b45b5ea8c9eb1f1027a97f8fa32cee860862a7f20c5a80279765a2720edc3dc1,no
Astrology-Database/Birth-detail-collections/Charts Kala/Kala/Charts/Database/Artists/Frida Kahlo.cht,Astrology-Database/Chart-Collections/Birth-detail-collections/Charts Kala/Kala/Charts/Database/Artists/Frida Kahlo.cht,c0938a1c966122138241740dcceea6169355d2393529c6001673ca8e7d871cdd,c0938a1c966122138241740dcceea6169355d2393529c6001673ca8e7d871cdd,moved,Astrology/Chart-Collections,c0938a1c966122138241740dcceea6169355d2393529c6001673ca8e7d871cdd,no
Astrology-Database/Birth-detail-collections/Charts Kala/Kala/Charts/Database/Artists/Henri Matisse.cht,Astrology-Database/Chart-Collections/Birth-detail-collections/Charts Kala/Kala/Charts/Database/Artists/Henri Matisse.cht,456eba4f233b51b91616c1e73f7eb4d6f40074465d4d86bc6ca79b834f6f4113,456eba4f233b51b91616c1e73f7eb4d6f40074465d4d86bc6ca79b834f6f4113,moved,Astrology/Chart-Collections,456eba4f233b51b91616c1e73f7eb4d6f40074465d4d86bc6ca79b834f6f4113,no
Astrology-Database/Birth-detail-collections/Charts Kala/Kala/Charts/Database/Artists/Peter Max.cht,Astrology-Database/Chart-Collections/Birth-detail-collections/Charts Kala/Kala/Charts/Database/Artists/Peter Max.cht,68200037e3bb4542c70a177b824fdcbdc184f530ea40028decf13d1686949379,68200037e3bb4542c70a177b824fdcbdc184f530ea40028decf13d1686949379,moved,Astrology/Chart-Collections,68200037e3bb4542c70a177b824fdcbdc184f530ea40028decf13d1686949379,no
Astrology-Database/Birth-detail-collections/Charts Kala/Kala/Charts/Database/Artists/Salvador Dali.cht,Astrology-Database/Chart-Collections/Birth-detail-collections/Charts Kala/Kala/Charts/Database/Artists/Salvador Dali.cht,a8383ca85c1d90320f267b8d69aceead632480c9e11afbe43ea46b1e8249e4ce,a8383ca85c1d90320f267b8d69aceead632480c9e11afbe43ea46b1e8249e4ce,moved,Astrology/Chart-Collections,a8383ca85c1d90320f267b8d69aceead632480c9e11afbe43ea46b1e8249e4ce,no
"Astrology-Database/Birth-detail-collections/Charts Kala/Kala/Charts/Database/Astrologers, etc/Aleister Crowley.cht","Astrology-Database/Chart-Collections/Birth-detail-collections/Charts Kala/Kala/Charts/Database/Astrologers, etc/Aleister Crowley.cht",026039d679a5cafed3a9eb558c235e925a21e53e72c9cd55a58a8a03b5e6f9ee,026039d679a5cafed3a9eb558c235e925a21e53e72c9cd55a58a8a03b5e6f9ee,moved,Astrology/Chart-Collections,026039d679a5cafed3a9eb558c235e925a21e53e72c9cd55a58a8a03b5e6f9ee,no
"Astrology-Database/Birth-detail-collections/Charts Kala/Kala/Charts/Database/Astrologers, etc/Arulpragasam.cht","Astrology-Database/Chart-Collections/Birth-detail-collections/Charts Kala/Kala/Charts/Database/Astrologers, etc/Arulpragasam.cht",bb62f8d76066c9bd6f95e7bddb8f2bab27aa55277b5a5ee86132dae58f37475b,bb62f8d76066c9bd6f95e7bddb8f2bab27aa55277b5a5ee86132dae58f37475b,moved,Astrology/Chart-Collections,bb62f8d76066c9bd6f95e7bddb8f2bab27aa55277b5a5ee86132dae58f37475b,no
"Astrology-Database/Birth-detail-collections/Charts Kala/Kala/Charts/Database/Astrologers, etc/B.V. Raman.cht","Astrology-Database/Chart-Collections/Birth-detail-collections/Charts Kala/Kala/Charts/Database/Astrologers, etc/B.V. Raman.cht",0cc16596278aea128fcfc4f45e86a81f01792651e6add766655a74d99c688f27,0cc16596278aea128fcfc4f45e86a81f01792651e6add766655a74d99c688f27,moved,Astrology/Chart-Collections,0cc16596278aea128fcfc4f45e86a81f01792651e6add766655a74d99c688f27,no
"Astrology-Database/Birth-detail-collections/Charts Kala/Kala/Charts/Database/Astrologers, etc/Charles E O Carter.cht","Astrology-Database/Chart-Collections/Birth-detail-collections/Charts Kala/Kala/Charts/Database/Astrologers, etc/Charles E O Carter.cht",99d1d439fb225c8d8bd2ac6526f816a3d13e5def0c6d99ed8ab7759c64fc3b15,99d1d439fb225c8d8bd2ac6526f816a3d13e5def0c6d99ed8ab7759c64fc3b15,moved,Astrology/Chart-Collections,99d1d439fb225c8d8bd2ac6526f816a3d13e5def0c6d99ed8ab7759c64fc3b15,no
"Astrology-Database/Birth-detail-collections/Charts Kala/Kala/Charts/Database/Astrologers, etc/Cheiro.cht","Astrology-Database/Chart-Collections/Birth-detail-collections/Charts Kala/Kala/Charts/Database/Astrologers, etc/Cheiro.cht",5f8c4491f1f20c87a9b3878194f788d23e131d3d78db64bb4b12710e874c4eaf,5f8c4491f1f20c87a9b3878194f788d23e131d3d78db64bb4b12710e874c4eaf,moved,Astrology/Chart-Collections,5f8c4491f1f20c87a9b3878194f788d23e131d3d78db64bb4b12710e874c4eaf,no
"Astrology-Database/Birth-detail-collections/Charts Kala/Kala/Charts/Database/Astrologers, etc/Das Goravani.cht","Astrology-Database/Chart-Collections/Birth-detail-collections/Charts Kala/Kala/Charts/Database/Astrologers, etc/Das Goravani.cht",ca25f31a9d86523dc23b82b7175a010494cfaee836dc24784cab83385f6f62e3,ca25f31a9d86523dc23b82b7175a010494cfaee836dc24784cab83385f6f62e3,moved,Astrology/Chart-Collections,ca25f31a9d86523dc23b82b7175a010494cfaee836dc24784cab83385f6f62e3,no
"Astrology-Database/Birth-detail-collections/Charts Kala/Kala/Charts/Database/Astrologers, etc/Edgar Cayce.cht","Astrology-Database/Chart-Collections/Birth-detail-collections/Charts Kala/Kala/Charts/Database/Astrologers, etc/Edgar Cayce.cht",849e117c6bc4c04dc3b1635112ed127620a9b69164995c43b723ee56372e05f9,849e117c6bc4c04dc3b1635112ed127620a9b69164995c43b723ee56372e05f9,moved,Astrology/Chart-Collections,849e117c6bc4c04dc3b1635112ed127620a9b69164995c43b723ee56372e05f9,no
"Astrology-Database/Birth-detail-collections/Charts Kala/Kala/Charts/Database/Astrologers, etc/Ernst Wilhelm.cht","Astrology-Database/Chart-Collections/Birth-detail-collections/Charts Kala/Kala/Charts/Database/Astrologers, etc/Ernst Wilhelm.cht",fd4cb8180cb5bf82ddc82383097ac59967449f842ce90d5f494e35ba4f430a0d,fd4cb8180cb5bf82ddc82383097ac59967449f842ce90d5f494e35ba4f430a0d,moved,Astrology/Chart-Collections,fd4cb8180cb5bf82ddc82383097ac59967449f842ce90d5f494e35ba4f430a0d,no
"Astrology-Database/Birth-detail-collections/Charts Kala/Kala/Charts/Database/Astrologers, etc/Goodman, Linda.cht","Astrology-Database/Chart-Collections/Birth-detail-collections/Charts Kala/Kala/Charts/Database/Astrologers, etc/Goodman, Linda.cht",62eb1fffdf1c8db1fb0418810bc1a4d9095127c8b2815622f448159e9351d2b4,62eb1fffdf1c8db1fb0418810bc1a4d9095127c8b2815622f448159e9351d2b4,moved,Astrology/Chart-Collections,62eb1fffdf1c8db1fb0418810bc1a4d9095127c8b2815622f448159e9351d2b4,no
"Astrology-Database/Birth-detail-collections/Charts Kala/Kala/Charts/Database/Astrologers, etc/KN Rao.cht","Astrology-Database/Chart-Collections/Birth-detail-collections/Charts Kala/Kala/Charts/Database/Astrologers, etc/KN Rao.cht",7882ec11354ac7cabd53e0dc8e7c98d66f91dc7b5756b193e1ebce593600168d,7882ec11354ac7cabd53e0dc8e7c98d66f91dc7b5756b193e1ebce593600168d,moved,Astrology/Chart-Collections,7882ec11354ac7cabd53e0dc8e7c98d66f91dc7b5756b193e1ebce593600168d,no
"Astrology-Database/Birth-detail-collections/Charts Kala/Kala/Charts/Database/Astrologers, etc/Peter Hurkos.cht","Astrology-Database/Chart-Collections/Birth-detail-collections/Charts Kala/Kala/Charts/Database/Astrologers, etc/Peter Hurkos.cht",91019620eb8ce715d7d5f38f3e950e33262ebc65797704cf01112eb2d916fe4e,91019620eb8ce715d7d5f38f3e950e33262ebc65797704cf01112eb2d916fe4e,moved,Astrology/Chart-Collections,91019620eb8ce715d7d5f38f3e950e33262ebc65797704cf01112eb2d916fe4e,no
"Astrology-Database/Birth-detail-collections/Charts Kala/Kala/Charts/Database/Astrologers, etc/Reinhold Ebertin.cht","Astrology-Database/Chart-Collections/Birth-detail-collections/Charts Kala/Kala/Charts/Database/Astrologers, etc/Reinhold Ebertin.cht",32f22154602aef8f72bd4efdebb8757c1642f013a806e9c6e8996da592407bec,32f22154602aef8f72bd4efdebb8757c1642f013a806e9c6e8996da592407bec,moved,Astrology/Chart-Collections,32f22154602aef8f72bd4efdebb8757c1642f013a806e9c6e8996da592407bec,no
"Astrology-Database/Birth-detail-collections/Charts Kala/Kala/Charts/Database/Astrologers, etc/Richard Houck.cht","Astrology-Database/Chart-Collections/Birth-detail-collections/Charts Kala/Kala/Charts/Database/Astrologers, etc/Richard Houck.cht",e29177f1be95f4fcf40eae4b14bd58824e7468a09fe918550fbaea199237e5fc,e29177f1be95f4fcf40eae4b14bd58824e7468a09fe918550fbaea199237e5fc,moved,Astrology/Chart-Collections,e29177f1be95f4fcf40eae4b14bd58824e7468a09fe918550fbaea199237e5fc,no
"Astrology-Database/Birth-detail-collections/Charts Kala/Kala/Charts/Database/Astrologers, etc/Robert Camp.cht","Astrology-Database/Chart-Collections/Birth-detail-collections/Charts Kala/Kala/Charts/Database/Astrologers, etc/Robert Camp.cht",684e6aff429411317d7a0035b01f2e545a9865d3f9725dc6a714a875ec940418,684e6aff429411317d7a0035b01f2e545a9865d3f9725dc6a714a875ec940418,moved,Astrology/Chart-Collections,684e6aff429411317d7a0035b01f2e545a9865d3f9725dc6a714a875ec940418,no
"Astrology-Database/Birth-detail-collections/Charts Kala/Kala/Charts/Database/Astrologers, etc/Robert Deluce.cht","Astrology-Database/Chart-Collections/Birth-detail-collections/Charts Kala/Kala/Charts/Database/Astrologers, etc/Robert Deluce.cht",e73c1202d76fa61ee26e62025177ca91e486a539bc3751dfb5b20e67d23456a5,e73c1202d76fa61ee26e62025177ca91e486a539bc3751dfb5b20e67d23456a5,moved,Astrology/Chart-Collections,e73c1202d76fa61ee26e62025177ca91e486a539bc3751dfb5b20e67d23456a5,no
"Astrology-Database/Birth-detail-collections/Charts Kala/Kala/Charts/Database/Astrologers, etc/Robert Koch.cht","Astrology-Database/Chart-Collections/Birth-detail-collections/Charts Kala/Kala/Charts/Database/Astrologers, etc/Robert Koch.cht",fee130deea56974956cf7cd56220e47bb86ee17e20a80c1557a61bf824dd93f8,fee130deea56974956cf7cd56220e47bb86ee17e20a80c1557a61bf824dd93f8,moved,Astrology/Chart-Collections,fee130deea56974956cf7cd56220e47bb86ee17e20a80c1557a61bf824dd93f8,no
"Astrology-Database/Birth-detail-collections/Charts Kala/Kala/Charts/Database/Astrologers, etc/Sanjay Rath.cht","Astrology-Database/Chart-Collections/Birth-detail-collections/Charts Kala/Kala/Charts/Database/Astrologers, etc/Sanjay Rath.cht",0b51ead7685ecf187aa7c760e9060e97a1246e165f4c4c74426059a275bf4c90,0b51ead7685ecf187aa7c760e9060e97a1246e165f4c4c74426059a275bf4c90,moved,Astrology/Chart-Collections,0b51ead7685ecf187aa7c760e9060e97a1246e165f4c4c74426059a275bf4c90,no
"Astrology-Database/Birth-detail-collections/Charts Kala/Kala/Charts/Database/Astrologers, etc/Visti Larson.cht","Astrology-Database/Chart-Collections/Birth-detail-collections/Charts Kala/Kala/Charts/Database/Astrologers, etc/Visti Larson.cht",e51f872a92975dd0e51d592b6aa81cd57f970e96f63483e0a1df4b7c0ba9f52d,e51f872a92975dd0e51d592b6aa81cd57f970e96f63483e0a1df4b7c0ba9f52d,moved,Astrology/Chart-Collections,e51f872a92975dd0e51d592b6aa81cd57f970e96f63483e0a1df4b7c0ba9f52d,no
Astrology-Database/Birth-detail-collections/Charts Kala/Kala/Charts/Database/Atheletes/Al Unser.cht,Astrology-Database/Chart-Collections/Birth-detail-collections/Charts Kala/Kala/Charts/Database/Atheletes/Al Unser.cht,5e664b35fc2e75f68e7d5e1d0c1863b20f831a26c75bff8735aba411974c10cf,5e664b35fc2e75f68e7d5e1d0c1863b20f831a26c75bff8735aba411974c10cf,moved,Astrology/Chart-Collections,5e664b35fc2e75f68e7d5e1d0c1863b20f831a26c75bff8735aba411974c10cf,no
Astrology-Database/Birth-detail-collections/Charts Kala/Kala/Charts/Database/Atheletes/Bruce Jenner.cht,Astrology-Database/Chart-Collections/Birth-detail-collections/Charts Kala/Kala/Charts/Database/Atheletes/Bruce Jenner.cht,b05c2aaa5e6bc9361947578d0944815ae3d6ee1143939327ccfd7af0618feb80,b05c2aaa5e6bc9361947578d0944815ae3d6ee1143939327ccfd7af0618feb80,moved,Astrology/Chart-Collections,b05c2aaa5e6bc9361947578d0944815ae3d6ee1143939327ccfd7af0618feb80,no
Astrology-Database/Birth-detail-collections/Charts Kala/Kala/Charts/Database/Atheletes/Bruce Lee.cht,Astrology-Database/Chart-Collections/Birth-detail-collections/Charts Kala/Kala/Charts/Database/Atheletes/Bruce Lee.cht,036da977a1cbf8699ddb49507821766224438e521d2e9824bee62b25f1c279b6,036da977a1cbf8699ddb49507821766224438e521d2e9824bee62b25f1c279b6,moved,Astrology/Chart-Collections,036da977a1cbf8699ddb49507821766224438e521d2e9824bee62b25f1c279b6,no
Astrology-Database/Birth-detail-collections/Charts Kala/Kala/Charts/Database/Atheletes/Cale Yarborough.cht,Astrology-Database/Chart-Collections/Birth-detail-collections/Charts Kala/Kala/Charts/Database/Atheletes/Cale Yarborough.cht,9f2f73f7be1a45a5fadd14a07c498947e63455c79abc9ed825331d2d44a911c2,9f2f73f7be1a45a5fadd14a07c498947e63455c79abc9ed825331d2d44a911c2,moved,Astrology/Chart-Collections,9f2f73f7be1a45a5fadd14a07c498947e63455c79abc9ed825331d2d44a911c2,no
Astrology-Database/Birth-detail-collections/Charts Kala/Kala/Charts/Database/Atheletes/Dorothy Hamill.cht,Astrology-Database/Chart-Collections/Birth-detail-collections/Charts Kala/Kala/Charts/Database/Atheletes/Dorothy Hamill.cht,c376058a09643b3f7637db92dcba4a1cb0c370f74c4bb7643e3efa12e8e187da,c376058a09643b3f7637db92dcba4a1cb0c370f74c4bb7643e3efa12e8e187da,moved,Astrology/Chart-Collections,c376058a09643b3f7637db92dcba4a1cb0c370f74c4bb7643e3efa12e8e187da,no
Astrology-Database/Birth-detail-collections/Charts Kala/Kala/Charts/Database/Atheletes/Eddie Arcaro.cht,Astrology-Database/Chart-Collections/Birth-detail-collections/Charts Kala/Kala/Charts/Database/Atheletes/Eddie Arcaro.cht,4f8a423bb1d59379b1e2dea962b4dbc90faa35cfd34f70d1e726e9cd91c37e0d,4f8a423bb1d59379b1e2dea962b4dbc90faa35cfd34f70d1e726e9cd91c37e0d,moved,Astrology/Chart-Collections,4f8a423bb1d59379b1e2dea962b4dbc90faa35cfd34f70d1e726e9cd91c37e0d,no
Astrology-Database/Birth-detail-collections/Charts Kala/Kala/Charts/Database/Atheletes/Florence Chadwick.cht,Astrology-Database/Chart-Collections/Birth-detail-collections/Charts Kala/Kala/Charts/Database/Atheletes/Florence Chadwick.cht,8f03be2f1bac052a234edb416f57cac5fd614684366a7044adf6741563fd9914,8f03be2f1bac052a234edb416f57cac5fd614684366a7044adf6741563fd9914,moved,Astrology/Chart-Collections,8f03be2f1bac052a234edb416f57cac5fd614684366a7044adf6741563fd9914,no
Astrology-Database/Birth-detail-collections/Charts Kala/Kala/Charts/Database/Atheletes/Hank Aaron.cht,Astrology-Database/Chart-Collections/Birth-detail-collections/Charts Kala/Kala/Charts/Database/Atheletes/Hank Aaron.cht,74884914c98ab81fdfaea8d838db5159350982c8d59759b8f254759463bc754e,74884914c98ab81fdfaea8d838db5159350982c8d59759b8f254759463bc754e,moved,Astrology/Chart-Collections,74884914c98ab81fdfaea8d838db5159350982c8d59759b8f254759463bc754e,no
Astrology-Database/Birth-detail-collections/Charts Kala/Kala/Charts/Database/Atheletes/Ingemar Johansson.cht,Astrology-Database/Chart-Collections/Birth-detail-collections/Charts Kala/Kala/Charts/Database/Atheletes/Ingemar Johansson.cht,b5006d9e4d96bea4cff9850dc986763f69982c6a47cba4fd8c69989084b73bc9,b5006d9e4d96bea4cff9850dc986763f69982c6a47cba4fd8c69989084b73bc9,moved,Astrology/Chart-Collections,b5006d9e4d96bea4cff9850dc986763f69982c6a47cba4fd8c69989084b73bc9,no
Astrology-Database/Birth-detail-collections/Charts Kala/Kala/Charts/Database/Atheletes/Joe Montana.cht,Astrology-Database/Chart-Collections/Birth-detail-collections/Charts Kala/Kala/Charts/Database/Atheletes/Joe Montana.cht,cfb31ed2c05e5f4a755ebabcc43a728ccc63498e82e42ec6ac46e632d78ac2e7,cfb31ed2c05e5f4a755ebabcc43a728ccc63498e82e42ec6ac46e632d78ac2e7,moved,Astrology/Chart-Collections,cfb31ed2c05e5f4a755ebabcc43a728ccc63498e82e42ec6ac46e632d78ac2e7,no
Astrology-Database/Birth-detail-collections/Charts Kala/Kala/Charts/Database/Atheletes/John McEnroe.cht,Astrology-Database/Chart-Collections/Birth-detail-collections/Charts Kala/Kala/Charts/Database/Atheletes/John McEnroe.cht,8749d3f0d7e48a54fd17414fe436c1a3d009a0e3cbf2c7c8b939dbae758f2adc,8749d3f0d7e48a54fd17414fe436c1a3d009a0e3cbf2c7c8b939dbae758f2adc,moved,Astrology/Chart-Collections,8749d3f0d7e48a54fd17414fe436c1a3d009a0e3cbf2c7c8b939dbae758f2adc,no
Astrology-Database/Birth-detail-collections/Charts Kala/Kala/Charts/Database/Atheletes/Lance Alworth.cht,Astrology-Database/Chart-Collections/Birth-detail-collections/Charts Kala/Kala/Charts/Database/Atheletes/Lance Alworth.cht,3fc018cab6e0a3b1f980102b1ccf90887af824769ed250c5851af87f78a817e6,3fc018cab6e0a3b1f980102b1ccf90887af824769ed250c5851af87f78a817e6,moved,Astrology/Chart-Collections,3fc018cab6e0a3b1f980102b1ccf90887af824769ed250c5851af87f78a817e6,no
Astrology-Database/Birth-detail-collections/Charts Kala/Kala/Charts/Database/Atheletes/Lance Armstrong.cht,Astrology-Database/Chart-Collections/Birth-detail-collections/Charts Kala/Kala/Charts/Database/Atheletes/Lance Armstrong.cht,95637a54d6263a1d2190b38e30a514474fbfa7664fbc34d477e49779efd54aed,95637a54d6263a1d2190b38e30a514474fbfa7664fbc34d477e49779efd54aed,moved,Astrology/Chart-Collections,95637a54d6263a1d2190b38e30a514474fbfa7664fbc34d477e49779efd54aed,no
Astrology-Database/Birth-detail-collections/Charts Kala/Kala/Charts/Database/Atheletes/Lon Haldeman.cht,Astrology-Database/Chart-Collections/Birth-detail-collections/Charts Kala/Kala/Charts/Database/Atheletes/Lon Haldeman.cht,4a1f4582513a6231ddaefa7a959f5aaa69911d422c591a075dc7b3258de9245f,4a1f4582513a6231ddaefa7a959f5aaa69911d422c591a075dc7b3258de9245f,moved,Astrology/Chart-Collections,4a1f4582513a6231ddaefa7a959f5aaa69911d422c591a075dc7b3258de9245f,no
Astrology-Database/Birth-detail-collections/Charts Kala/Kala/Charts/Database/Atheletes/Mario Andretti.cht,Astrology-Database/Chart-Collections/Birth-detail-collections/Charts Kala/Kala/Charts/Database/Atheletes/Mario Andretti.cht,b1737efabf128ca863c66a02c045743ec34e70c5f341eb7416f8d574969fbeb5,b1737efabf128ca863c66a02c045743ec34e70c5f341eb7416f8d574969fbeb5,moved,Astrology/Chart-Collections,b1737efabf128ca863c66a02c045743ec34e70c5f341eb7416f8d574969fbeb5,no
Astrology-Database/Birth-detail-collections/Charts Kala/Kala/Charts/Database/Atheletes/Mark Spitz.cht,Astrology-Database/Chart-Collections/Birth-detail-collections/Charts Kala/Kala/Charts/Database/Atheletes/Mark Spitz.cht,3fef80d7dd19d60d9df66b48e77dff35f1c5705f2b583c66ed9e3ca9ee60071c,3fef80d7dd19d60d9df66b48e77dff35f1c5705f2b583c66ed9e3ca9ee60071c,moved,Astrology/Chart-Collections,3fef80d7dd19d60d9df66b48e77dff35f1c5705f2b583c66ed9e3ca9ee60071c,no
Astrology-Database/Birth-detail-collections/Charts Kala/Kala/Charts/Database/Atheletes/Michael Jordan.cht,Astrology-Database/Chart-Collections/Birth-detail-collections/Charts Kala/Kala/Charts/Database/Atheletes/Michael Jordan.cht,fa488d422df233c9f31042e0c70d4abae96a9d6637b0585aacfcc5f1e98f05fd,fa488d422df233c9f31042e0c70d4abae96a9d6637b0585aacfcc5f1e98f05fd,moved,Astrology/Chart-Collections,fa488d422df233c9f31042e0c70d4abae96a9d6637b0585aacfcc5f1e98f05fd,no
Astrology-Database/Birth-detail-collections/Charts Kala/Kala/Charts/Database/Atheletes/Muhammad Ali.cht,Astrology-Database/Chart-Collections/Birth-detail-collections/Charts Kala/Kala/Charts/Database/Atheletes/Muhammad Ali.cht,2df179130bba01e60dc23f3a700c595fd6d4204de756ffc06618707edb3b2914,2df179130bba01e60dc23f3a700c595fd6d4204de756ffc06618707edb3b2914,moved,Astrology/Chart-Collections,2df179130bba01e60dc23f3a700c595fd6d4204de756ffc06618707edb3b2914,no
Astrology-Database/Birth-detail-collections/Charts Kala/Kala/Charts/Database/Atheletes/OJ Simpson.cht,Astrology-Database/Chart-Collections/Birth-detail-collections/Charts Kala/Kala/Charts/Database/Atheletes/OJ Simpson.cht,75b69f30da1f99feba52de09e3c67e9b16f6eb981176862fbf09e90b552fb87a,75b69f30da1f99feba52de09e3c67e9b16f6eb981176862fbf09e90b552fb87a,moved,Astrology/Chart-Collections,75b69f30da1f99feba52de09e3c67e9b16f6eb981176862fbf09e90b552fb87a,no
Astrology-Database/Birth-detail-collections/Charts Kala/Kala/Charts/Database/Atheletes/Paul Hornung.cht,Astrology-Database/Chart-Collections/Birth-detail-collections/Charts Kala/Kala/Charts/Database/Atheletes/Paul Hornung.cht,ef5b935a6d1db8cf1718486c1b23434c6e20ee94a7a8b79f55b990e8610bf996,ef5b935a6d1db8cf1718486c1b23434c6e20ee94a7a8b79f55b990e8610bf996,moved,Astrology/Chart-Collections,ef5b935a6d1db8cf1718486c1b23434c6e20ee94a7a8b79f55b990e8610bf996,no
Astrology-Database/Birth-detail-collections/Charts Kala/Kala/Charts/Database/Atheletes/Sachin Tendulk.cht,Astrology-Database/Chart-Collections/Birth-detail-collections/Charts Kala/Kala/Charts/Database/Atheletes/Sachin Tendulk.cht,91aa4d0122c2d1ca443416ec95c652b6a1b014a7b821d1b4ce497507dff1e31d,91aa4d0122c2d1ca443416ec95c652b6a1b014a7b821d1b4ce497507dff1e31d,moved,Astrology/Chart-Collections,91aa4d0122c2d1ca443416ec95c652b6a1b014a7b821d1b4ce497507dff1e31d,no
Astrology-Database/Birth-detail-collections/Charts Kala/Kala/Charts/Database/Atheletes/Steve Reeves.cht,Astrology-Database/Chart-Collections/Birth-detail-collections/Charts Kala/Kala/Charts/Database/Atheletes/Steve Reeves.cht,09edd107223e541ff7f41760fa70c963e68be50da21d0135d2362f896bdebaa4,09edd107223e541ff7f41760fa70c963e68be50da21d0135d2362f896bdebaa4,moved,Astrology/Chart-Collections,09edd107223e541ff7f41760fa70c963e68be50da21d0135d2362f896bdebaa4,no
Astrology-Database/Birth-detail-collections/Charts Kala/Kala/Charts/Database/Atheletes/Sugar Ray Robinson.cht,Astrology-Database/Chart-Collections/Birth-detail-collections/Charts Kala/Kala/Charts/Database/Atheletes/Sugar Ray Robinson.cht,a6bf2e454aa432408aa4682ab2bce9e0f5ada536febff1ed5e0b131d7b204d41,a6bf2e454aa432408aa4682ab2bce9e0f5ada536febff1ed5e0b131d7b204d41,moved,Astrology/Chart-Collections,a6bf2e454aa432408aa4682ab2bce9e0f5ada536febff1ed5e0b131d7b204d41,no
Astrology-Database/Birth-detail-collections/Charts Kala/Kala/Charts/Database/Atheletes/Tigger Woods.cht,Astrology-Database/Chart-Collections/Birth-detail-collections/Charts Kala/Kala/Charts/Database/Atheletes/Tigger Woods.cht,206ca5ef5e1f7ef573233cb20f83036c72897c1d1ab550b008642b44a98410f2,206ca5ef5e1f7ef573233cb20f83036c72897c1d1ab550b008642b44a98410f2,moved,Astrology/Chart-Collections,206ca5ef5e1f7ef573233cb20f83036c72897c1d1ab550b008642b44a98410f2,no
Astrology-Database/Birth-detail-collections/Charts Kala/Kala/Charts/Database/Atheletes/Tom Weiskopf.cht,Astrology-Database/Chart-Collections/Birth-detail-collections/Charts Kala/Kala/Charts/Database/Atheletes/Tom Weiskopf.cht,a6827772c24ac6e0404509ff3b0dadb58833c3cb4e3a112085219de3abb1d8ac,a6827772c24ac6e0404509ff3b0dadb58833c3cb4e3a112085219de3abb1d8ac,moved,Astrology/Chart-Collections,a6827772c24ac6e0404509ff3b0dadb58833c3cb4e3a112085219de3abb1d8ac,no
Astrology-Database/Birth-detail-collections/Charts Kala/Kala/Charts/Database/Atheletes/Wayne Gretsky.cht,Astrology-Database/Chart-Collections/Birth-detail-collections/Charts Kala/Kala/Charts/Database/Atheletes/Wayne Gretsky.cht,7ea1bf24dc1d174234b93d76945b9c51ef7b9b1426e63fd31b54caa429784519,7ea1bf24dc1d174234b93d76945b9c51ef7b9b1426e63fd31b54caa429784519,moved,Astrology/Chart-Collections,7ea1bf24dc1d174234b93d76945b9c51ef7b9b1426e63fd31b54caa429784519,no
Astrology-Database/Birth-detail-collections/Charts Kala/Kala/Charts/Database/Authors/Aldous Huxley.cht,Astrology-Database/Chart-Collections/Birth-detail-collections/Charts Kala/Kala/Charts/Database/Authors/Aldous Huxley.cht,2c31a263f57d74041323ea3d9ee5b9171d1bae44b773420ee931699914bc0816,2c31a263f57d74041323ea3d9ee5b9171d1bae44b773420ee931699914bc0816,moved,Astrology/Chart-Collections,2c31a263f57d74041323ea3d9ee5b9171d1bae44b773420ee931699914bc0816,no
Astrology-Database/Birth-detail-collections/Charts Kala/Kala/Charts/Database/Authors/Alex Haley.cht,Astrology-Database/Chart-Collections/Birth-detail-collections/Charts Kala/Kala/Charts/Database/Authors/Alex Haley.cht,5c26290a8f87eb31077ebb86e4ae5f85ec5446b9ce6359bb7b7db5e00a740d9c,5c26290a8f87eb31077ebb86e4ae5f85ec5446b9ce6359bb7b7db5e00a740d9c,moved,Astrology/Chart-Collections,5c26290a8f87eb31077ebb86e4ae5f85ec5446b9ce6359bb7b7db5e00a740d9c,no
Astrology-Database/Birth-detail-collections/Charts Kala/Kala/Charts/Database/Authors/August Strindberg.cht,Astrology-Database/Chart-Collections/Birth-detail-collections/Charts Kala/Kala/Charts/Database/Authors/August Strindberg.cht,83623437596dfa501a4c17e64d8a96117b37499ebaf1471267c31ec2c716ece7,83623437596dfa501a4c17e64d8a96117b37499ebaf1471267c31ec2c716ece7,moved,Astrology/Chart-Collections,83623437596dfa501a4c17e64d8a96117b37499ebaf1471267c31ec2c716ece7,no
Astrology-Database/Birth-detail-collections/Charts Kala/Kala/Charts/Database/Authors/Ernest Hemingway.cht,Astrology-Database/Chart-Collections/Birth-detail-collections/Charts Kala/Kala/Charts/Database/Authors/Ernest Hemingway.cht,f8fd021326dde2d54b0305cbc08e3fd1515e7b0cc034f9710ba871733d52e11b,f8fd021326dde2d54b0305cbc08e3fd1515e7b0cc034f9710ba871733d52e11b,moved,Astrology/Chart-Collections,f8fd021326dde2d54b0305cbc08e3fd1515e7b0cc034f9710ba871733d52e11b,no
Astrology-Database/Birth-detail-collections/Charts Kala/Kala/Charts/Database/Authors/F. Scott Fitzgerald.cht,Astrology-Database/Chart-Collections/Birth-detail-collections/Charts Kala/Kala/Charts/Database/Authors/F. Scott Fitzgerald.cht,eac218b18a2a94ba4bfdbcd11b084013a736fa70fab4ea8d6d2af0bf836b8838,eac218b18a2a94ba4bfdbcd11b084013a736fa70fab4ea8d6d2af0bf836b8838,moved,Astrology/Chart-Collections,eac218b18a2a94ba4bfdbcd11b084013a736fa70fab4ea8d6d2af0bf836b8838,no
Astrology-Database/Birth-detail-collections/Charts Kala/Kala/Charts/Database/Authors/Frank Herbert.cht,Astrology-Database/Chart-Collections/Birth-detail-collections/Charts Kala/Kala/Charts/Database/Authors/Frank Herbert.cht,4b653cb4da08b369837fe610653ba2a0e15c036303ef0a18fd7d201a982584e2,4b653cb4da08b369837fe610653ba2a0e15c036303ef0a18fd7d201a982584e2,moved,Astrology/Chart-Collections,4b653cb4da08b369837fe610653ba2a0e15c036303ef0a18fd7d201a982584e2,no
Astrology-Database/Birth-detail-collections/Charts Kala/Kala/Charts/Database/Authors/Helen Gurley Brown.cht,Astrology-Database/Chart-Collections/Birth-detail-collections/Charts Kala/Kala/Charts/Database/Authors/Helen Gurley Brown.cht,e735a9b8edbe841a337d18a4ca06c1d283129a58a6f913597755a66b35b1ce19,e735a9b8edbe841a337d18a4ca06c1d283129a58a6f913597755a66b35b1ce19,moved,Astrology/Chart-Collections,e735a9b8edbe841a337d18a4ca06c1d283129a58a6f913597755a66b35b1ce19,no
Astrology-Database/Birth-detail-collections/Charts Kala/Kala/Charts/Database/Authors/Henry David Thoreau.cht,Astrology-Database/Chart-Collections/Birth-detail-collections/Charts Kala/Kala/Charts/Database/Authors/Henry David Thoreau.cht,7b64c206baac736c9cd9108dbc79c584891fd6425a1885d762a1017f1322f542,7b64c206baac736c9cd9108dbc79c584891fd6425a1885d762a1017f1322f542,moved,Astrology/Chart-Collections,7b64c206baac736c9cd9108dbc79c584891fd6425a1885d762a1017f1322f542,no
Astrology-Database/Birth-detail-collections/Charts Kala/Kala/Charts/Database/Authors/HG Wells.cht,Astrology-Database/Chart-Collections/Birth-detail-collections/Charts Kala/Kala/Charts/Database/Authors/HG Wells.cht,9fde4f3f001e8fde3007e3d167d560a7f2ae267387e6934b97b587f8ca17dc88,9fde4f3f001e8fde3007e3d167d560a7f2ae267387e6934b97b587f8ca17dc88,moved,Astrology/Chart-Collections,9fde4f3f001e8fde3007e3d167d560a7f2ae267387e6934b97b587f8ca17dc88,no
Astrology-Database/Birth-detail-collections/Charts Kala/Kala/Charts/Database/Authors/Isaac Asimov.cht,Astrology-Database/Chart-Collections/Birth-detail-collections/Charts Kala/Kala/Charts/Database/Authors/Isaac Asimov.cht,204a8f2d0fb22043c16aa99b92eacace8edb635336507178ae7ccc1f80670b71,204a8f2d0fb22043c16aa99b92eacace8edb635336507178ae7ccc1f80670b71,moved,Astrology/Chart-Collections,204a8f2d0fb22043c16aa99b92eacace8edb635336507178ae7ccc1f80670b71,no
Astrology-Database/Birth-detail-collections/Charts Kala/Kala/Charts/Database/Authors/J.K. Rowling.cht,Astrology-Database/Chart-Collections/Birth-detail-collections/Charts Kala/Kala/Charts/Database/Authors/J.K. Rowling.cht,37ec8fb03a33eef3e74c00d42be5306fa51a23ace51045d1e0f4d1b0640ac2df,37ec8fb03a33eef3e74c00d42be5306fa51a23ace51045d1e0f4d1b0640ac2df,moved,Astrology/Chart-Collections,37ec8fb03a33eef3e74c00d42be5306fa51a23ace51045d1e0f4d1b0640ac2df,no
Astrology-Database/Birth-detail-collections/Charts Kala/Kala/Charts/Database/Authors/Jack Kerouac.cht,Astrology-Database/Chart-Collections/Birth-detail-collections/Charts Kala/Kala/Charts/Database/Authors/Jack Kerouac.cht,98774820a2c19160b9bda5c65ad964f0531b433e88799fa2dce4bec887bff89f,98774820a2c19160b9bda5c65ad964f0531b433e88799fa2dce4bec887bff89f,moved,Astrology/Chart-Collections,98774820a2c19160b9bda5c65ad964f0531b433e88799fa2dce4bec887bff89f,no
Astrology-Database/Birth-detail-collections/Charts Kala/Kala/Charts/Database/Authors/James Clavell.cht,Astrology-Database/Chart-Collections/Birth-detail-collections/Charts Kala/Kala/Charts/Database/Authors/James Clavell.cht,5d1b1bbbe011136d6f6d32c0587a16df9cf41c76910dac96eeedad1d79f1851a,5d1b1bbbe011136d6f6d32c0587a16df9cf41c76910dac96eeedad1d79f1851a,moved,Astrology/Chart-Collections,5d1b1bbbe011136d6f6d32c0587a16df9cf41c76910dac96eeedad1d79f1851a,no
Astrology-Database/Birth-detail-collections/Charts Kala/Kala/Charts/Database/Authors/JK Rowling.cht,Astrology-Database/Chart-Collections/Birth-detail-collections/Charts Kala/Kala/Charts/Database/Authors/JK Rowling.cht,1b7971371750171051e9ab652102e079de9b6109e0b12e0aec27f7d1ec928445,1b7971371750171051e9ab652102e079de9b6109e0b12e0aec27f7d1ec928445,moved,Astrology/Chart-Collections,1b7971371750171051e9ab652102e079de9b6109e0b12e0aec27f7d1ec928445,no
Astrology-Database/Birth-detail-collections/Charts Kala/Kala/Charts/Database/Authors/John Irving.cht,Astrology-Database/Chart-Collections/Birth-detail-collections/Charts Kala/Kala/Charts/Database/Authors/John Irving.cht,d114d35edbd26f1693bd86d689eb039c613bfcff1fab89fe68c7b20db9ea650f,d114d35edbd26f1693bd86d689eb039c613bfcff1fab89fe68c7b20db9ea650f,moved,Astrology/Chart-Collections,d114d35edbd26f1693bd86d689eb039c613bfcff1fab89fe68c7b20db9ea650f,no
Astrology-Database/Birth-detail-collections/Charts Kala/Kala/Charts/Database/Authors/Jules Verne.cht,Astrology-Database/Chart-Collections/Birth-detail-collections/Charts Kala/Kala/Charts/Database/Authors/Jules Verne.cht,429723e416d25f2b26f4192a95c772918b7a191d7b730fefd256f01ac6f3d7db,429723e416d25f2b26f4192a95c772918b7a191d7b730fefd256f01ac6f3d7db,moved,Astrology/Chart-Collections,429723e416d25f2b26f4192a95c772918b7a191d7b730fefd256f01ac6f3d7db,no
Astrology-Database/Birth-detail-collections/Charts Kala/Kala/Charts/Database/Authors/L. Ron Hubbard.cht,Astrology-Database/Chart-Collections/Birth-detail-collections/Charts Kala/Kala/Charts/Database/Authors/L. Ron Hubbard.cht,132352b02c4ed7e4580b9c96fb4f93eb7716cd225afcda977d51b27a4691f922,132352b02c4ed7e4580b9c96fb4f93eb7716cd225afcda977d51b27a4691f922,moved,Astrology/Chart-Collections,132352b02c4ed7e4580b9c96fb4f93eb7716cd225afcda977d51b27a4691f922,no
Astrology-Database/Birth-detail-collections/Charts Kala/Kala/Charts/Database/Authors/Louisa May Alcott.cht,Astrology-Database/Chart-Collections/Birth-detail-collections/Charts Kala/Kala/Charts/Database/Authors/Louisa May Alcott.cht,da17726210c1cf688b3e5cc1035ff673ae448d1392d2a680e61f5e0fe88f22c1,da17726210c1cf688b3e5cc1035ff673ae448d1392d2a680e61f5e0fe88f22c1,moved,Astrology/Chart-Collections,da17726210c1cf688b3e5cc1035ff673ae448d1392d2a680e61f5e0fe88f22c1,no
Astrology-Database/Birth-detail-collections/Charts Kala/Kala/Charts/Database/Authors/Mark Twain.cht,Astrology-Database/Chart-Collections/Birth-detail-collections/Charts Kala/Kala/Charts/Database/Authors/Mark Twain.cht,ff833e81dce1699e80393f77276478e3370cf8260bd77c6615d499845347bf4f,ff833e81dce1699e80393f77276478e3370cf8260bd77c6615d499845347bf4f,moved,Astrology/Chart-Collections,ff833e81dce1699e80393f77276478e3370cf8260bd77c6615d499845347bf4f,no
Astrology-Database/Birth-detail-collections/Charts Kala/Kala/Charts/Database/Authors/Mary Shelly.cht,Astrology-Database/Chart-Collections/Birth-detail-collections/Charts Kala/Kala/Charts/Database/Authors/Mary Shelly.cht,1e64391fa2b1aa3284f6da38ef081f2e954ab349ac0f6e7e197da4dd65de25d9,1e64391fa2b1aa3284f6da38ef081f2e954ab349ac0f6e7e197da4dd65de25d9,moved,Astrology/Chart-Collections,1e64391fa2b1aa3284f6da38ef081f2e954ab349ac0f6e7e197da4dd65de25d9,no
Astrology-Database/Birth-detail-collections/Charts Kala/Kala/Charts/Database/Authors/Orson Wells.cht,Astrology-Database/Chart-Collections/Birth-detail-collections/Charts Kala/Kala/Charts/Database/Authors/Orson Wells.cht,324cf6ce1ba8136d76e030f4f07001fb913b75fc53f2cb279551671dfca21043,324cf6ce1ba8136d76e030f4f07001fb913b75fc53f2cb279551671dfca21043,moved,Astrology/Chart-Collections,324cf6ce1ba8136d76e030f4f07001fb913b75fc53f2cb279551671dfca21043,no
Astrology-Database/Birth-detail-collections/Charts Kala/Kala/Charts/Database/Authors/Oscar Wilde.cht,Astrology-Database/Chart-Collections/Birth-detail-collections/Charts Kala/Kala/Charts/Database/Authors/Oscar Wilde.cht,4add5e94f0a5e5b4be7bb91bb185f1b14acf17d5539a118d3c71074479f20040,4add5e94f0a5e5b4be7bb91bb185f1b14acf17d5539a118d3c71074479f20040,moved,Astrology/Chart-Collections,4add5e94f0a5e5b4be7bb91bb185f1b14acf17d5539a118d3c71074479f20040,no
Astrology-Database/Birth-detail-collections/Charts Kala/Kala/Charts/Database/Authors/Ray Bradbury.cht,Astrology-Database/Chart-Collections/Birth-detail-collections/Charts Kala/Kala/Charts/Database/Authors/Ray Bradbury.cht,1439557b8740b79cf2defe3c394efbac92df45cd32a50da74afe5985d0c994de,1439557b8740b79cf2defe3c394efbac92df45cd32a50da74afe5985d0c994de,moved,Astrology/Chart-Collections,1439557b8740b79cf2defe3c394efbac92df45cd32a50da74afe5985d0c994de,no
Astrology-Database/Birth-detail-collections/Charts Kala/Kala/Charts/Database/Authors/Stephen Crane.cht,Astrology-Database/Chart-Collections/Birth-detail-collections/Charts Kala/Kala/Charts/Database/Authors/Stephen Crane.cht,740553dbecad3eef2b8f390fb92e67bb075ad5e7f62ebaa93b9e10df10178bb8,740553dbecad3eef2b8f390fb92e67bb075ad5e7f62ebaa93b9e10df10178bb8,moved,Astrology/Chart-Collections,740553dbecad3eef2b8f390fb92e67bb075ad5e7f62ebaa93b9e10df10178bb8,no
Astrology-Database/Birth-detail-collections/Charts Kala/Kala/Charts/Database/Authors/Truman Capote.cht,Astrology-Database/Chart-Collections/Birth-detail-collections/Charts Kala/Kala/Charts/Database/Authors/Truman Capote.cht,0b701cd0e47c6feab1e1dc5f05a61849d2e87042dc810f836a83a97d3a50805b,0b701cd0e47c6feab1e1dc5f05a61849d2e87042dc810f836a83a97d3a50805b,moved,Astrology/Chart-Collections,0b701cd0e47c6feab1e1dc5f05a61849d2e87042dc810f836a83a97d3a50805b,no
Astrology-Database/Birth-detail-collections/Charts Kala/Kala/Charts/Database/Authors/Will Rogers.cht,Astrology-Database/Chart-Collections/Birth-detail-collections/Charts Kala/Kala/Charts/Database/Authors/Will Rogers.cht,5084a157ef463f36ac47ebc720561336258fd4f07c62f02bcf9d914703ac40e1,5084a157ef463f36ac47ebc720561336258fd4f07c62f02bcf9d914703ac40e1,moved,Astrology/Chart-Collections,5084a157ef463f36ac47ebc720561336258fd4f07c62f02bcf9d914703ac40e1,no
Astrology-Database/Birth-detail-collections/Charts Kala/Kala/Charts/Database/Authors/William Blake.cht,Astrology-Database/Chart-Collections/Birth-detail-collections/Charts Kala/Kala/Charts/Database/Authors/William Blake.cht,930795f279242e5ab219bedbe56dfc66a503cf4e0e740ff265d0afa1582ea640,930795f279242e5ab219bedbe56dfc66a503cf4e0e740ff265d0afa1582ea640,moved,Astrology/Chart-Collections,930795f279242e5ab219bedbe56dfc66a503cf4e0e740ff265d0afa1582ea640,no
Astrology-Database/Birth-detail-collections/Charts Kala/Kala/Charts/Database/Business Tycoons/Bill Gates.cht,Astrology-Database/Chart-Collections/Birth-detail-collections/Charts Kala/Kala/Charts/Database/Business Tycoons/Bill Gates.cht,c38aaa3e61f7000ad8ba5501a1ab8eae7246987eef79029af5ab2b38e5dda955,c38aaa3e61f7000ad8ba5501a1ab8eae7246987eef79029af5ab2b38e5dda955,moved,Astrology/Chart-Collections,c38aaa3e61f7000ad8ba5501a1ab8eae7246987eef79029af5ab2b38e5dda955,no
Astrology-Database/Birth-detail-collections/Charts Kala/Kala/Charts/Database/Business Tycoons/FW Woolworth.cht,Astrology-Database/Chart-Collections/Birth-detail-collections/Charts Kala/Kala/Charts/Database/Business Tycoons/FW Woolworth.cht,82b9723512b370b3b4a37bfd240f3f031ebd5d847737dd9bcca0a5f647ec9731,82b9723512b370b3b4a37bfd240f3f031ebd5d847737dd9bcca0a5f647ec9731,moved,Astrology/Chart-Collections,82b9723512b370b3b4a37bfd240f3f031ebd5d847737dd9bcca0a5f647ec9731,no
Astrology-Database/Birth-detail-collections/Charts Kala/Kala/Charts/Database/Business Tycoons/George Steinbrenner.cht,Astrology-Database/Chart-Collections/Birth-detail-collections/Charts Kala/Kala/Charts/Database/Business Tycoons/George Steinbrenner.cht,7da81da6f9aede6f07696e409d145df041bf1dba27870e1d5c9d96961ae87325,7da81da6f9aede6f07696e409d145df041bf1dba27870e1d5c9d96961ae87325,moved,Astrology/Chart-Collections,7da81da6f9aede6f07696e409d145df041bf1dba27870e1d5c9d96961ae87325,no
Astrology-Database/Birth-detail-collections/Charts Kala/Kala/Charts/Database/Business Tycoons/Gloria Vanderbilt.cht,Astrology-Database/Chart-Collections/Birth-detail-collections/Charts Kala/Kala/Charts/Database/Business Tycoons/Gloria Vanderbilt.cht,ea78a790f7cec37de8dfc50c5f6a9121918668730633ddfd099a49b3a42c97ce,ea78a790f7cec37de8dfc50c5f6a9121918668730633ddfd099a49b3a42c97ce,moved,Astrology/Chart-Collections,ea78a790f7cec37de8dfc50c5f6a9121918668730633ddfd099a49b3a42c97ce,no
Astrology-Database/Birth-detail-collections/Charts Kala/Kala/Charts/Database/Business Tycoons/Henry Ford.cht,Astrology-Database/Chart-Collections/Birth-detail-collections/Charts Kala/Kala/Charts/Database/Business Tycoons/Henry Ford.cht,800fb5fa27981c92315d5a083ef7f7e8df1c01b28ed73c8b866f57464e8e6419,800fb5fa27981c92315d5a083ef7f7e8df1c01b28ed73c8b866f57464e8e6419,moved,Astrology/Chart-Collections,800fb5fa27981c92315d5a083ef7f7e8df1c01b28ed73c8b866f57464e8e6419,no
Astrology-Database/Birth-detail-collections/Charts Kala/Kala/Charts/Database/Business Tycoons/John Paul Getty.cht,Astrology-Database/Chart-Collections/Birth-detail-collections/Charts Kala/Kala/Charts/Database/Business Tycoons/John Paul Getty.cht,3aaa3b4e9a8f67a57f8c52540037331b6484518c915dc34beea724c1f6da368d,3aaa3b4e9a8f67a57f8c52540037331b6484518c915dc34beea724c1f6da368d,moved,Astrology/Chart-Collections,3aaa3b4e9a8f67a57f8c52540037331b6484518c915dc34beea724c1f6da368d,no
Astrology-Database/Birth-detail-collections/Charts Kala/Kala/Charts/Database/Business Tycoons/JP Morgan Jr.cht,Astrology-Database/Chart-Collections/Birth-detail-collections/Charts Kala/Kala/Charts/Database/Business Tycoons/JP Morgan Jr.cht,ea9e7c2ff3b47f74c6e31e5095c6cc3aa3c2baefeaed8b5ca7cb4fe453f7efdf,ea9e7c2ff3b47f74c6e31e5095c6cc3aa3c2baefeaed8b5ca7cb4fe453f7efdf,moved,Astrology/Chart-Collections,ea9e7c2ff3b47f74c6e31e5095c6cc3aa3c2baefeaed8b5ca7cb4fe453f7efdf,no
Astrology-Database/Birth-detail-collections/Charts Kala/Kala/Charts/Database/Business Tycoons/JP Morgan Sr.cht,Astrology-Database/Chart-Collections/Birth-detail-collections/Charts Kala/Kala/Charts/Database/Business Tycoons/JP Morgan Sr.cht,0fac04c6565b775dc17b9700d9f6fa540d22e1e6330f564f9130b7ec092cd1b8,0fac04c6565b775dc17b9700d9f6fa540d22e1e6330f564f9130b7ec092cd1b8,moved,Astrology/Chart-Collections,0fac04c6565b775dc17b9700d9f6fa540d22e1e6330f564f9130b7ec092cd1b8,no
Astrology-Database/Birth-detail-collections/Charts Kala/Kala/Charts/Database/Business Tycoons/Lee Iacocca.cht,Astrology-Database/Chart-Collections/Birth-detail-collections/Charts Kala/Kala/Charts/Database/Business Tycoons/Lee Iacocca.cht,059ece0cdfa0a0486873ffda8a4071f69c1857e6221208809f3e8e4c9a50c30a,059ece0cdfa0a0486873ffda8a4071f69c1857e6221208809f3e8e4c9a50c30a,moved,Astrology/Chart-Collections,059ece0cdfa0a0486873ffda8a4071f69c1857e6221208809f3e8e4c9a50c30a,no
Astrology-Database/Birth-detail-collections/Charts Kala/Kala/Charts/Database/Business Tycoons/Rupert Merdoch.cht,Astrology-Database/Chart-Collections/Birth-detail-collections/Charts Kala/Kala/Charts/Database/Business Tycoons/Rupert Merdoch.cht,6866d25003f9a1dbd85229709d72a56056d65c8f214012a7de2a87d796d401e8,6866d25003f9a1dbd85229709d72a56056d65c8f214012a7de2a87d796d401e8,moved,Astrology/Chart-Collections,6866d25003f9a1dbd85229709d72a56056d65c8f214012a7de2a87d796d401e8,no
Astrology-Database/Birth-detail-collections/Charts Kala/Kala/Charts/Database/Business Tycoons/Sam Winston.cht,Astrology-Database/Chart-Collections/Birth-detail-collections/Charts Kala/Kala/Charts/Database/Business Tycoons/Sam Winston.cht,b763a5916e36b76bf128f226b801a48e8835f07e3be79e0ba415c5170ce3776b,b763a5916e36b76bf128f226b801a48e8835f07e3be79e0ba415c5170ce3776b,moved,Astrology/Chart-Collections,b763a5916e36b76bf128f226b801a48e8835f07e3be79e0ba415c5170ce3776b,no
Astrology-Database/Birth-detail-collections/Charts Kala/Kala/Charts/Database/Business Tycoons/Steven Jobs.cht,Astrology-Database/Chart-Collections/Birth-detail-collections/Charts Kala/Kala/Charts/Database/Business Tycoons/Steven Jobs.cht,f0f0a47b504a51491d093828d43e7a73a1735b38d4d71f23e19e81c59b879e37,f0f0a47b504a51491d093828d43e7a73a1735b38d4d71f23e19e81c59b879e37,moved,Astrology/Chart-Collections,f0f0a47b504a51491d093828d43e7a73a1735b38d4d71f23e19e81c59b879e37,no
"Astrology-Database/Birth-detail-collections/Charts Kala/Kala/Charts/Database/Business Tycoons/Stewart, Martha.cht","Astrology-Database/Chart-Collections/Birth-detail-collections/Charts Kala/Kala/Charts/Database/Business Tycoons/Stewart, Martha.cht",8094099d1d5f31d93f3a7094760174276ca5a02a2037c433ad7f83fc8bc61b88,8094099d1d5f31d93f3a7094760174276ca5a02a2037c433ad7f83fc8bc61b88,moved,Astrology/Chart-Collections,8094099d1d5f31d93f3a7094760174276ca5a02a2037c433ad7f83fc8bc61b88,no
Astrology-Database/Birth-detail-collections/Charts Kala/Kala/Charts/Database/Business Tycoons/William Randolf Hearst.cht,Astrology-Database/Chart-Collections/Birth-detail-collections/Charts Kala/Kala/Charts/Database/Business Tycoons/William Randolf Hearst.cht,0dd638099b4acfe95a1b26ad36cf8a914c92ae0b86f94ab755f60ffe5afdeb66,0dd638099b4acfe95a1b26ad36cf8a914c92ae0b86f94ab755f60ffe5afdeb66,moved,Astrology/Chart-Collections,0dd638099b4acfe95a1b26ad36cf8a914c92ae0b86f94ab755f60ffe5afdeb66,no
Astrology-Database/Birth-detail-collections/Charts Kala/Kala/Charts/Database/Criminals/Billy the Kid.cht,Astrology-Database/Chart-Collections/Birth-detail-collections/Charts Kala/Kala/Charts/Database/Criminals/Billy the Kid.cht,4e0a812716d247661bf9e53f330eaca01c07d51be3491ce0a2fe7ffd80d9590e,4e0a812716d247661bf9e53f330eaca01c07d51be3491ce0a2fe7ffd80d9590e,moved,Astrology/Chart-Collections,4e0a812716d247661bf9e53f330eaca01c07d51be3491ce0a2fe7ffd80d9590e,no
Astrology-Database/Birth-detail-collections/Charts Kala/Kala/Charts/Database/Criminals/Charles Manson.cht,Astrology-Database/Chart-Collections/Birth-detail-collections/Charts Kala/Kala/Charts/Database/Criminals/Charles Manson.cht,dac5c9f5c18338886de7184b7ada3620a334681279376cd0d0ad596c8c7a4f27,dac5c9f5c18338886de7184b7ada3620a334681279376cd0d0ad596c8c7a4f27,moved,Astrology/Chart-Collections,dac5c9f5c18338886de7184b7ada3620a334681279376cd0d0ad596c8c7a4f27,no
Astrology-Database/Birth-detail-collections/Charts Kala/Kala/Charts/Database/Criminals/David Berkowitz.cht,Astrology-Database/Chart-Collections/Birth-detail-collections/Charts Kala/Kala/Charts/Database/Criminals/David Berkowitz.cht,6a6ccccfad073bd9769d18fe012e5a6c067157e66a0dd361949c2994f995cfbb,6a6ccccfad073bd9769d18fe012e5a6c067157e66a0dd361949c2994f995cfbb,moved,Astrology/Chart-Collections,6a6ccccfad073bd9769d18fe012e5a6c067157e66a0dd361949c2994f995cfbb,no
Astrology-Database/Birth-detail-collections/Charts Kala/Kala/Charts/Database/Criminals/Jean Lafitte.cht,Astrology-Database/Chart-Collections/Birth-detail-collections/Charts Kala/Kala/Charts/Database/Criminals/Jean Lafitte.cht,1037bf592705f052f92cf8588095e1943cae4f8b0f818292a9df579335fc524f,1037bf592705f052f92cf8588095e1943cae4f8b0f818292a9df579335fc524f,moved,Astrology/Chart-Collections,1037bf592705f052f92cf8588095e1943cae4f8b0f818292a9df579335fc524f,no
Astrology-Database/Birth-detail-collections/Charts Kala/Kala/Charts/Database/Criminals/John Dillinger.cht,Astrology-Database/Chart-Collections/Birth-detail-collections/Charts Kala/Kala/Charts/Database/Criminals/John Dillinger.cht,f0d51976dfd541797a20a46bcd3e6b4aadb7537dd33e6c386415fd3b001b4ca7,f0d51976dfd541797a20a46bcd3e6b4aadb7537dd33e6c386415fd3b001b4ca7,moved,Astrology/Chart-Collections,f0d51976dfd541797a20a46bcd3e6b4aadb7537dd33e6c386415fd3b001b4ca7,no
Astrology-Database/Birth-detail-collections/Charts Kala/Kala/Charts/Database/Criminals/John Wayne Gacy.cht,Astrology-Database/Chart-Collections/Birth-detail-collections/Charts Kala/Kala/Charts/Database/Criminals/John Wayne Gacy.cht,c0875a4486bc960ea6c530c6608eb9ab5e17bd9234e0d2a1bc387cca7b7ff4e2,c0875a4486bc960ea6c530c6608eb9ab5e17bd9234e0d2a1bc387cca7b7ff4e2,moved,Astrology/Chart-Collections,c0875a4486bc960ea6c530c6608eb9ab5e17bd9234e0d2a1bc387cca7b7ff4e2,no
Astrology-Database/Birth-detail-collections/Charts Kala/Kala/Charts/Database/Criminals/Karla Leanne Homolka.cht,Astrology-Database/Chart-Collections/Birth-detail-collections/Charts Kala/Kala/Charts/Database/Criminals/Karla Leanne Homolka.cht,96db78c6a52b6447c4895a1fc004367ad87d8c79d25f748e6bdba23e0f9cf60b,96db78c6a52b6447c4895a1fc004367ad87d8c79d25f748e6bdba23e0f9cf60b,moved,Astrology/Chart-Collections,96db78c6a52b6447c4895a1fc004367ad87d8c79d25f748e6bdba23e0f9cf60b,no
Astrology-Database/Birth-detail-collections/Charts Kala/Kala/Charts/Database/Criminals/Martin Bryant.cht,Astrology-Database/Chart-Collections/Birth-detail-collections/Charts Kala/Kala/Charts/Database/Criminals/Martin Bryant.cht,981190a84778eeca403c9e00168cacd75be3a22f985a788b9f1c951d3037b6e7,981190a84778eeca403c9e00168cacd75be3a22f985a788b9f1c951d3037b6e7,moved,Astrology/Chart-Collections,981190a84778eeca403c9e00168cacd75be3a22f985a788b9f1c951d3037b6e7,no
Astrology-Database/Birth-detail-collections/Charts Kala/Kala/Charts/Database/Criminals/Patrick Kearney.cht,Astrology-Database/Chart-Collections/Birth-detail-collections/Charts Kala/Kala/Charts/Database/Criminals/Patrick Kearney.cht,e26d4e5fe2c3d9ed71ff221d8c7489b8180449956cd13ff2a09d192c8fd430a7,e26d4e5fe2c3d9ed71ff221d8c7489b8180449956cd13ff2a09d192c8fd430a7,moved,Astrology/Chart-Collections,e26d4e5fe2c3d9ed71ff221d8c7489b8180449956cd13ff2a09d192c8fd430a7,no
Astrology-Database/Birth-detail-collections/Charts Kala/Kala/Charts/Database/Criminals/Paul Bernardo .cht,Astrology-Database/Chart-Collections/Birth-detail-collections/Charts Kala/Kala/Charts/Database/Criminals/Paul Bernardo .cht,bd25cf4870a31a278c10a8b57481ebdac247fc7fa643e883aa2d34317fa1873f,bd25cf4870a31a278c10a8b57481ebdac247fc7fa643e883aa2d34317fa1873f,moved,Astrology/Chart-Collections,bd25cf4870a31a278c10a8b57481ebdac247fc7fa643e883aa2d34317fa1873f,no
Astrology-Database/Birth-detail-collections/Charts Kala/Kala/Charts/Database/Criminals/Sam Shepard.cht,Astrology-Database/Chart-Collections/Birth-detail-collections/Charts Kala/Kala/Charts/Database/Criminals/Sam Shepard.cht,8310328ac200ece1a192b093a07fb0a1095bb0ea0f2f51e0c553f722b37e8c24,8310328ac200ece1a192b093a07fb0a1095bb0ea0f2f51e0c553f722b37e8c24,moved,Astrology/Chart-Collections,8310328ac200ece1a192b093a07fb0a1095bb0ea0f2f51e0c553f722b37e8c24,no
Astrology-Database/Birth-detail-collections/Charts Kala/Kala/Charts/Database/Criminals/Ted Bundy.cht,Astrology-Database/Chart-Collections/Birth-detail-collections/Charts Kala/Kala/Charts/Database/Criminals/Ted Bundy.cht,cb31f429b703957c80b4d0db43de010e6218d75229f856aa095d520f72987bb7,cb31f429b703957c80b4d0db43de010e6218d75229f856aa095d520f72987bb7,moved,Astrology/Chart-Collections,cb31f429b703957c80b4d0db43de010e6218d75229f856aa095d520f72987bb7,no
Astrology-Database/Birth-detail-collections/Charts Kala/Kala/Charts/Database/Criminals/Timothy McVeigh.cht,Astrology-Database/Chart-Collections/Birth-detail-collections/Charts Kala/Kala/Charts/Database/Criminals/Timothy McVeigh.cht,912903ad7b04b0e6f44bbfce2d8dd8fc32b62ae90868155a5f07d202ce52ff0e,912903ad7b04b0e6f44bbfce2d8dd8fc32b62ae90868155a5f07d202ce52ff0e,moved,Astrology/Chart-Collections,912903ad7b04b0e6f44bbfce2d8dd8fc32b62ae90868155a5f07d202ce52ff0e,no
Astrology-Database/Birth-detail-collections/Charts Kala/Kala/Charts/Database/Criminals/William Heirens.cht,Astrology-Database/Chart-Collections/Birth-detail-collections/Charts Kala/Kala/Charts/Database/Criminals/William Heirens.cht,2539eaf1530fb56ae312fe7e53d72a0f810fccd6479d92825df02874286235aa,2539eaf1530fb56ae312fe7e53d72a0f810fccd6479d92825df02874286235aa,moved,Astrology/Chart-Collections,2539eaf1530fb56ae312fe7e53d72a0f810fccd6479d92825df02874286235aa,no
Astrology-Database/Birth-detail-collections/Charts Kala/Kala/Charts/Database/Dancers/Anver Joffrey.cht,Astrology-Database/Chart-Collections/Birth-detail-collections/Charts Kala/Kala/Charts/Database/Dancers/Anver Joffrey.cht,217b90b61f6f94b3262d3d45e806b449c4ed9a72ff1458eafd62a07e77f0a826,217b90b61f6f94b3262d3d45e806b449c4ed9a72ff1458eafd62a07e77f0a826,moved,Astrology/Chart-Collections,217b90b61f6f94b3262d3d45e806b449c4ed9a72ff1458eafd62a07e77f0a826,no
Astrology-Database/Birth-detail-collections/Charts Kala/Kala/Charts/Database/Dancers/Josephine Baker.cht,Astrology-Database/Chart-Collections/Birth-detail-collections/Charts Kala/Kala/Charts/Database/Dancers/Josephine Baker.cht,cbf2257ca47898f778337bcfaf91b582d14933c096fa527c473da3434e8896e1,cbf2257ca47898f778337bcfaf91b582d14933c096fa527c473da3434e8896e1,moved,Astrology/Chart-Collections,cbf2257ca47898f778337bcfaf91b582d14933c096fa527c473da3434e8896e1,no
Astrology-Database/Birth-detail-collections/Charts Kala/Kala/Charts/Database/Dancers/Marge Champion.cht,Astrology-Database/Chart-Collections/Birth-detail-collections/Charts Kala/Kala/Charts/Database/Dancers/Marge Champion.cht,33e8166758129751e54609b9cb93032637342a551184d770d41c65b66e50d6e6,33e8166758129751e54609b9cb93032637342a551184d770d41c65b66e50d6e6,moved,Astrology/Chart-Collections,33e8166758129751e54609b9cb93032637342a551184d770d41c65b66e50d6e6,no
Astrology-Database/Birth-detail-collections/Charts Kala/Kala/Charts/Database/Diseases/Alchoholic.cht,Astrology-Database/Chart-Collections/Birth-detail-collections/Charts Kala/Kala/Charts/Database/Diseases/Alchoholic.cht,173f56d4d1160acc1860fd376fbdb8a114a06d4f9c426305862daa0591b30d31,173f56d4d1160acc1860fd376fbdb8a114a06d4f9c426305862daa0591b30d31,moved,Astrology/Chart-Collections,173f56d4d1160acc1860fd376fbdb8a114a06d4f9c426305862daa0591b30d31,no
Astrology-Database/Birth-detail-collections/Charts Kala/Kala/Charts/Database/Diseases/Autism.cht,Astrology-Database/Chart-Collections/Birth-detail-collections/Charts Kala/Kala/Charts/Database/Diseases/Autism.cht,6419b628aa37d397ccdcec91bed078d78c2fb23bec8e5845d21d169b0b74617b,6419b628aa37d397ccdcec91bed078d78c2fb23bec8e5845d21d169b0b74617b,moved,Astrology/Chart-Collections,6419b628aa37d397ccdcec91bed078d78c2fb23bec8e5845d21d169b0b74617b,no
Astrology-Database/Birth-detail-collections/Charts Kala/Kala/Charts/Database/Diseases/Breast Cancer.cht,Astrology-Database/Chart-Collections/Birth-detail-collections/Charts Kala/Kala/Charts/Database/Diseases/Breast Cancer.cht,193a103bac6adb0b70004b3558e101ddcd9165e099b758b84d30077a69feec9b,193a103bac6adb0b70004b3558e101ddcd9165e099b758b84d30077a69feec9b,moved,Astrology/Chart-Collections,193a103bac6adb0b70004b3558e101ddcd9165e099b758b84d30077a69feec9b,no
Astrology-Database/Birth-detail-collections/Charts Kala/Kala/Charts/Database/Diseases/Cancer Victim.cht,Astrology-Database/Chart-Collections/Birth-detail-collections/Charts Kala/Kala/Charts/Database/Diseases/Cancer Victim.cht,67acbeaced4abdc06350bf45b8fff5a8f523a99ccc013e1abe400293126c826e,67acbeaced4abdc06350bf45b8fff5a8f523a99ccc013e1abe400293126c826e,moved,Astrology/Chart-Collections,67acbeaced4abdc06350bf45b8fff5a8f523a99ccc013e1abe400293126c826e,no
Astrology-Database/Birth-detail-collections/Charts Kala/Kala/Charts/Database/Diseases/Cerebal Palsey.cht,Astrology-Database/Chart-Collections/Birth-detail-collections/Charts Kala/Kala/Charts/Database/Diseases/Cerebal Palsey.cht,75ae620948810dd3a4540c4c8f86ba6a5a6a9b800bb433501dfa98a293fbdc2d,75ae620948810dd3a4540c4c8f86ba6a5a6a9b800bb433501dfa98a293fbdc2d,moved,Astrology/Chart-Collections,75ae620948810dd3a4540c4c8f86ba6a5a6a9b800bb433501dfa98a293fbdc2d,no
Astrology-Database/Birth-detail-collections/Charts Kala/Kala/Charts/Database/Diseases/daughter has cerebal palsey.cht,Astrology-Database/Chart-Collections/Birth-detail-collections/Charts Kala/Kala/Charts/Database/Diseases/daughter has cerebal palsey.cht,f5c812e4e6679d4c61c58d524579661aa25eceb6476d542f68ec2e4702672940,f5c812e4e6679d4c61c58d524579661aa25eceb6476d542f68ec2e4702672940,moved,Astrology/Chart-Collections,f5c812e4e6679d4c61c58d524579661aa25eceb6476d542f68ec2e4702672940,no
Astrology-Database/Birth-detail-collections/Charts Kala/Kala/Charts/Database/Diseases/Epilepsy.cht,Astrology-Database/Chart-Collections/Birth-detail-collections/Charts Kala/Kala/Charts/Database/Diseases/Epilepsy.cht,cff4d7b2df384b1fa35df8cf772b27fa522179efb2d24984b9c732ff05b56c0e,cff4d7b2df384b1fa35df8cf772b27fa522179efb2d24984b9c732ff05b56c0e,moved,Astrology/Chart-Collections,cff4d7b2df384b1fa35df8cf772b27fa522179efb2d24984b9c732ff05b56c0e,no
Astrology-Database/Birth-detail-collections/Charts Kala/Kala/Charts/Database/Diseases/Father has Diabetes.cht,Astrology-Database/Chart-Collections/Birth-detail-collections/Charts Kala/Kala/Charts/Database/Diseases/Father has Diabetes.cht,6093264fa12d132ddc2fda3bc16ea85bd3fd31af73479816cce5626de8c60e16,6093264fa12d132ddc2fda3bc16ea85bd3fd31af73479816cce5626de8c60e16,moved,Astrology/Chart-Collections,6093264fa12d132ddc2fda3bc16ea85bd3fd31af73479816cce5626de8c60e16,no
Astrology-Database/Birth-detail-collections/Charts Kala/Kala/Charts/Database/Diseases/Head Injury in Vehicle Accident.cht,Astrology-Database/Chart-Collections/Birth-detail-collections/Charts Kala/Kala/Charts/Database/Diseases/Head Injury in Vehicle Accident.cht,3229ba38ff6b0e875b04f4e8fa497911677ccf50651adf1d0054e393a7faeea5,3229ba38ff6b0e875b04f4e8fa497911677ccf50651adf1d0054e393a7faeea5,moved,Astrology/Chart-Collections,3229ba38ff6b0e875b04f4e8fa497911677ccf50651adf1d0054e393a7faeea5,no
Astrology-Database/Birth-detail-collections/Charts Kala/Kala/Charts/Database/Diseases/Leukemia Victim 1.cht,Astrology-Database/Chart-Collections/Birth-detail-collections/Charts Kala/Kala/Charts/Database/Diseases/Leukemia Victim 1.cht,ef29fbab44f9e09c23d0d0c8299210449fba516359d13f31efbc69b77f8f8658,ef29fbab44f9e09c23d0d0c8299210449fba516359d13f31efbc69b77f8f8658,moved,Astrology/Chart-Collections,ef29fbab44f9e09c23d0d0c8299210449fba516359d13f31efbc69b77f8f8658,no
Astrology-Database/Birth-detail-collections/Charts Kala/Kala/Charts/Database/Diseases/Lymph node disease.cht,Astrology-Database/Chart-Collections/Birth-detail-collections/Charts Kala/Kala/Charts/Database/Diseases/Lymph node disease.cht,15c8f8a4b62ed8095992651af7920b17209e7d4891d07425b3e498ea158f2828,15c8f8a4b62ed8095992651af7920b17209e7d4891d07425b3e498ea158f2828,moved,Astrology/Chart-Collections,15c8f8a4b62ed8095992651af7920b17209e7d4891d07425b3e498ea158f2828,no
Astrology-Database/Birth-detail-collections/Charts Kala/Kala/Charts/Database/Diseases/Lymphoma Cancer.cht,Astrology-Database/Chart-Collections/Birth-detail-collections/Charts Kala/Kala/Charts/Database/Diseases/Lymphoma Cancer.cht,0b736ac43d65b6c70f7afb1dd6418b5e7c10752d3a01eb9fa6d3fc7218a57629,0b736ac43d65b6c70f7afb1dd6418b5e7c10752d3a01eb9fa6d3fc7218a57629,moved,Astrology/Chart-Collections,0b736ac43d65b6c70f7afb1dd6418b5e7c10752d3a01eb9fa6d3fc7218a57629,no
Astrology-Database/Birth-detail-collections/Charts Kala/Kala/Charts/Database/Diseases/Mother has Diabetes.cht,Astrology-Database/Chart-Collections/Birth-detail-collections/Charts Kala/Kala/Charts/Database/Diseases/Mother has Diabetes.cht,c4340e89d56df7ada44acd8fb978d2a77e28066dd5aba02a7c52cf0aa7f2b562,c4340e89d56df7ada44acd8fb978d2a77e28066dd5aba02a7c52cf0aa7f2b562,moved,Astrology/Chart-Collections,c4340e89d56df7ada44acd8fb978d2a77e28066dd5aba02a7c52cf0aa7f2b562,no
Astrology-Database/Birth-detail-collections/Charts Kala/Kala/Charts/Database/Diseases/MS 1.cht,Astrology-Database/Chart-Collections/Birth-detail-collections/Charts Kala/Kala/Charts/Database/Diseases/MS 1.cht,e834e9aa9dcdcd4c100225e3020d83359feb8218427b81837ef1da4e9ddaf255,e834e9aa9dcdcd4c100225e3020d83359feb8218427b81837ef1da4e9ddaf255,moved,Astrology/Chart-Collections,e834e9aa9dcdcd4c100225e3020d83359feb8218427b81837ef1da4e9ddaf255,no
"Astrology-Database/Birth-detail-collections/Charts Kala/Kala/Charts/Database/Diseases/Scoliosis, Severe.cht","Astrology-Database/Chart-Collections/Birth-detail-collections/Charts Kala/Kala/Charts/Database/Diseases/Scoliosis, Severe.cht",f23aba939764aac43612453ee683e9b294a60438725ee67797d60bcf789490d8,f23aba939764aac43612453ee683e9b294a60438725ee67797d60bcf789490d8,moved,Astrology/Chart-Collections,f23aba939764aac43612453ee683e9b294a60438725ee67797d60bcf789490d8,no
Astrology-Database/Birth-detail-collections/Charts Kala/Kala/Charts/Database/Diseases/She and Father has Diebetes.cht,Astrology-Database/Chart-Collections/Birth-detail-collections/Charts Kala/Kala/Charts/Database/Diseases/She and Father has Diebetes.cht,944c7208af74530dc1fc33729103beaa71b6f3143b670eb6b733fb4e64e8b5f5,944c7208af74530dc1fc33729103beaa71b6f3143b670eb6b733fb4e64e8b5f5,moved,Astrology/Chart-Collections,944c7208af74530dc1fc33729103beaa71b6f3143b670eb6b733fb4e64e8b5f5,no
Astrology-Database/Birth-detail-collections/Charts Kala/Kala/Charts/Database/Diseases/Sleeping disorder.cht,Astrology-Database/Chart-Collections/Birth-detail-collections/Charts Kala/Kala/Charts/Database/Diseases/Sleeping disorder.cht,992866803a9e8c386cc8e284421a51bf988a45677f4640785271704383c0978d,992866803a9e8c386cc8e284421a51bf988a45677f4640785271704383c0978d,moved,Astrology/Chart-Collections,992866803a9e8c386cc8e284421a51bf988a45677f4640785271704383c0978d,no
Astrology-Database/Birth-detail-collections/Charts Kala/Kala/Charts/Database/Diseases/Wife has Diabetes.cht,Astrology-Database/Chart-Collections/Birth-detail-collections/Charts Kala/Kala/Charts/Database/Diseases/Wife has Diabetes.cht,50324ede2643887e8104306322e7912cf7e60c50dfa660fe647c237eb49e9c5c,50324ede2643887e8104306322e7912cf7e60c50dfa660fe647c237eb49e9c5c,moved,Astrology/Chart-Collections,50324ede2643887e8104306322e7912cf7e60c50dfa660fe647c237eb49e9c5c,no
Astrology-Database/Birth-detail-collections/Charts Kala/Kala/Charts/Database/Earthquakes/Bihar Jan_15_1934 timeapp.cht,Astrology-Database/Chart-Collections/Birth-detail-collections/Charts Kala/Kala/Charts/Database/Earthquakes/Bihar Jan_15_1934 timeapp.cht,74b02c1bb2d1d9f03bee3a3069df4d85f922d4fe5065ecad43c453796e2ec7e7,74b02c1bb2d1d9f03bee3a3069df4d85f922d4fe5065ecad43c453796e2ec7e7,moved,Astrology/Chart-Collections,74b02c1bb2d1d9f03bee3a3069df4d85f922d4fe5065ecad43c453796e2ec7e7,no
"Astrology-Database/Birth-detail-collections/Charts Kala/Kala/Charts/Database/Earthquakes/Iran Quake, noon chart.cht","Astrology-Database/Chart-Collections/Birth-detail-collections/Charts Kala/Kala/Charts/Database/Earthquakes/Iran Quake, noon chart.cht",0c350a8eeaca5dc4dd8f330a8cbb405b01356c3b14e26d8c5e61578a96d422ae,0c350a8eeaca5dc4dd8f330a8cbb405b01356c3b14e26d8c5e61578a96d422ae,moved,Astrology/Chart-Collections,0c350a8eeaca5dc4dd8f330a8cbb405b01356c3b14e26d8c5e61578a96d422ae,no
Astrology-Database/Birth-detail-collections/Charts Kala/Kala/Charts/Database/Earthquakes/Koynanagar Dec_11_1967.cht,Astrology-Database/Chart-Collections/Birth-detail-collections/Charts Kala/Kala/Charts/Database/Earthquakes/Koynanagar Dec_11_1967.cht,fbff815e651a45c9d953e6430a192dc24823f35438796743149ac9b96e76a18b,fbff815e651a45c9d953e6430a192dc24823f35438796743149ac9b96e76a18b,moved,Astrology/Chart-Collections,fbff815e651a45c9d953e6430a192dc24823f35438796743149ac9b96e76a18b,no
Astrology-Database/Birth-detail-collections/Charts Kala/Kala/Charts/Database/Longevity/Dead Baby 1.cht,Astrology-Database/Chart-Collections/Birth-detail-collections/Charts Kala/Kala/Charts/Database/Longevity/Dead Baby 1.cht,9cf2bf3f900ec9eeabf40f05c961bf91c8b5ff767dc0002ac822b4486caf2288,9cf2bf3f900ec9eeabf40f05c961bf91c8b5ff767dc0002ac822b4486caf2288,moved,Astrology/Chart-Collections,9cf2bf3f900ec9eeabf40f05c961bf91c8b5ff767dc0002ac822b4486caf2288,no
Astrology-Database/Birth-detail-collections/Charts Kala/Kala/Charts/Database/Longevity/dead baby 2.cht,Astrology-Database/Chart-Collections/Birth-detail-collections/Charts Kala/Kala/Charts/Database/Longevity/dead baby 2.cht,a8a8d94cb17baf9d984f1b4a6724cb3ba3c54f687cde90f8d5b5fbc1729e14e5,a8a8d94cb17baf9d984f1b4a6724cb3ba3c54f687cde90f8d5b5fbc1729e14e5,moved,Astrology/Chart-Collections,a8a8d94cb17baf9d984f1b4a6724cb3ba3c54f687cde90f8d5b5fbc1729e14e5,no
Astrology-Database/Birth-detail-collections/Charts Kala/Kala/Charts/Database/Longevity/Dead Native 01.cht,Astrology-Database/Chart-Collections/Birth-detail-collections/Charts Kala/Kala/Charts/Database/Longevity/Dead Native 01.cht,b336bf75bee5bf27f48f0828a7d90f47ff64a60770c7bc921930a2f5de53a02f,b336bf75bee5bf27f48f0828a7d90f47ff64a60770c7bc921930a2f5de53a02f,moved,Astrology/Chart-Collections,b336bf75bee5bf27f48f0828a7d90f47ff64a60770c7bc921930a2f5de53a02f,no
Astrology-Database/Birth-detail-collections/Charts Kala/Kala/Charts/Database/Longevity/Dead Native 02.cht,Astrology-Database/Chart-Collections/Birth-detail-collections/Charts Kala/Kala/Charts/Database/Longevity/Dead Native 02.cht,b911d17cf00d078eb5ad5ba75d699f3409a1d381482088f03f09e736e82adf7c,b911d17cf00d078eb5ad5ba75d699f3409a1d381482088f03f09e736e82adf7c,moved,Astrology/Chart-Collections,b911d17cf00d078eb5ad5ba75d699f3409a1d381482088f03f09e736e82adf7c,no
Astrology-Database/Birth-detail-collections/Charts Kala/Kala/Charts/Database/Longevity/Dead Native 03.cht,Astrology-Database/Chart-Collections/Birth-detail-collections/Charts Kala/Kala/Charts/Database/Longevity/Dead Native 03.cht,c958ac6f9385a5f92c3aebe33c829b8612202144992118b752dc5362421cb06a,c958ac6f9385a5f92c3aebe33c829b8612202144992118b752dc5362421cb06a,moved,Astrology/Chart-Collections,c958ac6f9385a5f92c3aebe33c829b8612202144992118b752dc5362421cb06a,no
Astrology-Database/Birth-detail-collections/Charts Kala/Kala/Charts/Database/Longevity/Dead Native 04.cht,Astrology-Database/Chart-Collections/Birth-detail-collections/Charts Kala/Kala/Charts/Database/Longevity/Dead Native 04.cht,99c34c6b6762da0171e6d66012829e64ef5094f486899a2ac12c7c5de9b664f7,99c34c6b6762da0171e6d66012829e64ef5094f486899a2ac12c7c5de9b664f7,moved,Astrology/Chart-Collections,99c34c6b6762da0171e6d66012829e64ef5094f486899a2ac12c7c5de9b664f7,no
Astrology-Database/Birth-detail-collections/Charts Kala/Kala/Charts/Database/Longevity/Dead Native 05.cht,Astrology-Database/Chart-Collections/Birth-detail-collections/Charts Kala/Kala/Charts/Database/Longevity/Dead Native 05.cht,c22a6d6167492b440eaeaed1added44af97850ab9afd7c9af0bc7d454de2ec52,c22a6d6167492b440eaeaed1added44af97850ab9afd7c9af0bc7d454de2ec52,moved,Astrology/Chart-Collections,c22a6d6167492b440eaeaed1added44af97850ab9afd7c9af0bc7d454de2ec52,no
Astrology-Database/Birth-detail-collections/Charts Kala/Kala/Charts/Database/Longevity/Dead Native 06.cht,Astrology-Database/Chart-Collections/Birth-detail-collections/Charts Kala/Kala/Charts/Database/Longevity/Dead Native 06.cht,954535fbf6fa75a0cbfd6344923f3c2faa8319fc747d9efac8af263f2c8c1bf3,954535fbf6fa75a0cbfd6344923f3c2faa8319fc747d9efac8af263f2c8c1bf3,moved,Astrology/Chart-Collections,954535fbf6fa75a0cbfd6344923f3c2faa8319fc747d9efac8af263f2c8c1bf3,no
Astrology-Database/Birth-detail-collections/Charts Kala/Kala/Charts/Database/Longevity/Dead Native 07.cht,Astrology-Database/Chart-Collections/Birth-detail-collections/Charts Kala/Kala/Charts/Database/Longevity/Dead Native 07.cht,722a6b633bbfe2fd15d5b184ebc08224352294d70930e97cafc006c88e7ee8f0,722a6b633bbfe2fd15d5b184ebc08224352294d70930e97cafc006c88e7ee8f0,moved,Astrology/Chart-Collections,722a6b633bbfe2fd15d5b184ebc08224352294d70930e97cafc006c88e7ee8f0,no
Astrology-Database/Birth-detail-collections/Charts Kala/Kala/Charts/Database/Longevity/Dead Native 08.cht,Astrology-Database/Chart-Collections/Birth-detail-collections/Charts Kala/Kala/Charts/Database/Longevity/Dead Native 08.cht,adfb63ae836628bd5c921fe3819829dd2f073d26aa6dc25284b17bfc758230a9,adfb63ae836628bd5c921fe3819829dd2f073d26aa6dc25284b17bfc758230a9,moved,Astrology/Chart-Collections,adfb63ae836628bd5c921fe3819829dd2f073d26aa6dc25284b17bfc758230a9,no
Astrology-Database/Birth-detail-collections/Charts Kala/Kala/Charts/Database/Longevity/Dead Native 09.cht,Astrology-Database/Chart-Collections/Birth-detail-collections/Charts Kala/Kala/Charts/Database/Longevity/Dead Native 09.cht,bc4f5e995c9e928c814c4081badf16062637d5a764cc8b73cabb38c530506abe,bc4f5e995c9e928c814c4081badf16062637d5a764cc8b73cabb38c530506abe,moved,Astrology/Chart-Collections,bc4f5e995c9e928c814c4081badf16062637d5a764cc8b73cabb38c530506abe,no
Astrology-Database/Birth-detail-collections/Charts Kala/Kala/Charts/Database/Longevity/Dead Native 10.cht,Astrology-Database/Chart-Collections/Birth-detail-collections/Charts Kala/Kala/Charts/Database/Longevity/Dead Native 10.cht,d1defbb2d1730acc6d12c025968a8142380c1dc3506a132761a684f803be0964,d1defbb2d1730acc6d12c025968a8142380c1dc3506a132761a684f803be0964,moved,Astrology/Chart-Collections,d1defbb2d1730acc6d12c025968a8142380c1dc3506a132761a684f803be0964,no
Astrology-Database/Birth-detail-collections/Charts Kala/Kala/Charts/Database/Longevity/Dead Native 11.cht,Astrology-Database/Chart-Collections/Birth-detail-collections/Charts Kala/Kala/Charts/Database/Longevity/Dead Native 11.cht,6cb5a61e2e7de3bc9fa2019768cfb06f6d9df37eaa1e6c2f56c2ae7edbb0dafd,6cb5a61e2e7de3bc9fa2019768cfb06f6d9df37eaa1e6c2f56c2ae7edbb0dafd,moved,Astrology/Chart-Collections,6cb5a61e2e7de3bc9fa2019768cfb06f6d9df37eaa1e6c2f56c2ae7edbb0dafd,no
Astrology-Database/Birth-detail-collections/Charts Kala/Kala/Charts/Database/Longevity/Dead Native 12.cht,Astrology-Database/Chart-Collections/Birth-detail-collections/Charts Kala/Kala/Charts/Database/Longevity/Dead Native 12.cht,0b10730a2045f3ebdc18c08812a96c1aef2c1ba64e3c472d1f20ebb0c9b95c73,0b10730a2045f3ebdc18c08812a96c1aef2c1ba64e3c472d1f20ebb0c9b95c73,moved,Astrology/Chart-Collections,0b10730a2045f3ebdc18c08812a96c1aef2c1ba64e3c472d1f20ebb0c9b95c73,no
Astrology-Database/Birth-detail-collections/Charts Kala/Kala/Charts/Database/Longevity/Dead Native 13.cht,Astrology-Database/Chart-Collections/Birth-detail-collections/Charts Kala/Kala/Charts/Database/Longevity/Dead Native 13.cht,f522695069cb4c4b86f5660c696e83992211217afa9f981d9f38044d65c36978,f522695069cb4c4b86f5660c696e83992211217afa9f981d9f38044d65c36978,moved,Astrology/Chart-Collections,f522695069cb4c4b86f5660c696e83992211217afa9f981d9f38044d65c36978,no
Astrology-Database/Birth-detail-collections/Charts Kala/Kala/Charts/Database/Longevity/Dead Native 14.cht,Astrology-Database/Chart-Collections/Birth-detail-collections/Charts Kala/Kala/Charts/Database/Longevity/Dead Native 14.cht,853ce7330d140ba1001f4dda7a24c1c37f78a12f7664c81569b15cd5b1dcdfd3,853ce7330d140ba1001f4dda7a24c1c37f78a12f7664c81569b15cd5b1dcdfd3,moved,Astrology/Chart-Collections,853ce7330d140ba1001f4dda7a24c1c37f78a12f7664c81569b15cd5b1dcdfd3,no
Astrology-Database/Birth-detail-collections/Charts Kala/Kala/Charts/Database/Longevity/Dead Native 15.cht,Astrology-Database/Chart-Collections/Birth-detail-collections/Charts Kala/Kala/Charts/Database/Longevity/Dead Native 15.cht,033d338491ef8410dd0905766ddff003564d3fa89702028eba9d0348069b5d6e,033d338491ef8410dd0905766ddff003564d3fa89702028eba9d0348069b5d6e,moved,Astrology/Chart-Collections,033d338491ef8410dd0905766ddff003564d3fa89702028eba9d0348069b5d6e,no
Astrology-Database/Birth-detail-collections/Charts Kala/Kala/Charts/Database/Longevity/Dead Native 16.cht,Astrology-Database/Chart-Collections/Birth-detail-collections/Charts Kala/Kala/Charts/Database/Longevity/Dead Native 16.cht,3c393d659965f25cbdcd7059152dd5bca39f5b31c327bf71a510248abc3c2414,3c393d659965f25cbdcd7059152dd5bca39f5b31c327bf71a510248abc3c2414,moved,Astrology/Chart-Collections,3c393d659965f25cbdcd7059152dd5bca39f5b31c327bf71a510248abc3c2414,no
Astrology-Database/Birth-detail-collections/Charts Kala/Kala/Charts/Database/Longevity/Death from Fall.cht,Astrology-Database/Chart-Collections/Birth-detail-collections/Charts Kala/Kala/Charts/Database/Longevity/Death from Fall.cht,126ac1de1bf81ccc13b9936749dcc1ca38ec646e556a5f0cb229f022acbcd650,126ac1de1bf81ccc13b9936749dcc1ca38ec646e556a5f0cb229f022acbcd650,moved,Astrology/Chart-Collections,126ac1de1bf81ccc13b9936749dcc1ca38ec646e556a5f0cb229f022acbcd650,no
Astrology-Database/Birth-detail-collections/Charts Kala/Kala/Charts/Database/Military/Douglas Macarthur.cht,Astrology-Database/Chart-Collections/Birth-detail-collections/Charts Kala/Kala/Charts/Database/Military/Douglas Macarthur.cht,de8c235cfc3c31331d95fa2e8ad3b2aabb929b313f9039f98ec30c32421583eb,de8c235cfc3c31331d95fa2e8ad3b2aabb929b313f9039f98ec30c32421583eb,moved,Astrology/Chart-Collections,de8c235cfc3c31331d95fa2e8ad3b2aabb929b313f9039f98ec30c32421583eb,no
Astrology-Database/Birth-detail-collections/Charts Kala/Kala/Charts/Database/Military/Ewald Von Kliest.cht,Astrology-Database/Chart-Collections/Birth-detail-collections/Charts Kala/Kala/Charts/Database/Military/Ewald Von Kliest.cht,3b041a1dc7b458930e5d63450f856b20c3e53c0eb8392ed2e565f69e88e6e20e,3b041a1dc7b458930e5d63450f856b20c3e53c0eb8392ed2e565f69e88e6e20e,moved,Astrology/Chart-Collections,3b041a1dc7b458930e5d63450f856b20c3e53c0eb8392ed2e565f69e88e6e20e,no
Astrology-Database/Birth-detail-collections/Charts Kala/Kala/Charts/Database/Military/George McClellan.cht,Astrology-Database/Chart-Collections/Birth-detail-collections/Charts Kala/Kala/Charts/Database/Military/George McClellan.cht,10a4b0bbacced6eee935c156bac35f4258c761ccccdd2575a239871b3e4006ca,10a4b0bbacced6eee935c156bac35f4258c761ccccdd2575a239871b3e4006ca,moved,Astrology/Chart-Collections,10a4b0bbacced6eee935c156bac35f4258c761ccccdd2575a239871b3e4006ca,no
Astrology-Database/Birth-detail-collections/Charts Kala/Kala/Charts/Database/Military/George Patton.cht,Astrology-Database/Chart-Collections/Birth-detail-collections/Charts Kala/Kala/Charts/Database/Military/George Patton.cht,a278bae25cc83d9bbafe919d93cb34eab82eb276f7e8c771587e239357a465eb,a278bae25cc83d9bbafe919d93cb34eab82eb276f7e8c771587e239357a465eb,moved,Astrology/Chart-Collections,a278bae25cc83d9bbafe919d93cb34eab82eb276f7e8c771587e239357a465eb,no
Astrology-Database/Birth-detail-collections/Charts Kala/Kala/Charts/Database/Military/Joseph Joffre.cht,Astrology-Database/Chart-Collections/Birth-detail-collections/Charts Kala/Kala/Charts/Database/Military/Joseph Joffre.cht,8d13058bc5310196bef3a3f50406620189d017d2ccaa57df2aa9a630b923c6b7,8d13058bc5310196bef3a3f50406620189d017d2ccaa57df2aa9a630b923c6b7,moved,Astrology/Chart-Collections,8d13058bc5310196bef3a3f50406620189d017d2ccaa57df2aa9a630b923c6b7,no
Astrology-Database/Birth-detail-collections/Charts Kala/Kala/Charts/Database/Military/Lord Louis Mountbatten.cht,Astrology-Database/Chart-Collections/Birth-detail-collections/Charts Kala/Kala/Charts/Database/Military/Lord Louis Mountbatten.cht,29f17e04a37d2c774b80c79b4578702de06ddda3b53bdcf12f6ddc78621b5769,29f17e04a37d2c774b80c79b4578702de06ddda3b53bdcf12f6ddc78621b5769,moved,Astrology/Chart-Collections,29f17e04a37d2c774b80c79b4578702de06ddda3b53bdcf12f6ddc78621b5769,no
Astrology-Database/Birth-detail-collections/Charts Kala/Kala/Charts/Database/Miscellaneous/Admiral Canaris.cht,Astrology-Database/Chart-Collections/Birth-detail-collections/Charts Kala/Kala/Charts/Database/Miscellaneous/Admiral Canaris.cht,2f7f7fc474fe2fb72f898b7d75e47a05545f470836dad665141d354f19edc4bd,2f7f7fc474fe2fb72f898b7d75e47a05545f470836dad665141d354f19edc4bd,moved,Astrology/Chart-Collections,2f7f7fc474fe2fb72f898b7d75e47a05545f470836dad665141d354f19edc4bd,no
Astrology-Database/Birth-detail-collections/Charts Kala/Kala/Charts/Database/Miscellaneous/Alfred Hitchcock.cht,Astrology-Database/Chart-Collections/Birth-detail-collections/Charts Kala/Kala/Charts/Database/Miscellaneous/Alfred Hitchcock.cht,badd484508ce551b741edfb5ba6bb7f982b717280bd254a66c9a0c3eb395281c,badd484508ce551b741edfb5ba6bb7f982b717280bd254a66c9a0c3eb395281c,moved,Astrology/Chart-Collections,badd484508ce551b741edfb5ba6bb7f982b717280bd254a66c9a0c3eb395281c,no
Astrology-Database/Birth-detail-collections/Charts Kala/Kala/Charts/Database/Miscellaneous/Andre Gregory.cht,Astrology-Database/Chart-Collections/Birth-detail-collections/Charts Kala/Kala/Charts/Database/Miscellaneous/Andre Gregory.cht,778a70c8d814213442087e6ca64eadce6af5e8398341b003a3ce207dac4b45ff,778a70c8d814213442087e6ca64eadce6af5e8398341b003a3ce207dac4b45ff,moved,Astrology/Chart-Collections,778a70c8d814213442087e6ca64eadce6af5e8398341b003a3ce207dac4b45ff,no
Astrology-Database/Birth-detail-collections/Charts Kala/Kala/Charts/Database/Miscellaneous/Andy Warhol.cht,Astrology-Database/Chart-Collections/Birth-detail-collections/Charts Kala/Kala/Charts/Database/Miscellaneous/Andy Warhol.cht,85f98d761b10f5f552ebea56fb7c64ceccb911eff6dcbe0334b18b5886a7e3e3,85f98d761b10f5f552ebea56fb7c64ceccb911eff6dcbe0334b18b5886a7e3e3,moved,Astrology/Chart-Collections,85f98d761b10f5f552ebea56fb7c64ceccb911eff6dcbe0334b18b5886a7e3e3,no
Astrology-Database/Birth-detail-collections/Charts Kala/Kala/Charts/Database/Miscellaneous/Annie Oakley.cht,Astrology-Database/Chart-Collections/Birth-detail-collections/Charts Kala/Kala/Charts/Database/Miscellaneous/Annie Oakley.cht,755579357093a8c2ee502788c759dd87b54a48a1c5623505d315a61e0c6c03c1,755579357093a8c2ee502788c759dd87b54a48a1c5623505d315a61e0c6c03c1,moved,Astrology/Chart-Collections,755579357093a8c2ee502788c759dd87b54a48a1c5623505d315a61e0c6c03c1,no
Astrology-Database/Birth-detail-collections/Charts Kala/Kala/Charts/Database/Miscellaneous/Benjamin Franklin.cht,Astrology-Database/Chart-Collections/Birth-detail-collections/Charts Kala/Kala/Charts/Database/Miscellaneous/Benjamin Franklin.cht,2283a74c9f904bc2a51b1c22b86ee10184b7e834402264db0b91b2d5e6c451b5,2283a74c9f904bc2a51b1c22b86ee10184b7e834402264db0b91b2d5e6c451b5,moved,Astrology/Chart-Collections,2283a74c9f904bc2a51b1c22b86ee10184b7e834402264db0b91b2d5e6c451b5,no
Astrology-Database/Birth-detail-collections/Charts Kala/Kala/Charts/Database/Miscellaneous/Bob  Geldof.cht,Astrology-Database/Chart-Collections/Birth-detail-collections/Charts Kala/Kala/Charts/Database/Miscellaneous/Bob  Geldof.cht,3f3a89d330bf4ddeb134aa4b6f73d04ce2002d8b73247b2a4db0a08d5ecc3a25,3f3a89d330bf4ddeb134aa4b6f73d04ce2002d8b73247b2a4db0a08d5ecc3a25,moved,Astrology/Chart-Collections,3f3a89d330bf4ddeb134aa4b6f73d04ce2002d8b73247b2a4db0a08d5ecc3a25,no
Astrology-Database/Birth-detail-collections/Charts Kala/Kala/Charts/Database/Miscellaneous/Bob Fosse.cht,Astrology-Database/Chart-Collections/Birth-detail-collections/Charts Kala/Kala/Charts/Database/Miscellaneous/Bob Fosse.cht,f75680d4a8afbc3938f6560a0967900950448fa0537b3e7caf6a5dc8ac1abf7c,f75680d4a8afbc3938f6560a0967900950448fa0537b3e7caf6a5dc8ac1abf7c,moved,Astrology/Chart-Collections,f75680d4a8afbc3938f6560a0967900950448fa0537b3e7caf6a5dc8ac1abf7c,no
Astrology-Database/Birth-detail-collections/Charts Kala/Kala/Charts/Database/Miscellaneous/Bobby Fischer.cht,Astrology-Database/Chart-Collections/Birth-detail-collections/Charts Kala/Kala/Charts/Database/Miscellaneous/Bobby Fischer.cht,924c2a19fc5cf6f173bae9ae6fd2cc7dfd3e29bd77868d92b414d8825f89ffec,924c2a19fc5cf6f173bae9ae6fd2cc7dfd3e29bd77868d92b414d8825f89ffec,moved,Astrology/Chart-Collections,924c2a19fc5cf6f173bae9ae6fd2cc7dfd3e29bd77868d92b414d8825f89ffec,no
Astrology-Database/Birth-detail-collections/Charts Kala/Kala/Charts/Database/Miscellaneous/Brigham Young.cht,Astrology-Database/Chart-Collections/Birth-detail-collections/Charts Kala/Kala/Charts/Database/Miscellaneous/Brigham Young.cht,4c21d24e93cb212306279741d5ce9cd57e0ffc953d48f10140b8f9fadf68f062,4c21d24e93cb212306279741d5ce9cd57e0ffc953d48f10140b8f9fadf68f062,moved,Astrology/Chart-Collections,4c21d24e93cb212306279741d5ce9cd57e0ffc953d48f10140b8f9fadf68f062,no
Astrology-Database/Birth-detail-collections/Charts Kala/Kala/Charts/Database/Miscellaneous/Buffalo Bill Cody.cht,Astrology-Database/Chart-Collections/Birth-detail-collections/Charts Kala/Kala/Charts/Database/Miscellaneous/Buffalo Bill Cody.cht,74b7423374098f0c491956b36dd6ce12af820de472c6c9fb4f673606c28e9733,74b7423374098f0c491956b36dd6ce12af820de472c6c9fb4f673606c28e9733,moved,Astrology/Chart-Collections,74b7423374098f0c491956b36dd6ce12af820de472c6c9fb4f673606c28e9733,no
Astrology-Database/Birth-detail-collections/Charts Kala/Kala/Charts/Database/Miscellaneous/Caroline Kennedy.cht,Astrology-Database/Chart-Collections/Birth-detail-collections/Charts Kala/Kala/Charts/Database/Miscellaneous/Caroline Kennedy.cht,65f05bf9988560a81f7f5e81166d8cb5b22c7188d21db8c3e073fc2d0ca660c7,65f05bf9988560a81f7f5e81166d8cb5b22c7188d21db8c3e073fc2d0ca660c7,moved,Astrology/Chart-Collections,65f05bf9988560a81f7f5e81166d8cb5b22c7188d21db8c3e073fc2d0ca660c7,no
"Astrology-Database/Birth-detail-collections/Charts Kala/Kala/Charts/Database/Miscellaneous/Casanova, Giovanni.cht","Astrology-Database/Chart-Collections/Birth-detail-collections/Charts Kala/Kala/Charts/Database/Miscellaneous/Casanova, Giovanni.cht",4c23e0334d199ce8d813d56d99a1947966e49fb70515bd53b106894c26e80e2e,4c23e0334d199ce8d813d56d99a1947966e49fb70515bd53b106894c26e80e2e,moved,Astrology/Chart-Collections,4c23e0334d199ce8d813d56d99a1947966e49fb70515bd53b106894c26e80e2e,no
Astrology-Database/Birth-detail-collections/Charts Kala/Kala/Charts/Database/Miscellaneous/Cesar Chavez.cht,Astrology-Database/Chart-Collections/Birth-detail-collections/Charts Kala/Kala/Charts/Database/Miscellaneous/Cesar Chavez.cht,079c034fa9bb7e404010ed7a7ae83728c5f01aab54859ed8e29b4a7c65bd44a1,079c034fa9bb7e404010ed7a7ae83728c5f01aab54859ed8e29b4a7c65bd44a1,moved,Astrology/Chart-Collections,079c034fa9bb7e404010ed7a7ae83728c5f01aab54859ed8e29b4a7c65bd44a1,no
Astrology-Database/Birth-detail-collections/Charts Kala/Kala/Charts/Database/Miscellaneous/Charles Lindberg.cht,Astrology-Database/Chart-Collections/Birth-detail-collections/Charts Kala/Kala/Charts/Database/Miscellaneous/Charles Lindberg.cht,513dfc95e32e22495f4b3ae31f280d168a70b83948da767090a02ded6866b3de,513dfc95e32e22495f4b3ae31f280d168a70b83948da767090a02ded6866b3de,moved,Astrology/Chart-Collections,513dfc95e32e22495f4b3ae31f280d168a70b83948da767090a02ded6866b3de,no
Astrology-Database/Birth-detail-collections/Charts Kala/Kala/Charts/Database/Miscellaneous/Christian Dior.cht,Astrology-Database/Chart-Collections/Birth-detail-collections/Charts Kala/Kala/Charts/Database/Miscellaneous/Christian Dior.cht,60b4147ca961e474bf4e5656834471a9eeee689356e25e5b29b6a4287261f7ae,60b4147ca961e474bf4e5656834471a9eeee689356e25e5b29b6a4287261f7ae,moved,Astrology/Chart-Collections,60b4147ca961e474bf4e5656834471a9eeee689356e25e5b29b6a4287261f7ae,no
Astrology-Database/Birth-detail-collections/Charts Kala/Kala/Charts/Database/Miscellaneous/Christine Jorgensen.cht,Astrology-Database/Chart-Collections/Birth-detail-collections/Charts Kala/Kala/Charts/Database/Miscellaneous/Christine Jorgensen.cht,88e65bf8405cf810bd8042ff8b898081ca3fddc88e26b382fb756451fac40b97,88e65bf8405cf810bd8042ff8b898081ca3fddc88e26b382fb756451fac40b97,moved,Astrology/Chart-Collections,88e65bf8405cf810bd8042ff8b898081ca3fddc88e26b382fb756451fac40b97,no
Astrology-Database/Birth-detail-collections/Charts Kala/Kala/Charts/Database/Miscellaneous/Christopher Boyce.cht,Astrology-Database/Chart-Collections/Birth-detail-collections/Charts Kala/Kala/Charts/Database/Miscellaneous/Christopher Boyce.cht,54d1ff4120a78331ba2069cf7edbb82cdaa41bff60157b378f367990b41b8728,54d1ff4120a78331ba2069cf7edbb82cdaa41bff60157b378f367990b41b8728,moved,Astrology/Chart-Collections,54d1ff4120a78331ba2069cf7edbb82cdaa41bff60157b378f367990b41b8728,no
Astrology-Database/Birth-detail-collections/Charts Kala/Kala/Charts/Database/Miscellaneous/Christopher Isherwood.cht,Astrology-Database/Chart-Collections/Birth-detail-collections/Charts Kala/Kala/Charts/Database/Miscellaneous/Christopher Isherwood.cht,ab9b08197556e8bcfb475a0b52b2c9ecea6c1dd7662fd6365a33c3b8daa0f219,ab9b08197556e8bcfb475a0b52b2c9ecea6c1dd7662fd6365a33c3b8daa0f219,moved,Astrology/Chart-Collections,ab9b08197556e8bcfb475a0b52b2c9ecea6c1dd7662fd6365a33c3b8daa0f219,no
Astrology-Database/Birth-detail-collections/Charts Kala/Kala/Charts/Database/Miscellaneous/Christopher Reeve.cht,Astrology-Database/Chart-Collections/Birth-detail-collections/Charts Kala/Kala/Charts/Database/Miscellaneous/Christopher Reeve.cht,5b84c5fbd7373e540cdf07b65b4d7b6a9f6c01e1e102513cdd3da4bc451f350f,5b84c5fbd7373e540cdf07b65b4d7b6a9f6c01e1e102513cdd3da4bc451f350f,moved,Astrology/Chart-Collections,5b84c5fbd7373e540cdf07b65b4d7b6a9f6c01e1e102513cdd3da4bc451f350f,no
Astrology-Database/Birth-detail-collections/Charts Kala/Kala/Charts/Database/Miscellaneous/Dan White.cht,Astrology-Database/Chart-Collections/Birth-detail-collections/Charts Kala/Kala/Charts/Database/Miscellaneous/Dan White.cht,8756ea8c087bf87ee920bac4f6efd18b7656a47553bb4cd2cb089d6162f026b9,8756ea8c087bf87ee920bac4f6efd18b7656a47553bb4cd2cb089d6162f026b9,moved,Astrology/Chart-Collections,8756ea8c087bf87ee920bac4f6efd18b7656a47553bb4cd2cb089d6162f026b9,no
"Astrology-Database/Birth-detail-collections/Charts Kala/Kala/Charts/Database/Miscellaneous/Erickson, Milton.cht","Astrology-Database/Chart-Collections/Birth-detail-collections/Charts Kala/Kala/Charts/Database/Miscellaneous/Erickson, Milton.cht",bc6f7ad1720e2c4f3b8524130eec79a093038d3dadac5cd1259ca891700e4378,bc6f7ad1720e2c4f3b8524130eec79a093038d3dadac5cd1259ca891700e4378,moved,Astrology/Chart-Collections,bc6f7ad1720e2c4f3b8524130eec79a093038d3dadac5cd1259ca891700e4378,no
Astrology-Database/Birth-detail-collections/Charts Kala/Kala/Charts/Database/Miscellaneous/Eva Braun.cht,Astrology-Database/Chart-Collections/Birth-detail-collections/Charts Kala/Kala/Charts/Database/Miscellaneous/Eva Braun.cht,e03c1c9ea5454b13385eb20c70435132b2392601c5abaee9a616069f3bc921a4,e03c1c9ea5454b13385eb20c70435132b2392601c5abaee9a616069f3bc921a4,moved,Astrology/Chart-Collections,e03c1c9ea5454b13385eb20c70435132b2392601c5abaee9a616069f3bc921a4,no
Astrology-Database/Birth-detail-collections/Charts Kala/Kala/Charts/Database/Miscellaneous/Francis Ford Coppola.cht,Astrology-Database/Chart-Collections/Birth-detail-collections/Charts Kala/Kala/Charts/Database/Miscellaneous/Francis Ford Coppola.cht,80ada96f129e67e14cad65a1384b2d21a79bb0dce3bd0ea8e9fe6286959af33d,80ada96f129e67e14cad65a1384b2d21a79bb0dce3bd0ea8e9fe6286959af33d,moved,Astrology/Chart-Collections,80ada96f129e67e14cad65a1384b2d21a79bb0dce3bd0ea8e9fe6286959af33d,no
Astrology-Database/Birth-detail-collections/Charts Kala/Kala/Charts/Database/Miscellaneous/Frank Lloyd Wright.cht,Astrology-Database/Chart-Collections/Birth-detail-collections/Charts Kala/Kala/Charts/Database/Miscellaneous/Frank Lloyd Wright.cht,0cb5252c18a4201b7343767c3ebf387f13384efdfab667176ada3190b584312b,0cb5252c18a4201b7343767c3ebf387f13384efdfab667176ada3190b584312b,moved,Astrology/Chart-Collections,0cb5252c18a4201b7343767c3ebf387f13384efdfab667176ada3190b584312b,no
Astrology-Database/Birth-detail-collections/Charts Kala/Kala/Charts/Database/Miscellaneous/George Lucas.cht,Astrology-Database/Chart-Collections/Birth-detail-collections/Charts Kala/Kala/Charts/Database/Miscellaneous/George Lucas.cht,74a2a95904788eec5aa389d1ead71048a298c250f6ab0cb49ddd34a5df4e8454,74a2a95904788eec5aa389d1ead71048a298c250f6ab0cb49ddd34a5df4e8454,moved,Astrology/Chart-Collections,74a2a95904788eec5aa389d1ead71048a298c250f6ab0cb49ddd34a5df4e8454,no
Astrology-Database/Birth-detail-collections/Charts Kala/Kala/Charts/Database/Miscellaneous/Gloria Steinem.cht,Astrology-Database/Chart-Collections/Birth-detail-collections/Charts Kala/Kala/Charts/Database/Miscellaneous/Gloria Steinem.cht,e4fbdbe11efd4acf74c32cf4fd3a1c979065c472cbad74e82d7d21e35623ff7c,e4fbdbe11efd4acf74c32cf4fd3a1c979065c472cbad74e82d7d21e35623ff7c,moved,Astrology/Chart-Collections,e4fbdbe11efd4acf74c32cf4fd3a1c979065c472cbad74e82d7d21e35623ff7c,no
Astrology-Database/Birth-detail-collections/Charts Kala/Kala/Charts/Database/Miscellaneous/Gunther Gebel-Williams.cht,Astrology-Database/Chart-Collections/Birth-detail-collections/Charts Kala/Kala/Charts/Database/Miscellaneous/Gunther Gebel-Williams.cht,96f1ad87077a22331861b255ef692c3d3af39a19b0c06e720efe8ef7e0b753d6,96f1ad87077a22331861b255ef692c3d3af39a19b0c06e720efe8ef7e0b753d6,moved,Astrology/Chart-Collections,96f1ad87077a22331861b255ef692c3d3af39a19b0c06e720efe8ef7e0b753d6,no
Astrology-Database/Birth-detail-collections/Charts Kala/Kala/Charts/Database/Miscellaneous/Helen Keller.cht,Astrology-Database/Chart-Collections/Birth-detail-collections/Charts Kala/Kala/Charts/Database/Miscellaneous/Helen Keller.cht,151ac1be2ddc6c741f367de2644060268a7e49b9ec019ed4bb012a1cbcac48ca,151ac1be2ddc6c741f367de2644060268a7e49b9ec019ed4bb012a1cbcac48ca,moved,Astrology/Chart-Collections,151ac1be2ddc6c741f367de2644060268a7e49b9ec019ed4bb012a1cbcac48ca,no
Astrology-Database/Birth-detail-collections/Charts Kala/Kala/Charts/Database/Miscellaneous/Hugh Hefner.cht,Astrology-Database/Chart-Collections/Birth-detail-collections/Charts Kala/Kala/Charts/Database/Miscellaneous/Hugh Hefner.cht,caf2af76d124163ca1161779f9f5dc81c0f439e53796a1297da52b48ac283f8c,caf2af76d124163ca1161779f9f5dc81c0f439e53796a1297da52b48ac283f8c,moved,Astrology/Chart-Collections,caf2af76d124163ca1161779f9f5dc81c0f439e53796a1297da52b48ac283f8c,no
Astrology-Database/Birth-detail-collections/Charts Kala/Kala/Charts/Database/Miscellaneous/James Cook.cht,Astrology-Database/Chart-Collections/Birth-detail-collections/Charts Kala/Kala/Charts/Database/Miscellaneous/James Cook.cht,41878a9bc624b8ade7693427d9681d11bebf9b7ef06141266bb9eb5b909b5567,41878a9bc624b8ade7693427d9681d11bebf9b7ef06141266bb9eb5b909b5567,moved,Astrology/Chart-Collections,41878a9bc624b8ade7693427d9681d11bebf9b7ef06141266bb9eb5b909b5567,no
Astrology-Database/Birth-detail-collections/Charts Kala/Kala/Charts/Database/Miscellaneous/James Hoffa.cht,Astrology-Database/Chart-Collections/Birth-detail-collections/Charts Kala/Kala/Charts/Database/Miscellaneous/James Hoffa.cht,d9794897378f1c29db429152018789ffd8e188212fe4420af248493ef4161d73,d9794897378f1c29db429152018789ffd8e188212fe4420af248493ef4161d73,moved,Astrology/Chart-Collections,d9794897378f1c29db429152018789ffd8e188212fe4420af248493ef4161d73,no
Astrology-Database/Birth-detail-collections/Charts Kala/Kala/Charts/Database/Miscellaneous/Joan of Arc.cht,Astrology-Database/Chart-Collections/Birth-detail-collections/Charts Kala/Kala/Charts/Database/Miscellaneous/Joan of Arc.cht,0d26deeb79ddf90c1375a0002d763f492ef0d116e83b35d475e8b042b4dd59a2,0d26deeb79ddf90c1375a0002d763f492ef0d116e83b35d475e8b042b4dd59a2,moved,Astrology/Chart-Collections,0d26deeb79ddf90c1375a0002d763f492ef0d116e83b35d475e8b042b4dd59a2,no
Astrology-Database/Birth-detail-collections/Charts Kala/Kala/Charts/Database/Miscellaneous/John Maynard Keynes.cht,Astrology-Database/Chart-Collections/Birth-detail-collections/Charts Kala/Kala/Charts/Database/Miscellaneous/John Maynard Keynes.cht,d57d9facf95fa4f4cc45ac634b13542e267cc51eacb7e4adffa7d19b70a8c15a,d57d9facf95fa4f4cc45ac634b13542e267cc51eacb7e4adffa7d19b70a8c15a,moved,Astrology/Chart-Collections,d57d9facf95fa4f4cc45ac634b13542e267cc51eacb7e4adffa7d19b70a8c15a,no
Astrology-Database/Birth-detail-collections/Charts Kala/Kala/Charts/Database/Miscellaneous/John Nash.cht,Astrology-Database/Chart-Collections/Birth-detail-collections/Charts Kala/Kala/Charts/Database/Miscellaneous/John Nash.cht,023d7b7ae0eec58890a9c83e5ce360c49f11f5fc09269c1292dfd8e4905d6279,023d7b7ae0eec58890a9c83e5ce360c49f11f5fc09269c1292dfd8e4905d6279,moved,Astrology/Chart-Collections,023d7b7ae0eec58890a9c83e5ce360c49f11f5fc09269c1292dfd8e4905d6279,no
Astrology-Database/Birth-detail-collections/Charts Kala/Kala/Charts/Database/Miscellaneous/Josef Mengele.cht,Astrology-Database/Chart-Collections/Birth-detail-collections/Charts Kala/Kala/Charts/Database/Miscellaneous/Josef Mengele.cht,fdf6f2d9a5994260484f71c1f0e80faf4634c6e333ff563e76c83a6e1373b126,fdf6f2d9a5994260484f71c1f0e80faf4634c6e333ff563e76c83a6e1373b126,moved,Astrology/Chart-Collections,fdf6f2d9a5994260484f71c1f0e80faf4634c6e333ff563e76c83a6e1373b126,no
Astrology-Database/Birth-detail-collections/Charts Kala/Kala/Charts/Database/Miscellaneous/Kimberly Hefner.cht,Astrology-Database/Chart-Collections/Birth-detail-collections/Charts Kala/Kala/Charts/Database/Miscellaneous/Kimberly Hefner.cht,c8b4302a97aec4738abcba1d11ad09b40591eaa1185c20ad8681eeee937f09df,c8b4302a97aec4738abcba1d11ad09b40591eaa1185c20ad8681eeee937f09df,moved,Astrology/Chart-Collections,c8b4302a97aec4738abcba1d11ad09b40591eaa1185c20ad8681eeee937f09df,no
Astrology-Database/Birth-detail-collections/Charts Kala/Kala/Charts/Database/Miscellaneous/Lotery Winner.cht,Astrology-Database/Chart-Collections/Birth-detail-collections/Charts Kala/Kala/Charts/Database/Miscellaneous/Lotery Winner.cht,9181308389c890d98985b3146301e27c6d570f1cf0cd47ed2c7a7409b915f495,9181308389c890d98985b3146301e27c6d570f1cf0cd47ed2c7a7409b915f495,moved,Astrology/Chart-Collections,9181308389c890d98985b3146301e27c6d570f1cf0cd47ed2c7a7409b915f495,no
Astrology-Database/Birth-detail-collections/Charts Kala/Kala/Charts/Database/Miscellaneous/Louise Josephine Weber.cht,Astrology-Database/Chart-Collections/Birth-detail-collections/Charts Kala/Kala/Charts/Database/Miscellaneous/Louise Josephine Weber.cht,cbc269d6466719b03ff45f622bce5a0876c6aa8c6a3bfb827babf56f79437f7b,cbc269d6466719b03ff45f622bce5a0876c6aa8c6a3bfb827babf56f79437f7b,moved,Astrology/Chart-Collections,cbc269d6466719b03ff45f622bce5a0876c6aa8c6a3bfb827babf56f79437f7b,no
Astrology-Database/Birth-detail-collections/Charts Kala/Kala/Charts/Database/Miscellaneous/Marcia Moore.cht,Astrology-Database/Chart-Collections/Birth-detail-collections/Charts Kala/Kala/Charts/Database/Miscellaneous/Marcia Moore.cht,f7a72d7e9a9bdde7ae5dbe60953a8b505a1d1f49691156e65f0008f47894cbec,f7a72d7e9a9bdde7ae5dbe60953a8b505a1d1f49691156e65f0008f47894cbec,moved,Astrology/Chart-Collections,f7a72d7e9a9bdde7ae5dbe60953a8b505a1d1f49691156e65f0008f47894cbec,no
Astrology-Database/Birth-detail-collections/Charts Kala/Kala/Charts/Database/Miscellaneous/Mata Hari.cht,Astrology-Database/Chart-Collections/Birth-detail-collections/Charts Kala/Kala/Charts/Database/Miscellaneous/Mata Hari.cht,8b46889222c9fe9920a4aeaed069e7a7a55c42bad21b83f45f6b4b9f8d7c5bd4,8b46889222c9fe9920a4aeaed069e7a7a55c42bad21b83f45f6b4b9f8d7c5bd4,moved,Astrology/Chart-Collections,8b46889222c9fe9920a4aeaed069e7a7a55c42bad21b83f45f6b4b9f8d7c5bd4,no
"Astrology-Database/Birth-detail-collections/Charts Kala/Kala/Charts/Database/Miscellaneous/McKay-Clements, John.cht","Astrology-Database/Chart-Collections/Birth-detail-collections/Charts Kala/Kala/Charts/Database/Miscellaneous/McKay-Clements, John.cht",685dc7e8cba668720d93d549a9363e26e4219a2668911576f24e090da01c0214,685dc7e8cba668720d93d549a9363e26e4219a2668911576f24e090da01c0214,moved,Astrology/Chart-Collections,685dc7e8cba668720d93d549a9363e26e4219a2668911576f24e090da01c0214,no
Astrology-Database/Birth-detail-collections/Charts Kala/Kala/Charts/Database/Miscellaneous/Melvin Belli.cht,Astrology-Database/Chart-Collections/Birth-detail-collections/Charts Kala/Kala/Charts/Database/Miscellaneous/Melvin Belli.cht,be3114a829a55e21be0ef1fda83bba3ff666bc834ed9ac11632b1982b9bb8d37,be3114a829a55e21be0ef1fda83bba3ff666bc834ed9ac11632b1982b9bb8d37,moved,Astrology/Chart-Collections,be3114a829a55e21be0ef1fda83bba3ff666bc834ed9ac11632b1982b9bb8d37,no
Astrology-Database/Birth-detail-collections/Charts Kala/Kala/Charts/Database/Miscellaneous/Michael Bennet.cht,Astrology-Database/Chart-Collections/Birth-detail-collections/Charts Kala/Kala/Charts/Database/Miscellaneous/Michael Bennet.cht,f7bd79a0342d2fbecd7e16d93a08cb106a5a4b74214f6ab27f38534346b55ce6,f7bd79a0342d2fbecd7e16d93a08cb106a5a4b74214f6ab27f38534346b55ce6,moved,Astrology/Chart-Collections,f7bd79a0342d2fbecd7e16d93a08cb106a5a4b74214f6ab27f38534346b55ce6,no
Astrology-Database/Birth-detail-collections/Charts Kala/Kala/Charts/Database/Miscellaneous/Michael London.cht,Astrology-Database/Chart-Collections/Birth-detail-collections/Charts Kala/Kala/Charts/Database/Miscellaneous/Michael London.cht,1b6bf8c276726429c5e7f34d670ed6f8f04cde7defba17e0936e454f1697c385,1b6bf8c276726429c5e7f34d670ed6f8f04cde7defba17e0936e454f1697c385,moved,Astrology/Chart-Collections,1b6bf8c276726429c5e7f34d670ed6f8f04cde7defba17e0936e454f1697c385,no
Astrology-Database/Birth-detail-collections/Charts Kala/Kala/Charts/Database/Miscellaneous/Milton Erickson.cht,Astrology-Database/Chart-Collections/Birth-detail-collections/Charts Kala/Kala/Charts/Database/Miscellaneous/Milton Erickson.cht,7bf1b82725eac1f8e2b683662301ba02d28c444677e9820b9c5534b7304af91e,7bf1b82725eac1f8e2b683662301ba02d28c444677e9820b9c5534b7304af91e,moved,Astrology/Chart-Collections,7bf1b82725eac1f8e2b683662301ba02d28c444677e9820b9c5534b7304af91e,no
Astrology-Database/Birth-detail-collections/Charts Kala/Kala/Charts/Database/Miscellaneous/Monica Lewinsky.cht,Astrology-Database/Chart-Collections/Birth-detail-collections/Charts Kala/Kala/Charts/Database/Miscellaneous/Monica Lewinsky.cht,44203dc21018f2ae62c659703668e38e82a9b77bb7f5b5943ac0ae5d6646297b,44203dc21018f2ae62c659703668e38e82a9b77bb7f5b5943ac0ae5d6646297b,moved,Astrology/Chart-Collections,44203dc21018f2ae62c659703668e38e82a9b77bb7f5b5943ac0ae5d6646297b,no
Astrology-Database/Birth-detail-collections/Charts Kala/Kala/Charts/Database/Miscellaneous/Oprah Winfrey.cht,Astrology-Database/Chart-Collections/Birth-detail-collections/Charts Kala/Kala/Charts/Database/Miscellaneous/Oprah Winfrey.cht,11b9813b82dd4ccbc74b5bdfb566d7b3ecf96383de75152100a7cc8bb5c22d25,11b9813b82dd4ccbc74b5bdfb566d7b3ecf96383de75152100a7cc8bb5c22d25,moved,Astrology/Chart-Collections,11b9813b82dd4ccbc74b5bdfb566d7b3ecf96383de75152100a7cc8bb5c22d25,no
Astrology-Database/Birth-detail-collections/Charts Kala/Kala/Charts/Database/Miscellaneous/Paul Revere.cht,Astrology-Database/Chart-Collections/Birth-detail-collections/Charts Kala/Kala/Charts/Database/Miscellaneous/Paul Revere.cht,e86fb299af92f33e373426987ed792e293cc8e0db581992f8303bde05db34af3,e86fb299af92f33e373426987ed792e293cc8e0db581992f8303bde05db34af3,moved,Astrology/Chart-Collections,e86fb299af92f33e373426987ed792e293cc8e0db581992f8303bde05db34af3,no
Astrology-Database/Birth-detail-collections/Charts Kala/Kala/Charts/Database/Miscellaneous/Plumber 2.cht,Astrology-Database/Chart-Collections/Birth-detail-collections/Charts Kala/Kala/Charts/Database/Miscellaneous/Plumber 2.cht,2006863ec75affbf08150dfbc132dc1134fa7b66565f27da3f6aae75840e22b6,2006863ec75affbf08150dfbc132dc1134fa7b66565f27da3f6aae75840e22b6,moved,Astrology/Chart-Collections,2006863ec75affbf08150dfbc132dc1134fa7b66565f27da3f6aae75840e22b6,no
Astrology-Database/Birth-detail-collections/Charts Kala/Kala/Charts/Database/Miscellaneous/Plumber.cht,Astrology-Database/Chart-Collections/Birth-detail-collections/Charts Kala/Kala/Charts/Database/Miscellaneous/Plumber.cht,029a6fe24f3a2150ea7bc91de4b2a832c7b6c15dc9db41ba472596a98e0d673d,029a6fe24f3a2150ea7bc91de4b2a832c7b6c15dc9db41ba472596a98e0d673d,moved,Astrology/Chart-Collections,029a6fe24f3a2150ea7bc91de4b2a832c7b6c15dc9db41ba472596a98e0d673d,no
Astrology-Database/Birth-detail-collections/Charts Kala/Kala/Charts/Database/Miscellaneous/Richard Carpenter.cht,Astrology-Database/Chart-Collections/Birth-detail-collections/Charts Kala/Kala/Charts/Database/Miscellaneous/Richard Carpenter.cht,01294599daa302025cdb73f71e3683b6b17ed556c783451189627f7eed0880bf,01294599daa302025cdb73f71e3683b6b17ed556c783451189627f7eed0880bf,moved,Astrology/Chart-Collections,01294599daa302025cdb73f71e3683b6b17ed556c783451189627f7eed0880bf,no
Astrology-Database/Birth-detail-collections/Charts Kala/Kala/Charts/Database/Miscellaneous/Samuel Goldwyn.cht,Astrology-Database/Chart-Collections/Birth-detail-collections/Charts Kala/Kala/Charts/Database/Miscellaneous/Samuel Goldwyn.cht,b0eb4deddac201d3448b1bb07a7e2a843a67c630e441ccafb7d16501b1401a1d,b0eb4deddac201d3448b1bb07a7e2a843a67c630e441ccafb7d16501b1401a1d,moved,Astrology/Chart-Collections,b0eb4deddac201d3448b1bb07a7e2a843a67c630e441ccafb7d16501b1401a1d,no
Astrology-Database/Birth-detail-collections/Charts Kala/Kala/Charts/Database/Miscellaneous/Shiloh Nouvel Jolie-Pitt.cht,Astrology-Database/Chart-Collections/Birth-detail-collections/Charts Kala/Kala/Charts/Database/Miscellaneous/Shiloh Nouvel Jolie-Pitt.cht,b1b68222978a81b719b3c1ca15ea4008bb57b45f5204e37ff23ae79d401b72e5,b1b68222978a81b719b3c1ca15ea4008bb57b45f5204e37ff23ae79d401b72e5,moved,Astrology/Chart-Collections,b1b68222978a81b719b3c1ca15ea4008bb57b45f5204e37ff23ae79d401b72e5,no
"Astrology-Database/Birth-detail-collections/Charts Kala/Kala/Charts/Database/Miscellaneous/Stein, Zane.cht","Astrology-Database/Chart-Collections/Birth-detail-collections/Charts Kala/Kala/Charts/Database/Miscellaneous/Stein, Zane.cht",5bd4538a82624b34ea479a24a411f508031b388929e83a8fa9d5ce0a894a946f,5bd4538a82624b34ea479a24a411f508031b388929e83a8fa9d5ce0a894a946f,moved,Astrology/Chart-Collections,5bd4538a82624b34ea479a24a411f508031b388929e83a8fa9d5ce0a894a946f,no
Astrology-Database/Birth-detail-collections/Charts Kala/Kala/Charts/Database/Miscellaneous/Steven Spielberg.cht,Astrology-Database/Chart-Collections/Birth-detail-collections/Charts Kala/Kala/Charts/Database/Miscellaneous/Steven Spielberg.cht,439d1ff0d0cd212c08ad8b4fa326d693011b5a09eb8c2e83e7a406752a636c84,439d1ff0d0cd212c08ad8b4fa326d693011b5a09eb8c2e83e7a406752a636c84,moved,Astrology/Chart-Collections,439d1ff0d0cd212c08ad8b4fa326d693011b5a09eb8c2e83e7a406752a636c84,no
Astrology-Database/Birth-detail-collections/Charts Kala/Kala/Charts/Database/Miscellaneous/TE Lawrence.cht,Astrology-Database/Chart-Collections/Birth-detail-collections/Charts Kala/Kala/Charts/Database/Miscellaneous/TE Lawrence.cht,36fb44ee6ac8da961342e058bde36a927d5b3957168e5a13c92f43fe41d5290d,36fb44ee6ac8da961342e058bde36a927d5b3957168e5a13c92f43fe41d5290d,moved,Astrology/Chart-Collections,36fb44ee6ac8da961342e058bde36a927d5b3957168e5a13c92f43fe41d5290d,no
Astrology-Database/Birth-detail-collections/Charts Kala/Kala/Charts/Database/Miscellaneous/Ted Turner.cht,Astrology-Database/Chart-Collections/Birth-detail-collections/Charts Kala/Kala/Charts/Database/Miscellaneous/Ted Turner.cht,540d7a66adf35e0021dce025821699716ffb001d3c3962146d0de2afd29ac33e,540d7a66adf35e0021dce025821699716ffb001d3c3962146d0de2afd29ac33e,moved,Astrology/Chart-Collections,540d7a66adf35e0021dce025821699716ffb001d3c3962146d0de2afd29ac33e,no
Astrology-Database/Birth-detail-collections/Charts Kala/Kala/Charts/Database/Miscellaneous/Thomas Lowell.cht,Astrology-Database/Chart-Collections/Birth-detail-collections/Charts Kala/Kala/Charts/Database/Miscellaneous/Thomas Lowell.cht,b36ce33839096706cb88fc629e9e62bc635fd009dd22e9d34631b4c8e80cf98a,b36ce33839096706cb88fc629e9e62bc635fd009dd22e9d34631b4c8e80cf98a,moved,Astrology/Chart-Collections,b36ce33839096706cb88fc629e9e62bc635fd009dd22e9d34631b4c8e80cf98a,no
Astrology-Database/Birth-detail-collections/Charts Kala/Kala/Charts/Database/Miscellaneous/Tokyo Rose.cht,Astrology-Database/Chart-Collections/Birth-detail-collections/Charts Kala/Kala/Charts/Database/Miscellaneous/Tokyo Rose.cht,2b497e82b6cd5531264f88e96667e08f954e62e90ee2370ee171182733089302,2b497e82b6cd5531264f88e96667e08f954e62e90ee2370ee171182733089302,moved,Astrology/Chart-Collections,2b497e82b6cd5531264f88e96667e08f954e62e90ee2370ee171182733089302,no
Astrology-Database/Birth-detail-collections/Charts Kala/Kala/Charts/Database/Miscellaneous/Twins_identical girls.cht,Astrology-Database/Chart-Collections/Birth-detail-collections/Charts Kala/Kala/Charts/Database/Miscellaneous/Twins_identical girls.cht,efcf923c928e84a3102e02060e8854d740d66811d8987264b9bbfbf5a4442783,efcf923c928e84a3102e02060e8854d740d66811d8987264b9bbfbf5a4442783,moved,Astrology/Chart-Collections,efcf923c928e84a3102e02060e8854d740d66811d8987264b9bbfbf5a4442783,no
Astrology-Database/Birth-detail-collections/Charts Kala/Kala/Charts/Database/Miscellaneous/Walt Disney.cht,Astrology-Database/Chart-Collections/Birth-detail-collections/Charts Kala/Kala/Charts/Database/Miscellaneous/Walt Disney.cht,3e474bcabbed67a078ffd8b73ad4ad967cd9bcbfbddced3117c55ae43cf9d048,3e474bcabbed67a078ffd8b73ad4ad967cd9bcbfbddced3117c55ae43cf9d048,moved,Astrology/Chart-Collections,3e474bcabbed67a078ffd8b73ad4ad967cd9bcbfbddced3117c55ae43cf9d048,no
Astrology-Database/Birth-detail-collections/Charts Kala/Kala/Charts/Database/Miscellaneous/Walter Reuther.cht,Astrology-Database/Chart-Collections/Birth-detail-collections/Charts Kala/Kala/Charts/Database/Miscellaneous/Walter Reuther.cht,9eb8ca8a990d5c7623662446ef27f17bb3aed976fd38eec5a60bfe627429a072,9eb8ca8a990d5c7623662446ef27f17bb3aed976fd38eec5a60bfe627429a072,moved,Astrology/Chart-Collections,9eb8ca8a990d5c7623662446ef27f17bb3aed976fd38eec5a60bfe627429a072,no
Astrology-Database/Birth-detail-collections/Charts Kala/Kala/Charts/Database/Miscellaneous/William Butler Hickok.cht,Astrology-Database/Chart-Collections/Birth-detail-collections/Charts Kala/Kala/Charts/Database/Miscellaneous/William Butler Hickok.cht,939fca0b53a3787fa628be964529f5fa803b1a708f1aafaf43d0ea5bb8ce332a,939fca0b53a3787fa628be964529f5fa803b1a708f1aafaf43d0ea5bb8ce332a,moved,Astrology/Chart-Collections,939fca0b53a3787fa628be964529f5fa803b1a708f1aafaf43d0ea5bb8ce332a,no
Astrology-Database/Birth-detail-collections/Charts Kala/Kala/Charts/Database/Muhurtas/Callenger Shuttle Crash.cht,Astrology-Database/Chart-Collections/Birth-detail-collections/Charts Kala/Kala/Charts/Database/Muhurtas/Callenger Shuttle Crash.cht,ac0c0e1c18439a53be85409cdd15be041d22917d2c8a3b2b77745f2d244cc964,ac0c0e1c18439a53be85409cdd15be041d22917d2c8a3b2b77745f2d244cc964,moved,Astrology/Chart-Collections,ac0c0e1c18439a53be85409cdd15be041d22917d2c8a3b2b77745f2d244cc964,no
Astrology-Database/Birth-detail-collections/Charts Kala/Kala/Charts/Database/Muhurtas/Columbia first flight.cht,Astrology-Database/Chart-Collections/Birth-detail-collections/Charts Kala/Kala/Charts/Database/Muhurtas/Columbia first flight.cht,1cbef01d2fc195909b05cafd0ad63acfbe5e569a44a9aaa25ef78853f8bb612f,1cbef01d2fc195909b05cafd0ad63acfbe5e569a44a9aaa25ef78853f8bb612f,moved,Astrology/Chart-Collections,1cbef01d2fc195909b05cafd0ad63acfbe5e569a44a9aaa25ef78853f8bb612f,no
Astrology-Database/Birth-detail-collections/Charts Kala/Kala/Charts/Database/Muhurtas/Columbia Shuttle Crash.cht,Astrology-Database/Chart-Collections/Birth-detail-collections/Charts Kala/Kala/Charts/Database/Muhurtas/Columbia Shuttle Crash.cht,0fb59d15e384833d50fa529174483b9c90f7432634fd8b0fbf200b0d74f04256,0fb59d15e384833d50fa529174483b9c90f7432634fd8b0fbf200b0d74f04256,moved,Astrology/Chart-Collections,0fb59d15e384833d50fa529174483b9c90f7432634fd8b0fbf200b0d74f04256,no
Astrology-Database/Birth-detail-collections/Charts Kala/Kala/Charts/Database/Muhurtas/Spirit of Saint Louis Take off.cht,Astrology-Database/Chart-Collections/Birth-detail-collections/Charts Kala/Kala/Charts/Database/Muhurtas/Spirit of Saint Louis Take off.cht,25fee76d805e67fcddfda45732576b57dac4901a075d05e2422fe44b9d0e361f,25fee76d805e67fcddfda45732576b57dac4901a075d05e2422fe44b9d0e361f,moved,Astrology/Chart-Collections,25fee76d805e67fcddfda45732576b57dac4901a075d05e2422fe44b9d0e361f,no
Astrology-Database/Birth-detail-collections/Charts Kala/Kala/Charts/Database/Muhurtas/Titanic.cht,Astrology-Database/Chart-Collections/Birth-detail-collections/Charts Kala/Kala/Charts/Database/Muhurtas/Titanic.cht,76cbc9150fe5f8629eb06310b4b2fff148748658aa2d9bb708dc64100df2af64,76cbc9150fe5f8629eb06310b4b2fff148748658aa2d9bb708dc64100df2af64,moved,Astrology/Chart-Collections,76cbc9150fe5f8629eb06310b4b2fff148748658aa2d9bb708dc64100df2af64,no
Astrology-Database/Birth-detail-collections/Charts Kala/Kala/Charts/Database/Musicians/Amelia Earhart.cht,Astrology-Database/Chart-Collections/Birth-detail-collections/Charts Kala/Kala/Charts/Database/Musicians/Amelia Earhart.cht,5964caa6dd8d7af3d1d354d7a61b623b7a72bfe7c7983009092051cf384085e1,5964caa6dd8d7af3d1d354d7a61b623b7a72bfe7c7983009092051cf384085e1,moved,Astrology/Chart-Collections,5964caa6dd8d7af3d1d354d7a61b623b7a72bfe7c7983009092051cf384085e1,no
Astrology-Database/Birth-detail-collections/Charts Kala/Kala/Charts/Database/Musicians/Anita Bryant.cht,Astrology-Database/Chart-Collections/Birth-detail-collections/Charts Kala/Kala/Charts/Database/Musicians/Anita Bryant.cht,88e27162041996980e1c888dcf70b471ab56660d10df00a7ff1d1f98d7c8ad3b,88e27162041996980e1c888dcf70b471ab56660d10df00a7ff1d1f98d7c8ad3b,moved,Astrology/Chart-Collections,88e27162041996980e1c888dcf70b471ab56660d10df00a7ff1d1f98d7c8ad3b,no
Astrology-Database/Birth-detail-collections/Charts Kala/Kala/Charts/Database/Musicians/Anton Bruckner.cht,Astrology-Database/Chart-Collections/Birth-detail-collections/Charts Kala/Kala/Charts/Database/Musicians/Anton Bruckner.cht,e89678f75cddc829eddc1727c3e5b3061e3773ff2befb6079bf800caa42fc401,e89678f75cddc829eddc1727c3e5b3061e3773ff2befb6079bf800caa42fc401,moved,Astrology/Chart-Collections,e89678f75cddc829eddc1727c3e5b3061e3773ff2befb6079bf800caa42fc401,no
Astrology-Database/Birth-detail-collections/Charts Kala/Kala/Charts/Database/Musicians/Barbara Mandrell.cht,Astrology-Database/Chart-Collections/Birth-detail-collections/Charts Kala/Kala/Charts/Database/Musicians/Barbara Mandrell.cht,5ce01f21fb8044820e2f7201566943418f7e58c8056d144a541fe9b8cdf30405,5ce01f21fb8044820e2f7201566943418f7e58c8056d144a541fe9b8cdf30405,moved,Astrology/Chart-Collections,5ce01f21fb8044820e2f7201566943418f7e58c8056d144a541fe9b8cdf30405,no
Astrology-Database/Birth-detail-collections/Charts Kala/Kala/Charts/Database/Musicians/Barbara Streisand.cht,Astrology-Database/Chart-Collections/Birth-detail-collections/Charts Kala/Kala/Charts/Database/Musicians/Barbara Streisand.cht,3a0364602021b63977a5155ab2860f70a1de6e5b748dd4b2a9454997393be93a,3a0364602021b63977a5155ab2860f70a1de6e5b748dd4b2a9454997393be93a,moved,Astrology/Chart-Collections,3a0364602021b63977a5155ab2860f70a1de6e5b748dd4b2a9454997393be93a,no
Astrology-Database/Birth-detail-collections/Charts Kala/Kala/Charts/Database/Musicians/Barry Manilow.cht,Astrology-Database/Chart-Collections/Birth-detail-collections/Charts Kala/Kala/Charts/Database/Musicians/Barry Manilow.cht,fac360d5b781bc7c245a0e3a88ba6940c0eb7c8c843ff677dc40e4d87144b4d1,fac360d5b781bc7c245a0e3a88ba6940c0eb7c8c843ff677dc40e4d87144b4d1,moved,Astrology/Chart-Collections,fac360d5b781bc7c245a0e3a88ba6940c0eb7c8c843ff677dc40e4d87144b4d1,no
Astrology-Database/Birth-detail-collections/Charts Kala/Kala/Charts/Database/Musicians/Beethoven.cht,Astrology-Database/Chart-Collections/Birth-detail-collections/Charts Kala/Kala/Charts/Database/Musicians/Beethoven.cht,abb745866b037557ee5dc8b3ca2406724fe429f41f57010e8691bf7dfa6aa592,abb745866b037557ee5dc8b3ca2406724fe429f41f57010e8691bf7dfa6aa592,moved,Astrology/Chart-Collections,abb745866b037557ee5dc8b3ca2406724fe429f41f57010e8691bf7dfa6aa592,no
Astrology-Database/Birth-detail-collections/Charts Kala/Kala/Charts/Database/Musicians/Billy Joel.cht,Astrology-Database/Chart-Collections/Birth-detail-collections/Charts Kala/Kala/Charts/Database/Musicians/Billy Joel.cht,6fd2e9093189728512df43372801d55596763cd23b433cca73b5ea3bdd518ade,6fd2e9093189728512df43372801d55596763cd23b433cca73b5ea3bdd518ade,moved,Astrology/Chart-Collections,6fd2e9093189728512df43372801d55596763cd23b433cca73b5ea3bdd518ade,no
Astrology-Database/Birth-detail-collections/Charts Kala/Kala/Charts/Database/Musicians/Bob Dylan.cht,Astrology-Database/Chart-Collections/Birth-detail-collections/Charts Kala/Kala/Charts/Database/Musicians/Bob Dylan.cht,c5012bab492e4ea40f3e3df30c9d38e7833d07f9ab593f50e7cd34a0915ea46e,c5012bab492e4ea40f3e3df30c9d38e7833d07f9ab593f50e7cd34a0915ea46e,moved,Astrology/Chart-Collections,c5012bab492e4ea40f3e3df30c9d38e7833d07f9ab593f50e7cd34a0915ea46e,no
Astrology-Database/Birth-detail-collections/Charts Kala/Kala/Charts/Database/Musicians/Buddy Holly.cht,Astrology-Database/Chart-Collections/Birth-detail-collections/Charts Kala/Kala/Charts/Database/Musicians/Buddy Holly.cht,4d67f5207d8aee9c1ea3bffd044c5fffde856cf391f9698c515be993075021e8,4d67f5207d8aee9c1ea3bffd044c5fffde856cf391f9698c515be993075021e8,moved,Astrology/Chart-Collections,4d67f5207d8aee9c1ea3bffd044c5fffde856cf391f9698c515be993075021e8,no
"Astrology-Database/Birth-detail-collections/Charts Kala/Kala/Charts/Database/Musicians/Cash, Johnny.cht","Astrology-Database/Chart-Collections/Birth-detail-collections/Charts Kala/Kala/Charts/Database/Musicians/Cash, Johnny.cht",c4e38cd267122c68cac5bd5aea175d7345362d2315204108afa4c9a32915a4df,c4e38cd267122c68cac5bd5aea175d7345362d2315204108afa4c9a32915a4df,moved,Astrology/Chart-Collections,c4e38cd267122c68cac5bd5aea175d7345362d2315204108afa4c9a32915a4df,no
Astrology-Database/Birth-detail-collections/Charts Kala/Kala/Charts/Database/Musicians/Catherine Norton.cht,Astrology-Database/Chart-Collections/Birth-detail-collections/Charts Kala/Kala/Charts/Database/Musicians/Catherine Norton.cht,14519808b246b64edc1ab29a7f44c59ac03c31918de00cebe412ea55ca88a963,14519808b246b64edc1ab29a7f44c59ac03c31918de00cebe412ea55ca88a963,moved,Astrology/Chart-Collections,14519808b246b64edc1ab29a7f44c59ac03c31918de00cebe412ea55ca88a963,no
Astrology-Database/Birth-detail-collections/Charts Kala/Kala/Charts/Database/Musicians/Chuck Berry.cht,Astrology-Database/Chart-Collections/Birth-detail-collections/Charts Kala/Kala/Charts/Database/Musicians/Chuck Berry.cht,fe740386ba10f0d016d703190ad9d4000025ae2fae95d783cdb22e6511032427,fe740386ba10f0d016d703190ad9d4000025ae2fae95d783cdb22e6511032427,moved,Astrology/Chart-Collections,fe740386ba10f0d016d703190ad9d4000025ae2fae95d783cdb22e6511032427,no
Astrology-Database/Birth-detail-collections/Charts Kala/Kala/Charts/Database/Musicians/Diane Ross.cht,Astrology-Database/Chart-Collections/Birth-detail-collections/Charts Kala/Kala/Charts/Database/Musicians/Diane Ross.cht,c0ffdfd8b93f70df8be1dddfac9a2e3a886c4ca243d45c7dbfc97d09ce67df39,c0ffdfd8b93f70df8be1dddfac9a2e3a886c4ca243d45c7dbfc97d09ce67df39,moved,Astrology/Chart-Collections,c0ffdfd8b93f70df8be1dddfac9a2e3a886c4ca243d45c7dbfc97d09ce67df39,no
Astrology-Database/Birth-detail-collections/Charts Kala/Kala/Charts/Database/Musicians/Dona Lewis.cht,Astrology-Database/Chart-Collections/Birth-detail-collections/Charts Kala/Kala/Charts/Database/Musicians/Dona Lewis.cht,d5156d52fc3fb6988e2102bc627c67528efe2b82ace00b1dbce41f73e97ad221,d5156d52fc3fb6988e2102bc627c67528efe2b82ace00b1dbce41f73e97ad221,moved,Astrology/Chart-Collections,d5156d52fc3fb6988e2102bc627c67528efe2b82ace00b1dbce41f73e97ad221,no
Astrology-Database/Birth-detail-collections/Charts Kala/Kala/Charts/Database/Musicians/Elton John.cht,Astrology-Database/Chart-Collections/Birth-detail-collections/Charts Kala/Kala/Charts/Database/Musicians/Elton John.cht,01e1a602e1678e87e7dbb37aafb98b6c91d2393adc3f08aa833a8f54303e2734,01e1a602e1678e87e7dbb37aafb98b6c91d2393adc3f08aa833a8f54303e2734,moved,Astrology/Chart-Collections,01e1a602e1678e87e7dbb37aafb98b6c91d2393adc3f08aa833a8f54303e2734,no
Astrology-Database/Birth-detail-collections/Charts Kala/Kala/Charts/Database/Musicians/Elvis Presley.cht,Astrology-Database/Chart-Collections/Birth-detail-collections/Charts Kala/Kala/Charts/Database/Musicians/Elvis Presley.cht,9a4030db3031e9697224536188ee1af9b2e0638fedfc6347ec7734f7bc938587,9a4030db3031e9697224536188ee1af9b2e0638fedfc6347ec7734f7bc938587,moved,Astrology/Chart-Collections,9a4030db3031e9697224536188ee1af9b2e0638fedfc6347ec7734f7bc938587,no
Astrology-Database/Birth-detail-collections/Charts Kala/Kala/Charts/Database/Musicians/George Gershwin.cht,Astrology-Database/Chart-Collections/Birth-detail-collections/Charts Kala/Kala/Charts/Database/Musicians/George Gershwin.cht,a968396438cec0ed736bd0cb02cccb2718d43d4941a330af06821fdd038a36d9,a968396438cec0ed736bd0cb02cccb2718d43d4941a330af06821fdd038a36d9,moved,Astrology/Chart-Collections,a968396438cec0ed736bd0cb02cccb2718d43d4941a330af06821fdd038a36d9,no
Astrology-Database/Birth-detail-collections/Charts Kala/Kala/Charts/Database/Musicians/Jack Jones.cht,Astrology-Database/Chart-Collections/Birth-detail-collections/Charts Kala/Kala/Charts/Database/Musicians/Jack Jones.cht,d3bacf45312f8ae8c67a746741c521dcf3edce78852fe84aa6b24a1fe244b54f,d3bacf45312f8ae8c67a746741c521dcf3edce78852fe84aa6b24a1fe244b54f,moved,Astrology/Chart-Collections,d3bacf45312f8ae8c67a746741c521dcf3edce78852fe84aa6b24a1fe244b54f,no
Astrology-Database/Birth-detail-collections/Charts Kala/Kala/Charts/Database/Musicians/Janis Joplin.cht,Astrology-Database/Chart-Collections/Birth-detail-collections/Charts Kala/Kala/Charts/Database/Musicians/Janis Joplin.cht,7c1afd39682eb9e661808779b3e5690001283117742087566ca7a8ef2bab920f,7c1afd39682eb9e661808779b3e5690001283117742087566ca7a8ef2bab920f,moved,Astrology/Chart-Collections,7c1afd39682eb9e661808779b3e5690001283117742087566ca7a8ef2bab920f,no
Astrology-Database/Birth-detail-collections/Charts Kala/Kala/Charts/Database/Musicians/Jenny LInd.cht,Astrology-Database/Chart-Collections/Birth-detail-collections/Charts Kala/Kala/Charts/Database/Musicians/Jenny LInd.cht,795c62dc53205242ba80f56e3f864309138e4d49e3b527cf05411704c62e7ab4,795c62dc53205242ba80f56e3f864309138e4d49e3b527cf05411704c62e7ab4,moved,Astrology/Chart-Collections,795c62dc53205242ba80f56e3f864309138e4d49e3b527cf05411704c62e7ab4,no
Astrology-Database/Birth-detail-collections/Charts Kala/Kala/Charts/Database/Musicians/Jim Morrison.cht,Astrology-Database/Chart-Collections/Birth-detail-collections/Charts Kala/Kala/Charts/Database/Musicians/Jim Morrison.cht,e883c229f6aa192f1775420a24b6f203369fce3eedfe623c605d96a0c77b1038,e883c229f6aa192f1775420a24b6f203369fce3eedfe623c605d96a0c77b1038,moved,Astrology/Chart-Collections,e883c229f6aa192f1775420a24b6f203369fce3eedfe623c605d96a0c77b1038,no
Astrology-Database/Birth-detail-collections/Charts Kala/Kala/Charts/Database/Musicians/John Lennon.cht,Astrology-Database/Chart-Collections/Birth-detail-collections/Charts Kala/Kala/Charts/Database/Musicians/John Lennon.cht,ca86776396087230b5612ecb4d941860109c01ae369331262d1171367202963c,ca86776396087230b5612ecb4d941860109c01ae369331262d1171367202963c,moved,Astrology/Chart-Collections,ca86776396087230b5612ecb4d941860109c01ae369331262d1171367202963c,no
Astrology-Database/Birth-detail-collections/Charts Kala/Kala/Charts/Database/Musicians/Kenny Rogers.cht,Astrology-Database/Chart-Collections/Birth-detail-collections/Charts Kala/Kala/Charts/Database/Musicians/Kenny Rogers.cht,4702cb3d25a63cca628c3cfa6715ab7695e41256c00c9e2dd78917d1f51bf23f,4702cb3d25a63cca628c3cfa6715ab7695e41256c00c9e2dd78917d1f51bf23f,moved,Astrology/Chart-Collections,4702cb3d25a63cca628c3cfa6715ab7695e41256c00c9e2dd78917d1f51bf23f,no
Astrology-Database/Birth-detail-collections/Charts Kala/Kala/Charts/Database/Musicians/Liberace.cht,Astrology-Database/Chart-Collections/Birth-detail-collections/Charts Kala/Kala/Charts/Database/Musicians/Liberace.cht,01a33a76c67c4c1b230f3aaab2830b755fe9196ef0f1d38a029545d60356fa53,01a33a76c67c4c1b230f3aaab2830b755fe9196ef0f1d38a029545d60356fa53,moved,Astrology/Chart-Collections,01a33a76c67c4c1b230f3aaab2830b755fe9196ef0f1d38a029545d60356fa53,no
Astrology-Database/Birth-detail-collections/Charts Kala/Kala/Charts/Database/Musicians/Luigi Boccherini.cht,Astrology-Database/Chart-Collections/Birth-detail-collections/Charts Kala/Kala/Charts/Database/Musicians/Luigi Boccherini.cht,b92818fff0cbcb3c872ef263e0785e48490c990116b9cbe519419737535c65ed,b92818fff0cbcb3c872ef263e0785e48490c990116b9cbe519419737535c65ed,moved,Astrology/Chart-Collections,b92818fff0cbcb3c872ef263e0785e48490c990116b9cbe519419737535c65ed,no
Astrology-Database/Birth-detail-collections/Charts Kala/Kala/Charts/Database/Musicians/Madonna.cht,Astrology-Database/Chart-Collections/Birth-detail-collections/Charts Kala/Kala/Charts/Database/Musicians/Madonna.cht,c2414959029d7ae69817e49f4c13d0794c03737fe8172fc4f0395ac6d56521bc,c2414959029d7ae69817e49f4c13d0794c03737fe8172fc4f0395ac6d56521bc,moved,Astrology/Chart-Collections,c2414959029d7ae69817e49f4c13d0794c03737fe8172fc4f0395ac6d56521bc,no
Astrology-Database/Birth-detail-collections/Charts Kala/Kala/Charts/Database/Musicians/Marilyn Manson.cht,Astrology-Database/Chart-Collections/Birth-detail-collections/Charts Kala/Kala/Charts/Database/Musicians/Marilyn Manson.cht,ba4d124a5e7dc2b8bf39cec9ca99e968b2397ddf5bcd8cebb501050b13660bde,ba4d124a5e7dc2b8bf39cec9ca99e968b2397ddf5bcd8cebb501050b13660bde,moved,Astrology/Chart-Collections,ba4d124a5e7dc2b8bf39cec9ca99e968b2397ddf5bcd8cebb501050b13660bde,no
Astrology-Database/Birth-detail-collections/Charts Kala/Kala/Charts/Database/Musicians/MIchael Jackson.cht,Astrology-Database/Chart-Collections/Birth-detail-collections/Charts Kala/Kala/Charts/Database/Musicians/MIchael Jackson.cht,5dd0ffef4933ed1a9c3302aaadfe9a66dfe04ce47e6d3563201fb19fa7269e04,5dd0ffef4933ed1a9c3302aaadfe9a66dfe04ce47e6d3563201fb19fa7269e04,moved,Astrology/Chart-Collections,5dd0ffef4933ed1a9c3302aaadfe9a66dfe04ce47e6d3563201fb19fa7269e04,no
Astrology-Database/Birth-detail-collections/Charts Kala/Kala/Charts/Database/Musicians/Micheal Nesmith.cht,Astrology-Database/Chart-Collections/Birth-detail-collections/Charts Kala/Kala/Charts/Database/Musicians/Micheal Nesmith.cht,dd42fb86a699fae4dc2fdf82c100edb1d7795cdb9e01dc92d16a0050111d9c49,dd42fb86a699fae4dc2fdf82c100edb1d7795cdb9e01dc92d16a0050111d9c49,moved,Astrology/Chart-Collections,dd42fb86a699fae4dc2fdf82c100edb1d7795cdb9e01dc92d16a0050111d9c49,no
Astrology-Database/Birth-detail-collections/Charts Kala/Kala/Charts/Database/Musicians/Miles Davis.cht,Astrology-Database/Chart-Collections/Birth-detail-collections/Charts Kala/Kala/Charts/Database/Musicians/Miles Davis.cht,7faf8c5569d98a5a7fe8a8c1f90eca4fdda9e28137261abc73a705a9f0ad49ff,7faf8c5569d98a5a7fe8a8c1f90eca4fdda9e28137261abc73a705a9f0ad49ff,moved,Astrology/Chart-Collections,7faf8c5569d98a5a7fe8a8c1f90eca4fdda9e28137261abc73a705a9f0ad49ff,no
"Astrology-Database/Birth-detail-collections/Charts Kala/Kala/Charts/Database/Musicians/Nicks, Stevie.cht","Astrology-Database/Chart-Collections/Birth-detail-collections/Charts Kala/Kala/Charts/Database/Musicians/Nicks, Stevie.cht",1c13557ac5aba065b578b3ccf4a66d5d015bc8252acf996abb8edb657f0cc019,1c13557ac5aba065b578b3ccf4a66d5d015bc8252acf996abb8edb657f0cc019,moved,Astrology/Chart-Collections,1c13557ac5aba065b578b3ccf4a66d5d015bc8252acf996abb8edb657f0cc019,no
Astrology-Database/Birth-detail-collections/Charts Kala/Kala/Charts/Database/Musicians/Olivia Newton-John.cht,Astrology-Database/Chart-Collections/Birth-detail-collections/Charts Kala/Kala/Charts/Database/Musicians/Olivia Newton-John.cht,a73032a146e46dfceb78826fa21a2ca7c3b5004bfe13da9c02438659978a6f97,a73032a146e46dfceb78826fa21a2ca7c3b5004bfe13da9c02438659978a6f97,moved,Astrology/Chart-Collections,a73032a146e46dfceb78826fa21a2ca7c3b5004bfe13da9c02438659978a6f97,no
Astrology-Database/Birth-detail-collections/Charts Kala/Kala/Charts/Database/Musicians/Paul McCartney.cht,Astrology-Database/Chart-Collections/Birth-detail-collections/Charts Kala/Kala/Charts/Database/Musicians/Paul McCartney.cht,9413bec9c05418a6fe320ae35297fef6095b1dc88c9e9647424fa0ca5e353813,9413bec9c05418a6fe320ae35297fef6095b1dc88c9e9647424fa0ca5e353813,moved,Astrology/Chart-Collections,9413bec9c05418a6fe320ae35297fef6095b1dc88c9e9647424fa0ca5e353813,no
Astrology-Database/Birth-detail-collections/Charts Kala/Kala/Charts/Database/Musicians/Paul Simon.cht,Astrology-Database/Chart-Collections/Birth-detail-collections/Charts Kala/Kala/Charts/Database/Musicians/Paul Simon.cht,a47cc452a35416246370d2f5eb0e6cfe221c70a8f486dc992df6307e8aea6c7b,a47cc452a35416246370d2f5eb0e6cfe221c70a8f486dc992df6307e8aea6c7b,moved,Astrology/Chart-Collections,a47cc452a35416246370d2f5eb0e6cfe221c70a8f486dc992df6307e8aea6c7b,no
Astrology-Database/Birth-detail-collections/Charts Kala/Kala/Charts/Database/Musicians/Peter Gabriel.cht,Astrology-Database/Chart-Collections/Birth-detail-collections/Charts Kala/Kala/Charts/Database/Musicians/Peter Gabriel.cht,5cacd7371645e8c8b1ca26e5e8b3fa5e8768288b1f020d189fba6605a91b4439,5cacd7371645e8c8b1ca26e5e8b3fa5e8768288b1f020d189fba6605a91b4439,moved,Astrology/Chart-Collections,5cacd7371645e8c8b1ca26e5e8b3fa5e8768288b1f020d189fba6605a91b4439,no
Astrology-Database/Birth-detail-collections/Charts Kala/Kala/Charts/Database/Musicians/Prince.cht,Astrology-Database/Chart-Collections/Birth-detail-collections/Charts Kala/Kala/Charts/Database/Musicians/Prince.cht,728169af700d614dd2303f56ea57b574202aedfeecdc97b362f75fa36aea49b3,728169af700d614dd2303f56ea57b574202aedfeecdc97b362f75fa36aea49b3,moved,Astrology/Chart-Collections,728169af700d614dd2303f56ea57b574202aedfeecdc97b362f75fa36aea49b3,no
Astrology-Database/Birth-detail-collections/Charts Kala/Kala/Charts/Database/Musicians/Roy Rogers.cht,Astrology-Database/Chart-Collections/Birth-detail-collections/Charts Kala/Kala/Charts/Database/Musicians/Roy Rogers.cht,5f8c8736d7c705c6eeac498643b3fd76166e0ba27b52741b96eaf85a76f6934a,5f8c8736d7c705c6eeac498643b3fd76166e0ba27b52741b96eaf85a76f6934a,moved,Astrology/Chart-Collections,5f8c8736d7c705c6eeac498643b3fd76166e0ba27b52741b96eaf85a76f6934a,no
Astrology-Database/Birth-detail-collections/Charts Kala/Kala/Charts/Database/Musicians/Stevie Wonder.cht,Astrology-Database/Chart-Collections/Birth-detail-collections/Charts Kala/Kala/Charts/Database/Musicians/Stevie Wonder.cht,0fa39fbd96c7c12a356ff05bb490b3c6013fd5c8110f39aabe73118309ba2705,0fa39fbd96c7c12a356ff05bb490b3c6013fd5c8110f39aabe73118309ba2705,moved,Astrology/Chart-Collections,0fa39fbd96c7c12a356ff05bb490b3c6013fd5c8110f39aabe73118309ba2705,no
Astrology-Database/Birth-detail-collections/Charts Kala/Kala/Charts/Database/Musicians/Van Cliburn.cht,Astrology-Database/Chart-Collections/Birth-detail-collections/Charts Kala/Kala/Charts/Database/Musicians/Van Cliburn.cht,cf2eb71846db6e46fb005131da501efedda56b89b8df6fae7ff40de67a6ecd50,cf2eb71846db6e46fb005131da501efedda56b89b8df6fae7ff40de67a6ecd50,moved,Astrology/Chart-Collections,cf2eb71846db6e46fb005131da501efedda56b89b8df6fae7ff40de67a6ecd50,no
Astrology-Database/Birth-detail-collections/Charts Kala/Kala/Charts/Database/Musicians/Wolfgang Mozart.cht,Astrology-Database/Chart-Collections/Birth-detail-collections/Charts Kala/Kala/Charts/Database/Musicians/Wolfgang Mozart.cht,ad23533373e51da6254de5a1c0bdf77da9c35fd4ffa513ae29162e336bbb3eef,ad23533373e51da6254de5a1c0bdf77da9c35fd4ffa513ae29162e336bbb3eef,moved,Astrology/Chart-Collections,ad23533373e51da6254de5a1c0bdf77da9c35fd4ffa513ae29162e336bbb3eef,no
Astrology-Database/Birth-detail-collections/Charts Kala/Kala/Charts/Database/Number of Chidren/# Children 01.cht,Astrology-Database/Chart-Collections/Birth-detail-collections/Charts Kala/Kala/Charts/Database/Number of Chidren/# Children 01.cht,16efc5193fdce10ed096cf7db39bdf73a4856664c2333a7e016f9276a2205558,16efc5193fdce10ed096cf7db39bdf73a4856664c2333a7e016f9276a2205558,moved,Astrology/Chart-Collections,16efc5193fdce10ed096cf7db39bdf73a4856664c2333a7e016f9276a2205558,no
Astrology-Database/Birth-detail-collections/Charts Kala/Kala/Charts/Database/Number of Chidren/# Children 02.cht,Astrology-Database/Chart-Collections/Birth-detail-collections/Charts Kala/Kala/Charts/Database/Number of Chidren/# Children 02.cht,3116c54f70664652ef9e9be4e277d1cfb9f1358037138fdaa1559ffa4a761614,3116c54f70664652ef9e9be4e277d1cfb9f1358037138fdaa1559ffa4a761614,moved,Astrology/Chart-Collections,3116c54f70664652ef9e9be4e277d1cfb9f1358037138fdaa1559ffa4a761614,no
Astrology-Database/Birth-detail-collections/Charts Kala/Kala/Charts/Database/Number of Chidren/# Children 03.cht,Astrology-Database/Chart-Collections/Birth-detail-collections/Charts Kala/Kala/Charts/Database/Number of Chidren/# Children 03.cht,073a70d82898bb3f57c57e9eb93b6f34ffc98bf4f95de903361381794280b920,073a70d82898bb3f57c57e9eb93b6f34ffc98bf4f95de903361381794280b920,moved,Astrology/Chart-Collections,073a70d82898bb3f57c57e9eb93b6f34ffc98bf4f95de903361381794280b920,no
Astrology-Database/Birth-detail-collections/Charts Kala/Kala/Charts/Database/Number of Chidren/# Children 04.cht,Astrology-Database/Chart-Collections/Birth-detail-collections/Charts Kala/Kala/Charts/Database/Number of Chidren/# Children 04.cht,238c8f31e7a1bf340fb0bb48a02fd54fc3dd3b0642b5d957eac7ca55901b1bfd,238c8f31e7a1bf340fb0bb48a02fd54fc3dd3b0642b5d957eac7ca55901b1bfd,moved,Astrology/Chart-Collections,238c8f31e7a1bf340fb0bb48a02fd54fc3dd3b0642b5d957eac7ca55901b1bfd,no
Astrology-Database/Birth-detail-collections/Charts Kala/Kala/Charts/Database/Number of Chidren/# Children 05.cht,Astrology-Database/Chart-Collections/Birth-detail-collections/Charts Kala/Kala/Charts/Database/Number of Chidren/# Children 05.cht,c8a82276663eb42dc6b1cd23d378c21cc98c44527866e31c45d9354117358535,c8a82276663eb42dc6b1cd23d378c21cc98c44527866e31c45d9354117358535,moved,Astrology/Chart-Collections,c8a82276663eb42dc6b1cd23d378c21cc98c44527866e31c45d9354117358535,no
Astrology-Database/Birth-detail-collections/Charts Kala/Kala/Charts/Database/Number of Chidren/# Children 06.cht,Astrology-Database/Chart-Collections/Birth-detail-collections/Charts Kala/Kala/Charts/Database/Number of Chidren/# Children 06.cht,94c21365a253b069ba44f9df197fd0d154de37aa0762b1c8a0fd39027d46baef,94c21365a253b069ba44f9df197fd0d154de37aa0762b1c8a0fd39027d46baef,moved,Astrology/Chart-Collections,94c21365a253b069ba44f9df197fd0d154de37aa0762b1c8a0fd39027d46baef,no
Astrology-Database/Birth-detail-collections/Charts Kala/Kala/Charts/Database/Number of Chidren/# Children 07.cht,Astrology-Database/Chart-Collections/Birth-detail-collections/Charts Kala/Kala/Charts/Database/Number of Chidren/# Children 07.cht,a0eb43eaf54d33cb6e4f01cbaea366d3247342e73803bb51091f437c5aaf5070,a0eb43eaf54d33cb6e4f01cbaea366d3247342e73803bb51091f437c5aaf5070,moved,Astrology/Chart-Collections,a0eb43eaf54d33cb6e4f01cbaea366d3247342e73803bb51091f437c5aaf5070,no
Astrology-Database/Birth-detail-collections/Charts Kala/Kala/Charts/Database/Number of Chidren/# Children 08.cht,Astrology-Database/Chart-Collections/Birth-detail-collections/Charts Kala/Kala/Charts/Database/Number of Chidren/# Children 08.cht,7ce1348879bb134f729154d0d80e7c8535b492abcbeba59224a8802969d38149,7ce1348879bb134f729154d0d80e7c8535b492abcbeba59224a8802969d38149,moved,Astrology/Chart-Collections,7ce1348879bb134f729154d0d80e7c8535b492abcbeba59224a8802969d38149,no
Astrology-Database/Birth-detail-collections/Charts Kala/Kala/Charts/Database/Number of Chidren/# Children 09.cht,Astrology-Database/Chart-Collections/Birth-detail-collections/Charts Kala/Kala/Charts/Database/Number of Chidren/# Children 09.cht,028070d10f0f74e2ecc512ffe5ec8b110d7f1fad59d983e0a5b0cd688a847a37,028070d10f0f74e2ecc512ffe5ec8b110d7f1fad59d983e0a5b0cd688a847a37,moved,Astrology/Chart-Collections,028070d10f0f74e2ecc512ffe5ec8b110d7f1fad59d983e0a5b0cd688a847a37,no
Astrology-Database/Birth-detail-collections/Charts Kala/Kala/Charts/Database/Philosophers_Gurus/Alica Bailey.cht,Astrology-Database/Chart-Collections/Birth-detail-collections/Charts Kala/Kala/Charts/Database/Philosophers_Gurus/Alica Bailey.cht,0d8bf6e365740daa7bf48ec0e2aca06c44915ee85f49c5ef3edcb8d8cea0f4c7,0d8bf6e365740daa7bf48ec0e2aca06c44915ee85f49c5ef3edcb8d8cea0f4c7,moved,Astrology/Chart-Collections,0d8bf6e365740daa7bf48ec0e2aca06c44915ee85f49c5ef3edcb8d8cea0f4c7,no
Astrology-Database/Birth-detail-collections/Charts Kala/Kala/Charts/Database/Philosophers_Gurus/Anandamayi Ma.cht,Astrology-Database/Chart-Collections/Birth-detail-collections/Charts Kala/Kala/Charts/Database/Philosophers_Gurus/Anandamayi Ma.cht,02d43187ce2b3c4cbb683f8ca3e67e3719e72610237d2cb36965bae12b574703,02d43187ce2b3c4cbb683f8ca3e67e3719e72610237d2cb36965bae12b574703,moved,Astrology/Chart-Collections,02d43187ce2b3c4cbb683f8ca3e67e3719e72610237d2cb36965bae12b574703,no
Astrology-Database/Birth-detail-collections/Charts Kala/Kala/Charts/Database/Philosophers_Gurus/Annie Besant.cht,Astrology-Database/Chart-Collections/Birth-detail-collections/Charts Kala/Kala/Charts/Database/Philosophers_Gurus/Annie Besant.cht,c348914c9cfc88ec9ccd79fe43a31c66faa11e663ec156ad09e20dad4520fe52,c348914c9cfc88ec9ccd79fe43a31c66faa11e663ec156ad09e20dad4520fe52,moved,Astrology/Chart-Collections,c348914c9cfc88ec9ccd79fe43a31c66faa11e663ec156ad09e20dad4520fe52,no
Astrology-Database/Birth-detail-collections/Charts Kala/Kala/Charts/Database/Philosophers_Gurus/Baruch Spinoza.cht,Astrology-Database/Chart-Collections/Birth-detail-collections/Charts Kala/Kala/Charts/Database/Philosophers_Gurus/Baruch Spinoza.cht,a37c73dbea3741773856c3e4df2f34cdb54a30843efe827f61e73d9b65c20832,a37c73dbea3741773856c3e4df2f34cdb54a30843efe827f61e73d9b65c20832,moved,Astrology/Chart-Collections,a37c73dbea3741773856c3e4df2f34cdb54a30843efe827f61e73d9b65c20832,no
Astrology-Database/Birth-detail-collections/Charts Kala/Kala/Charts/Database/Philosophers_Gurus/Billy Craham.cht,Astrology-Database/Chart-Collections/Birth-detail-collections/Charts Kala/Kala/Charts/Database/Philosophers_Gurus/Billy Craham.cht,ffb80be24b7805123aa3a0689429d84a294c624a2a570b70bb6b9de329106b39,ffb80be24b7805123aa3a0689429d84a294c624a2a570b70bb6b9de329106b39,moved,Astrology/Chart-Collections,ffb80be24b7805123aa3a0689429d84a294c624a2a570b70bb6b9de329106b39,no
Astrology-Database/Birth-detail-collections/Charts Kala/Kala/Charts/Database/Philosophers_Gurus/Buddha.cht,Astrology-Database/Chart-Collections/Birth-detail-collections/Charts Kala/Kala/Charts/Database/Philosophers_Gurus/Buddha.cht,c074036d8bbb8da6a4eaf580291335c9aea926d9fb0ab2e8d74dfbc226bb0c85,c074036d8bbb8da6a4eaf580291335c9aea926d9fb0ab2e8d74dfbc226bb0c85,moved,Astrology/Chart-Collections,c074036d8bbb8da6a4eaf580291335c9aea926d9fb0ab2e8d74dfbc226bb0c85,no
Astrology-Database/Birth-detail-collections/Charts Kala/Kala/Charts/Database/Philosophers_Gurus/Carl Jung.cht,Astrology-Database/Chart-Collections/Birth-detail-collections/Charts Kala/Kala/Charts/Database/Philosophers_Gurus/Carl Jung.cht,0bdff8ce3c6ae124b77948e4ce8a6956ba7ffb859343891af70a3ec0528c6481,0bdff8ce3c6ae124b77948e4ce8a6956ba7ffb859343891af70a3ec0528c6481,moved,Astrology/Chart-Collections,0bdff8ce3c6ae124b77948e4ce8a6956ba7ffb859343891af70a3ec0528c6481,no
Astrology-Database/Birth-detail-collections/Charts Kala/Kala/Charts/Database/Philosophers_Gurus/Chaitanya Mahaprabhu.cht,Astrology-Database/Chart-Collections/Birth-detail-collections/Charts Kala/Kala/Charts/Database/Philosophers_Gurus/Chaitanya Mahaprabhu.cht,957a3909939bb58d6bbe450708ba9df84735668842574eb3ef0a64e0791e22df,957a3909939bb58d6bbe450708ba9df84735668842574eb3ef0a64e0791e22df,moved,Astrology/Chart-Collections,957a3909939bb58d6bbe450708ba9df84735668842574eb3ef0a64e0791e22df,no
Astrology-Database/Birth-detail-collections/Charts Kala/Kala/Charts/Database/Philosophers_Gurus/Ernest Renan.cht,Astrology-Database/Chart-Collections/Birth-detail-collections/Charts Kala/Kala/Charts/Database/Philosophers_Gurus/Ernest Renan.cht,4f128b22bb544bce10b32254ba4994b2678f879274a47dc53f4f1a125a1f9f5a,4f128b22bb544bce10b32254ba4994b2678f879274a47dc53f4f1a125a1f9f5a,moved,Astrology/Chart-Collections,4f128b22bb544bce10b32254ba4994b2678f879274a47dc53f4f1a125a1f9f5a,no
Astrology-Database/Birth-detail-collections/Charts Kala/Kala/Charts/Database/Philosophers_Gurus/Gandhi.cht,Astrology-Database/Chart-Collections/Birth-detail-collections/Charts Kala/Kala/Charts/Database/Philosophers_Gurus/Gandhi.cht,9eec1bf62a563ee3feab91b44e9dbca3209ecc617cffa7ca6c4ec1e4ef929434,9eec1bf62a563ee3feab91b44e9dbca3209ecc617cffa7ca6c4ec1e4ef929434,moved,Astrology/Chart-Collections,9eec1bf62a563ee3feab91b44e9dbca3209ecc617cffa7ca6c4ec1e4ef929434,no
Astrology-Database/Birth-detail-collections/Charts Kala/Kala/Charts/Database/Philosophers_Gurus/Guru Mayi.cht,Astrology-Database/Chart-Collections/Birth-detail-collections/Charts Kala/Kala/Charts/Database/Philosophers_Gurus/Guru Mayi.cht,82ea8335e1a54b6194d179f290e49de30f6b27f2a8955b4316c1cf6a924b9f7f,82ea8335e1a54b6194d179f290e49de30f6b27f2a8955b4316c1cf6a924b9f7f,moved,Astrology/Chart-Collections,82ea8335e1a54b6194d179f290e49de30f6b27f2a8955b4316c1cf6a924b9f7f,no
"Astrology-Database/Birth-detail-collections/Charts Kala/Kala/Charts/Database/Philosophers_Gurus/Hubbard, L. Ron.cht","Astrology-Database/Chart-Collections/Birth-detail-collections/Charts Kala/Kala/Charts/Database/Philosophers_Gurus/Hubbard, L. Ron.cht",01e4d25fe1cbff965296cff66ab46f7218e106aefc2bdbc3a3775f8ea3faa715,01e4d25fe1cbff965296cff66ab46f7218e106aefc2bdbc3a3775f8ea3faa715,moved,Astrology/Chart-Collections,01e4d25fe1cbff965296cff66ab46f7218e106aefc2bdbc3a3775f8ea3faa715,no
Astrology-Database/Birth-detail-collections/Charts Kala/Kala/Charts/Database/Philosophers_Gurus/Jane Baker.cht,Astrology-Database/Chart-Collections/Birth-detail-collections/Charts Kala/Kala/Charts/Database/Philosophers_Gurus/Jane Baker.cht,30267381ee3c97209707b66d6225801ca0ffcbf354a20a32c4d7d9bc21e0549f,30267381ee3c97209707b66d6225801ca0ffcbf354a20a32c4d7d9bc21e0549f,moved,Astrology/Chart-Collections,30267381ee3c97209707b66d6225801ca0ffcbf354a20a32c4d7d9bc21e0549f,no
Astrology-Database/Birth-detail-collections/Charts Kala/Kala/Charts/Database/Philosophers_Gurus/Jerry Falwell.cht,Astrology-Database/Chart-Collections/Birth-detail-collections/Charts Kala/Kala/Charts/Database/Philosophers_Gurus/Jerry Falwell.cht,168a72d4c0d91fc95a5f02d119e57aaafad2d2543bcbf5b792ae6e108e222a53,168a72d4c0d91fc95a5f02d119e57aaafad2d2543bcbf5b792ae6e108e222a53,moved,Astrology/Chart-Collections,168a72d4c0d91fc95a5f02d119e57aaafad2d2543bcbf5b792ae6e108e222a53,no
Astrology-Database/Birth-detail-collections/Charts Kala/Kala/Charts/Database/Philosophers_Gurus/Jesse Jackson.cht,Astrology-Database/Chart-Collections/Birth-detail-collections/Charts Kala/Kala/Charts/Database/Philosophers_Gurus/Jesse Jackson.cht,58a5d70432198b9fdf99f94c3581438db392814d8bcaece7b1a81c79cfabb210,58a5d70432198b9fdf99f94c3581438db392814d8bcaece7b1a81c79cfabb210,moved,Astrology/Chart-Collections,58a5d70432198b9fdf99f94c3581438db392814d8bcaece7b1a81c79cfabb210,no
Astrology-Database/Birth-detail-collections/Charts Kala/Kala/Charts/Database/Philosophers_Gurus/Jim Jones.cht,Astrology-Database/Chart-Collections/Birth-detail-collections/Charts Kala/Kala/Charts/Database/Philosophers_Gurus/Jim Jones.cht,9b1a4f46f7bd9bcb30522995fc71ecb2b2ce681c34b6ebd564f37521a6f494d8,9b1a4f46f7bd9bcb30522995fc71ecb2b2ce681c34b6ebd564f37521a6f494d8,moved,Astrology/Chart-Collections,9b1a4f46f7bd9bcb30522995fc71ecb2b2ce681c34b6ebd564f37521a6f494d8,no
Astrology-Database/Birth-detail-collections/Charts Kala/Kala/Charts/Database/Philosophers_Gurus/John Paul  2nd.cht,Astrology-Database/Chart-Collections/Birth-detail-collections/Charts Kala/Kala/Charts/Database/Philosophers_Gurus/John Paul  2nd.cht,1570a3409c8b5f2281fa2c913f71f82604b7b73a9b84a4d0cde7e8404d47b240,1570a3409c8b5f2281fa2c913f71f82604b7b73a9b84a4d0cde7e8404d47b240,moved,Astrology/Chart-Collections,1570a3409c8b5f2281fa2c913f71f82604b7b73a9b84a4d0cde7e8404d47b240,no
Astrology-Database/Birth-detail-collections/Charts Kala/Kala/Charts/Database/Philosophers_Gurus/John Paul 1st.cht,Astrology-Database/Chart-Collections/Birth-detail-collections/Charts Kala/Kala/Charts/Database/Philosophers_Gurus/John Paul 1st.cht,866df5d04dc7ea4a2f1b9d9a10fb32feb8f53b61802e4a8c34beeeb91b7d015a,866df5d04dc7ea4a2f1b9d9a10fb32feb8f53b61802e4a8c34beeeb91b7d015a,moved,Astrology/Chart-Collections,866df5d04dc7ea4a2f1b9d9a10fb32feb8f53b61802e4a8c34beeeb91b7d015a,no
Astrology-Database/Birth-detail-collections/Charts Kala/Kala/Charts/Database/Philosophers_Gurus/Karl Marx.cht,Astrology-Database/Chart-Collections/Birth-detail-collections/Charts Kala/Kala/Charts/Database/Philosophers_Gurus/Karl Marx.cht,3d6e4a52aa6ffdfc785dc812206cccd99c6f94cf1e6bc294930ae42e9188c868,3d6e4a52aa6ffdfc785dc812206cccd99c6f94cf1e6bc294930ae42e9188c868,moved,Astrology/Chart-Collections,3d6e4a52aa6ffdfc785dc812206cccd99c6f94cf1e6bc294930ae42e9188c868,no
Astrology-Database/Birth-detail-collections/Charts Kala/Kala/Charts/Database/Philosophers_Gurus/Krishnamurthi.cht,Astrology-Database/Chart-Collections/Birth-detail-collections/Charts Kala/Kala/Charts/Database/Philosophers_Gurus/Krishnamurthi.cht,ae5f279d2a27dd7a8818ca1e8394c8ddbecdbb93dd13e23b4a4e79128cde8362,ae5f279d2a27dd7a8818ca1e8394c8ddbecdbb93dd13e23b4a4e79128cde8362,moved,Astrology/Chart-Collections,ae5f279d2a27dd7a8818ca1e8394c8ddbecdbb93dd13e23b4a4e79128cde8362,no
Astrology-Database/Birth-detail-collections/Charts Kala/Kala/Charts/Database/Philosophers_Gurus/Martin Luther King.cht,Astrology-Database/Chart-Collections/Birth-detail-collections/Charts Kala/Kala/Charts/Database/Philosophers_Gurus/Martin Luther King.cht,33a6304613e10ce0495154541111a9c00d9787495782e2bb49be4f9f54cf5ec3,33a6304613e10ce0495154541111a9c00d9787495782e2bb49be4f9f54cf5ec3,moved,Astrology/Chart-Collections,33a6304613e10ce0495154541111a9c00d9787495782e2bb49be4f9f54cf5ec3,no
Astrology-Database/Birth-detail-collections/Charts Kala/Kala/Charts/Database/Philosophers_Gurus/Mata Amritanandamayi.cht,Astrology-Database/Chart-Collections/Birth-detail-collections/Charts Kala/Kala/Charts/Database/Philosophers_Gurus/Mata Amritanandamayi.cht,40afccb24c463ed08bedd4411bd6612ea4071560892a6c08b6b2b255dd035b60,40afccb24c463ed08bedd4411bd6612ea4071560892a6c08b6b2b255dd035b60,moved,Astrology/Chart-Collections,40afccb24c463ed08bedd4411bd6612ea4071560892a6c08b6b2b255dd035b60,no
Astrology-Database/Birth-detail-collections/Charts Kala/Kala/Charts/Database/Philosophers_Gurus/Meher Baba.cht,Astrology-Database/Chart-Collections/Birth-detail-collections/Charts Kala/Kala/Charts/Database/Philosophers_Gurus/Meher Baba.cht,6887c872e2434f825056d5db2f45cded79f5d5a679128852c80cb743a6547695,6887c872e2434f825056d5db2f45cded79f5d5a679128852c80cb743a6547695,moved,Astrology/Chart-Collections,6887c872e2434f825056d5db2f45cded79f5d5a679128852c80cb743a6547695,no
Astrology-Database/Birth-detail-collections/Charts Kala/Kala/Charts/Database/Philosophers_Gurus/Mother Teresa.cht,Astrology-Database/Chart-Collections/Birth-detail-collections/Charts Kala/Kala/Charts/Database/Philosophers_Gurus/Mother Teresa.cht,402215afbc3f168d836db9038f52395810b0a312134ad30e6836f549964756db,402215afbc3f168d836db9038f52395810b0a312134ad30e6836f549964756db,moved,Astrology/Chart-Collections,402215afbc3f168d836db9038f52395810b0a312134ad30e6836f549964756db,no
Astrology-Database/Birth-detail-collections/Charts Kala/Kala/Charts/Database/Philosophers_Gurus/Paramahamsa Yogananda.cht,Astrology-Database/Chart-Collections/Birth-detail-collections/Charts Kala/Kala/Charts/Database/Philosophers_Gurus/Paramahamsa Yogananda.cht,49ce93eb42ba667ba96c24622d3950103e0a2484578d9579bf1ed0a64cd89391,49ce93eb42ba667ba96c24622d3950103e0a2484578d9579bf1ed0a64cd89391,moved,Astrology/Chart-Collections,49ce93eb42ba667ba96c24622d3950103e0a2484578d9579bf1ed0a64cd89391,no
Astrology-Database/Birth-detail-collections/Charts Kala/Kala/Charts/Database/Philosophers_Gurus/Pierre Chardin.cht,Astrology-Database/Chart-Collections/Birth-detail-collections/Charts Kala/Kala/Charts/Database/Philosophers_Gurus/Pierre Chardin.cht,cdd6979d6ef4c5fe153fb7b27bdf67a5c3c07a80d77c33c11ee968c130243571,cdd6979d6ef4c5fe153fb7b27bdf67a5c3c07a80d77c33c11ee968c130243571,moved,Astrology/Chart-Collections,cdd6979d6ef4c5fe153fb7b27bdf67a5c3c07a80d77c33c11ee968c130243571,no
Astrology-Database/Birth-detail-collections/Charts Kala/Kala/Charts/Database/Philosophers_Gurus/Prabhupada.cht,Astrology-Database/Chart-Collections/Birth-detail-collections/Charts Kala/Kala/Charts/Database/Philosophers_Gurus/Prabhupada.cht,8a6e42bc5d2c409646faf476901606c3f7b69de7a1aa2de82816d43bdde440ad,8a6e42bc5d2c409646faf476901606c3f7b69de7a1aa2de82816d43bdde440ad,moved,Astrology/Chart-Collections,8a6e42bc5d2c409646faf476901606c3f7b69de7a1aa2de82816d43bdde440ad,no
Astrology-Database/Birth-detail-collections/Charts Kala/Kala/Charts/Database/Philosophers_Gurus/Rajneesh.cht,Astrology-Database/Chart-Collections/Birth-detail-collections/Charts Kala/Kala/Charts/Database/Philosophers_Gurus/Rajneesh.cht,ac1b185c39ab6820ab584271194e04b85a1d5d02262e4816ac46c228f1c9e4fb,ac1b185c39ab6820ab584271194e04b85a1d5d02262e4816ac46c228f1c9e4fb,moved,Astrology/Chart-Collections,ac1b185c39ab6820ab584271194e04b85a1d5d02262e4816ac46c228f1c9e4fb,no
Astrology-Database/Birth-detail-collections/Charts Kala/Kala/Charts/Database/Philosophers_Gurus/Ramakrishna.cht,Astrology-Database/Chart-Collections/Birth-detail-collections/Charts Kala/Kala/Charts/Database/Philosophers_Gurus/Ramakrishna.cht,3a3c8f5e61680d2a3701c12399b0b125a9aa7be70a0603fc42ee36a8e34fd359,3a3c8f5e61680d2a3701c12399b0b125a9aa7be70a0603fc42ee36a8e34fd359,moved,Astrology/Chart-Collections,3a3c8f5e61680d2a3701c12399b0b125a9aa7be70a0603fc42ee36a8e34fd359,no
Astrology-Database/Birth-detail-collections/Charts Kala/Kala/Charts/Database/Philosophers_Gurus/Ramana Maharshi.cht,Astrology-Database/Chart-Collections/Birth-detail-collections/Charts Kala/Kala/Charts/Database/Philosophers_Gurus/Ramana Maharshi.cht,47e7cbfcd9328df2294d031c803bd4042f24fd7029948d076c9b57d3a2cf5732,47e7cbfcd9328df2294d031c803bd4042f24fd7029948d076c9b57d3a2cf5732,moved,Astrology/Chart-Collections,47e7cbfcd9328df2294d031c803bd4042f24fd7029948d076c9b57d3a2cf5732,no
Astrology-Database/Birth-detail-collections/Charts Kala/Kala/Charts/Database/Philosophers_Gurus/Sai Baba.cht,Astrology-Database/Chart-Collections/Birth-detail-collections/Charts Kala/Kala/Charts/Database/Philosophers_Gurus/Sai Baba.cht,5a7d53c7fb2897f1db001ecad2e2da874aec93a0a1f07894372f27376aaa623b,5a7d53c7fb2897f1db001ecad2e2da874aec93a0a1f07894372f27376aaa623b,moved,Astrology/Chart-Collections,5a7d53c7fb2897f1db001ecad2e2da874aec93a0a1f07894372f27376aaa623b,no
Astrology-Database/Birth-detail-collections/Charts Kala/Kala/Charts/Database/Philosophers_Gurus/Saint Bernadette.cht,Astrology-Database/Chart-Collections/Birth-detail-collections/Charts Kala/Kala/Charts/Database/Philosophers_Gurus/Saint Bernadette.cht,f001c88b61c996002cf3ce8f833750818452e16443bbd772cac48f264da8ae93,f001c88b61c996002cf3ce8f833750818452e16443bbd772cac48f264da8ae93,moved,Astrology/Chart-Collections,f001c88b61c996002cf3ce8f833750818452e16443bbd772cac48f264da8ae93,no
Astrology-Database/Birth-detail-collections/Charts Kala/Kala/Charts/Database/Philosophers_Gurus/Saint Francis Xavier.cht,Astrology-Database/Chart-Collections/Birth-detail-collections/Charts Kala/Kala/Charts/Database/Philosophers_Gurus/Saint Francis Xavier.cht,ee4899870d58c4be557d3683273f1abc619623614e026d7787c141497c9e0489,ee4899870d58c4be557d3683273f1abc619623614e026d7787c141497c9e0489,moved,Astrology/Chart-Collections,ee4899870d58c4be557d3683273f1abc619623614e026d7787c141497c9e0489,no
Astrology-Database/Birth-detail-collections/Charts Kala/Kala/Charts/Database/Philosophers_Gurus/Satchitananda.cht,Astrology-Database/Chart-Collections/Birth-detail-collections/Charts Kala/Kala/Charts/Database/Philosophers_Gurus/Satchitananda.cht,941aa0ea97fe22ce4f3e5974d11d87ff65d0191912a06089c400564f529aaa44,941aa0ea97fe22ce4f3e5974d11d87ff65d0191912a06089c400564f529aaa44,moved,Astrology/Chart-Collections,941aa0ea97fe22ce4f3e5974d11d87ff65d0191912a06089c400564f529aaa44,no
Astrology-Database/Birth-detail-collections/Charts Kala/Kala/Charts/Database/Philosophers_Gurus/Sigmund Freud.cht,Astrology-Database/Chart-Collections/Birth-detail-collections/Charts Kala/Kala/Charts/Database/Philosophers_Gurus/Sigmund Freud.cht,3ac7658af6df8cfdc963dbc906cee6e4400f15fd8da82e35f409a7ce76caa92f,3ac7658af6df8cfdc963dbc906cee6e4400f15fd8da82e35f409a7ce76caa92f,moved,Astrology/Chart-Collections,3ac7658af6df8cfdc963dbc906cee6e4400f15fd8da82e35f409a7ce76caa92f,no
Astrology-Database/Birth-detail-collections/Charts Kala/Kala/Charts/Database/Philosophers_Gurus/Simone Weil.cht,Astrology-Database/Chart-Collections/Birth-detail-collections/Charts Kala/Kala/Charts/Database/Philosophers_Gurus/Simone Weil.cht,fbc95faafe14912a4e1b27537329d56fcb81fb981a764656e9767dbcc0c656b2,fbc95faafe14912a4e1b27537329d56fcb81fb981a764656e9767dbcc0c656b2,moved,Astrology/Chart-Collections,fbc95faafe14912a4e1b27537329d56fcb81fb981a764656e9767dbcc0c656b2,no
Astrology-Database/Birth-detail-collections/Charts Kala/Kala/Charts/Database/Philosophers_Gurus/Sridhar Maharaj.cht,Astrology-Database/Chart-Collections/Birth-detail-collections/Charts Kala/Kala/Charts/Database/Philosophers_Gurus/Sridhar Maharaj.cht,113e82a88995d606dc315787f1262a6683bfb994e358f2bb8a5ad26ecb059bd3,113e82a88995d606dc315787f1262a6683bfb994e358f2bb8a5ad26ecb059bd3,moved,Astrology/Chart-Collections,113e82a88995d606dc315787f1262a6683bfb994e358f2bb8a5ad26ecb059bd3,no
Astrology-Database/Birth-detail-collections/Charts Kala/Kala/Charts/Database/Philosophers_Gurus/Timothy Leary.cht,Astrology-Database/Chart-Collections/Birth-detail-collections/Charts Kala/Kala/Charts/Database/Philosophers_Gurus/Timothy Leary.cht,cf04818e7be66c585044e3a88cd8788ff8c2b48c084fef271305bb569c50bdd3,cf04818e7be66c585044e3a88cd8788ff8c2b48c084fef271305bb569c50bdd3,moved,Astrology/Chart-Collections,cf04818e7be66c585044e3a88cd8788ff8c2b48c084fef271305bb569c50bdd3,no
Astrology-Database/Birth-detail-collections/Charts Kala/Kala/Charts/Database/Philosophers_Gurus/Vivekananda.cht,Astrology-Database/Chart-Collections/Birth-detail-collections/Charts Kala/Kala/Charts/Database/Philosophers_Gurus/Vivekananda.cht,bbfe1d0222430a59a0773f13ecbe64d0ac0709a5a684dbef945d6c29153ef645,bbfe1d0222430a59a0773f13ecbe64d0ac0709a5a684dbef945d6c29153ef645,moved,Astrology/Chart-Collections,bbfe1d0222430a59a0773f13ecbe64d0ac0709a5a684dbef945d6c29153ef645,no
Astrology-Database/Birth-detail-collections/Charts Kala/Kala/Charts/Database/Physicians_Doctors/Alexander Fleming.cht,Astrology-Database/Chart-Collections/Birth-detail-collections/Charts Kala/Kala/Charts/Database/Physicians_Doctors/Alexander Fleming.cht,fd67307369bfc28a7ef48079501cc9a9b5c3dd802423a628f37aa323669a148f,fd67307369bfc28a7ef48079501cc9a9b5c3dd802423a628f37aa323669a148f,moved,Astrology/Chart-Collections,fd67307369bfc28a7ef48079501cc9a9b5c3dd802423a628f37aa323669a148f,no
Astrology-Database/Birth-detail-collections/Charts Kala/Kala/Charts/Database/Physicians_Doctors/Chiropractor.cht,Astrology-Database/Chart-Collections/Birth-detail-collections/Charts Kala/Kala/Charts/Database/Physicians_Doctors/Chiropractor.cht,80e7773007263cb8eedd59e039c88426faa9dd90952714ead807f434a401cd29,80e7773007263cb8eedd59e039c88426faa9dd90952714ead807f434a401cd29,moved,Astrology/Chart-Collections,80e7773007263cb8eedd59e039c88426faa9dd90952714ead807f434a401cd29,no
Astrology-Database/Birth-detail-collections/Charts Kala/Kala/Charts/Database/Physicians_Doctors/Deepak Chopra.cht,Astrology-Database/Chart-Collections/Birth-detail-collections/Charts Kala/Kala/Charts/Database/Physicians_Doctors/Deepak Chopra.cht,6bd36a2682707c91b5c66044a1ffa0ea4eadfa546368c8ebd46ee6169493bb4d,6bd36a2682707c91b5c66044a1ffa0ea4eadfa546368c8ebd46ee6169493bb4d,moved,Astrology/Chart-Collections,6bd36a2682707c91b5c66044a1ffa0ea4eadfa546368c8ebd46ee6169493bb4d,no
Astrology-Database/Birth-detail-collections/Charts Kala/Kala/Charts/Database/Physicians_Doctors/DoctorSurgeonHomeopath.cht,Astrology-Database/Chart-Collections/Birth-detail-collections/Charts Kala/Kala/Charts/Database/Physicians_Doctors/DoctorSurgeonHomeopath.cht,d91c5972d66165d787d7eef24208075561ef9fba6f8927045c30bc9419a4e04b,d91c5972d66165d787d7eef24208075561ef9fba6f8927045c30bc9419a4e04b,moved,Astrology/Chart-Collections,d91c5972d66165d787d7eef24208075561ef9fba6f8927045c30bc9419a4e04b,no
Astrology-Database/Birth-detail-collections/Charts Kala/Kala/Charts/Database/Physicians_Doctors/William H Masters.cht,Astrology-Database/Chart-Collections/Birth-detail-collections/Charts Kala/Kala/Charts/Database/Physicians_Doctors/William H Masters.cht,4af53b8a86ca7a5aca4781699c34f3cb174028b47ba6990f2a7b4a4bc5430f16,4af53b8a86ca7a5aca4781699c34f3cb174028b47ba6990f2a7b4a4bc5430f16,moved,Astrology/Chart-Collections,4af53b8a86ca7a5aca4781699c34f3cb174028b47ba6990f2a7b4a4bc5430f16,no
Astrology-Database/Birth-detail-collections/Charts Kala/Kala/Charts/Database/Politicians_Rulers/AA ch ristine baby chart.cht,Astrology-Database/Chart-Collections/Birth-detail-collections/Charts Kala/Kala/Charts/Database/Politicians_Rulers/AA ch ristine baby chart.cht,2bd715e501b6977ac3978bb17815f6a86e1c0f27572691dc0b77a15567326e31,2bd715e501b6977ac3978bb17815f6a86e1c0f27572691dc0b77a15567326e31,moved,Astrology/Chart-Collections,2bd715e501b6977ac3978bb17815f6a86e1c0f27572691dc0b77a15567326e31,no
Astrology-Database/Birth-detail-collections/Charts Kala/Kala/Charts/Database/Politicians_Rulers/Abraham Lincoln.cht,Astrology-Database/Chart-Collections/Birth-detail-collections/Charts Kala/Kala/Charts/Database/Politicians_Rulers/Abraham Lincoln.cht,e025a2ab8942b133da08e8bd8e2be6f16f986a9e6d021a1ae555f72e9a840116,e025a2ab8942b133da08e8bd8e2be6f16f986a9e6d021a1ae555f72e9a840116,moved,Astrology/Chart-Collections,e025a2ab8942b133da08e8bd8e2be6f16f986a9e6d021a1ae555f72e9a840116,no
Astrology-Database/Birth-detail-collections/Charts Kala/Kala/Charts/Database/Politicians_Rulers/Adolf Hitler.cht,Astrology-Database/Chart-Collections/Birth-detail-collections/Charts Kala/Kala/Charts/Database/Politicians_Rulers/Adolf Hitler.cht,bd246fe7a7638050eb550b8c9b3503a4a2891fe45bf1009884a742b857325e47,bd246fe7a7638050eb550b8c9b3503a4a2891fe45bf1009884a742b857325e47,moved,Astrology/Chart-Collections,bd246fe7a7638050eb550b8c9b3503a4a2891fe45bf1009884a742b857325e47,no
Astrology-Database/Birth-detail-collections/Charts Kala/Kala/Charts/Database/Politicians_Rulers/Adolph Eichmann.cht,Astrology-Database/Chart-Collections/Birth-detail-collections/Charts Kala/Kala/Charts/Database/Politicians_Rulers/Adolph Eichmann.cht,a99f5d50e0a26800df961faf84cf9b789367ac3aea06a7157afe6a333891d00a,a99f5d50e0a26800df961faf84cf9b789367ac3aea06a7157afe6a333891d00a,moved,Astrology/Chart-Collections,a99f5d50e0a26800df961faf84cf9b789367ac3aea06a7157afe6a333891d00a,no
"Astrology-Database/Birth-detail-collections/Charts Kala/Kala/Charts/Database/Politicians_Rulers/Al Gore's wife, Tipper.cht","Astrology-Database/Chart-Collections/Birth-detail-collections/Charts Kala/Kala/Charts/Database/Politicians_Rulers/Al Gore's wife, Tipper.cht",1639da1dd1b94d95d9f04e9fddb619cc9b4a8a9afcc4b6dc438eb5b87e07c586,1639da1dd1b94d95d9f04e9fddb619cc9b4a8a9afcc4b6dc438eb5b87e07c586,moved,Astrology/Chart-Collections,1639da1dd1b94d95d9f04e9fddb619cc9b4a8a9afcc4b6dc438eb5b87e07c586,no
Astrology-Database/Birth-detail-collections/Charts Kala/Kala/Charts/Database/Politicians_Rulers/Albert Gore Jr.cht,Astrology-Database/Chart-Collections/Birth-detail-collections/Charts Kala/Kala/Charts/Database/Politicians_Rulers/Albert Gore Jr.cht,8224e94bf214788471d4dcf223e49d267dc750b7b95cbdd7b8ad34b41fc167f5,8224e94bf214788471d4dcf223e49d267dc750b7b95cbdd7b8ad34b41fc167f5,moved,Astrology/Chart-Collections,8224e94bf214788471d4dcf223e49d267dc750b7b95cbdd7b8ad34b41fc167f5,no
Astrology-Database/Birth-detail-collections/Charts Kala/Kala/Charts/Database/Politicians_Rulers/Alexander the Great.cht,Astrology-Database/Chart-Collections/Birth-detail-collections/Charts Kala/Kala/Charts/Database/Politicians_Rulers/Alexander the Great.cht,3b48a4cda41a4e05395c79d1a770fad44af9a4ca60d778e71207e3628235749e,3b48a4cda41a4e05395c79d1a770fad44af9a4ca60d778e71207e3628235749e,moved,Astrology/Chart-Collections,3b48a4cda41a4e05395c79d1a770fad44af9a4ca60d778e71207e3628235749e,no
Astrology-Database/Birth-detail-collections/Charts Kala/Kala/Charts/Database/Politicians_Rulers/Alfred M Landon.cht,Astrology-Database/Chart-Collections/Birth-detail-collections/Charts Kala/Kala/Charts/Database/Politicians_Rulers/Alfred M Landon.cht,09ff2742f36108ab0e3b23bc7f48f8b9d98890bf320efe75149ba3e14e119ae9,09ff2742f36108ab0e3b23bc7f48f8b9d98890bf320efe75149ba3e14e119ae9,moved,Astrology/Chart-Collections,09ff2742f36108ab0e3b23bc7f48f8b9d98890bf320efe75149ba3e14e119ae9,no
Astrology-Database/Birth-detail-collections/Charts Kala/Kala/Charts/Database/Politicians_Rulers/Alfred Smith.cht,Astrology-Database/Chart-Collections/Birth-detail-collections/Charts Kala/Kala/Charts/Database/Politicians_Rulers/Alfred Smith.cht,28eeeec3e345b9cf2fd571b0c8b9e7627cbfcc283b2bde44dbf6858ba7387932,28eeeec3e345b9cf2fd571b0c8b9e7627cbfcc283b2bde44dbf6858ba7387932,moved,Astrology/Chart-Collections,28eeeec3e345b9cf2fd571b0c8b9e7627cbfcc283b2bde44dbf6858ba7387932,no
Astrology-Database/Birth-detail-collections/Charts Kala/Kala/Charts/Database/Politicians_Rulers/Alice R_ Longworth.cht,Astrology-Database/Chart-Collections/Birth-detail-collections/Charts Kala/Kala/Charts/Database/Politicians_Rulers/Alice R_ Longworth.cht,a5a3d79619591f0c89f5ccebfe8f472e02e024b8529bbb93998113e50436353e,a5a3d79619591f0c89f5ccebfe8f472e02e024b8529bbb93998113e50436353e,moved,Astrology/Chart-Collections,a5a3d79619591f0c89f5ccebfe8f472e02e024b8529bbb93998113e50436353e,no
Astrology-Database/Birth-detail-collections/Charts Kala/Kala/Charts/Database/Politicians_Rulers/Alix  of Hessen.cht,Astrology-Database/Chart-Collections/Birth-detail-collections/Charts Kala/Kala/Charts/Database/Politicians_Rulers/Alix  of Hessen.cht,fafbec6fa881aeb038e25758f5fa93d664496ab9b998d014b4089d2028913f3a,fafbec6fa881aeb038e25758f5fa93d664496ab9b998d014b4089d2028913f3a,moved,Astrology/Chart-Collections,fafbec6fa881aeb038e25758f5fa93d664496ab9b998d014b4089d2028913f3a,no
Astrology-Database/Birth-detail-collections/Charts Kala/Kala/Charts/Database/Politicians_Rulers/Barack Obama.cht,Astrology-Database/Chart-Collections/Birth-detail-collections/Charts Kala/Kala/Charts/Database/Politicians_Rulers/Barack Obama.cht,e65440943cbb4401732cd0533d5919daf56a30af771d10cb34b1674c4874d95d,e65440943cbb4401732cd0533d5919daf56a30af771d10cb34b1674c4874d95d,moved,Astrology/Chart-Collections,e65440943cbb4401732cd0533d5919daf56a30af771d10cb34b1674c4874d95d,no
Astrology-Database/Birth-detail-collections/Charts Kala/Kala/Charts/Database/Politicians_Rulers/Barbara Bush.cht,Astrology-Database/Chart-Collections/Birth-detail-collections/Charts Kala/Kala/Charts/Database/Politicians_Rulers/Barbara Bush.cht,1ba6f95a73bae74be40f8d21b7af530d83940f1def4cd3c6c8292e94c67fa9b1,1ba6f95a73bae74be40f8d21b7af530d83940f1def4cd3c6c8292e94c67fa9b1,moved,Astrology/Chart-Collections,1ba6f95a73bae74be40f8d21b7af530d83940f1def4cd3c6c8292e94c67fa9b1,no
Astrology-Database/Birth-detail-collections/Charts Kala/Kala/Charts/Database/Politicians_Rulers/Benazier Bhutto.cht,Astrology-Database/Chart-Collections/Birth-detail-collections/Charts Kala/Kala/Charts/Database/Politicians_Rulers/Benazier Bhutto.cht,4b0501a849b3bb6768427ede07d7cb31821d06fcbd9d7d5f522bedff3b4db45c,4b0501a849b3bb6768427ede07d7cb31821d06fcbd9d7d5f522bedff3b4db45c,moved,Astrology/Chart-Collections,4b0501a849b3bb6768427ede07d7cb31821d06fcbd9d7d5f522bedff3b4db45c,no
Astrology-Database/Birth-detail-collections/Charts Kala/Kala/Charts/Database/Politicians_Rulers/Bill Clinton.cht,Astrology-Database/Chart-Collections/Birth-detail-collections/Charts Kala/Kala/Charts/Database/Politicians_Rulers/Bill Clinton.cht,40901d4b2947fd8e9548af65ab731ac537ef9b6811c14bcb49507d57c4907e24,40901d4b2947fd8e9548af65ab731ac537ef9b6811c14bcb49507d57c4907e24,moved,Astrology/Chart-Collections,40901d4b2947fd8e9548af65ab731ac537ef9b6811c14bcb49507d57c4907e24,no
Astrology-Database/Birth-detail-collections/Charts Kala/Kala/Charts/Database/Politicians_Rulers/Charlemagne.cht,Astrology-Database/Chart-Collections/Birth-detail-collections/Charts Kala/Kala/Charts/Database/Politicians_Rulers/Charlemagne.cht,75fed9f7535942ec2746a84fe95921edf076960dd757f933dc8986753af37792,75fed9f7535942ec2746a84fe95921edf076960dd757f933dc8986753af37792,moved,Astrology/Chart-Collections,75fed9f7535942ec2746a84fe95921edf076960dd757f933dc8986753af37792,no
Astrology-Database/Birth-detail-collections/Charts Kala/Kala/Charts/Database/Politicians_Rulers/Che Guevara.cht,Astrology-Database/Chart-Collections/Birth-detail-collections/Charts Kala/Kala/Charts/Database/Politicians_Rulers/Che Guevara.cht,ffd5deb1c35a4e89bf7940dfef83b5c56eba96c23cf0ce5fa6d8a3b0befa1109,ffd5deb1c35a4e89bf7940dfef83b5c56eba96c23cf0ce5fa6d8a3b0befa1109,moved,Astrology/Chart-Collections,ffd5deb1c35a4e89bf7940dfef83b5c56eba96c23cf0ce5fa6d8a3b0befa1109,no
Astrology-Database/Birth-detail-collections/Charts Kala/Kala/Charts/Database/Politicians_Rulers/Dag Hammarksjold.cht,Astrology-Database/Chart-Collections/Birth-detail-collections/Charts Kala/Kala/Charts/Database/Politicians_Rulers/Dag Hammarksjold.cht,ea21e1ad4532d1ac1b95cdb4f7079f620c7dff0f4389f5c0b62150cbc0987678,ea21e1ad4532d1ac1b95cdb4f7079f620c7dff0f4389f5c0b62150cbc0987678,moved,Astrology/Chart-Collections,ea21e1ad4532d1ac1b95cdb4f7079f620c7dff0f4389f5c0b62150cbc0987678,no
Astrology-Database/Birth-detail-collections/Charts Kala/Kala/Charts/Database/Politicians_Rulers/Duke of Windsor.cht,Astrology-Database/Chart-Collections/Birth-detail-collections/Charts Kala/Kala/Charts/Database/Politicians_Rulers/Duke of Windsor.cht,4413920cff63fdcdaab874a928c1c7944b4bb8ea57d20d810d2d2874ff24e054,4413920cff63fdcdaab874a928c1c7944b4bb8ea57d20d810d2d2874ff24e054,moved,Astrology/Chart-Collections,4413920cff63fdcdaab874a928c1c7944b4bb8ea57d20d810d2d2874ff24e054,no
Astrology-Database/Birth-detail-collections/Charts Kala/Kala/Charts/Database/Politicians_Rulers/Earl Warren.cht,Astrology-Database/Chart-Collections/Birth-detail-collections/Charts Kala/Kala/Charts/Database/Politicians_Rulers/Earl Warren.cht,3b7d48e68b12bbe3806ca1eddef7aac296280523841f72e3849b6578498401d3,3b7d48e68b12bbe3806ca1eddef7aac296280523841f72e3849b6578498401d3,moved,Astrology/Chart-Collections,3b7d48e68b12bbe3806ca1eddef7aac296280523841f72e3849b6578498401d3,no
Astrology-Database/Birth-detail-collections/Charts Kala/Kala/Charts/Database/Politicians_Rulers/Edward IV.cht,Astrology-Database/Chart-Collections/Birth-detail-collections/Charts Kala/Kala/Charts/Database/Politicians_Rulers/Edward IV.cht,45c83911a102f57779dcf63153f1b07f7d0dc79e7d029ee8f3f8509d5bd5c354,45c83911a102f57779dcf63153f1b07f7d0dc79e7d029ee8f3f8509d5bd5c354,moved,Astrology/Chart-Collections,45c83911a102f57779dcf63153f1b07f7d0dc79e7d029ee8f3f8509d5bd5c354,no
Astrology-Database/Birth-detail-collections/Charts Kala/Kala/Charts/Database/Politicians_Rulers/Eleanor Roosevelt.cht,Astrology-Database/Chart-Collections/Birth-detail-collections/Charts Kala/Kala/Charts/Database/Politicians_Rulers/Eleanor Roosevelt.cht,0636ea7101aa1de2f4555997f1bf68c61b49e311abdb2135363675204bdfca97,0636ea7101aa1de2f4555997f1bf68c61b49e311abdb2135363675204bdfca97,moved,Astrology/Chart-Collections,0636ea7101aa1de2f4555997f1bf68c61b49e311abdb2135363675204bdfca97,no
Astrology-Database/Birth-detail-collections/Charts Kala/Kala/Charts/Database/Politicians_Rulers/Elizabeth I.cht,Astrology-Database/Chart-Collections/Birth-detail-collections/Charts Kala/Kala/Charts/Database/Politicians_Rulers/Elizabeth I.cht,df7e2ec406c061cbb59356095bc0b6f899abfc73b49b891edce7a9b73ba92f19,df7e2ec406c061cbb59356095bc0b6f899abfc73b49b891edce7a9b73ba92f19,moved,Astrology/Chart-Collections,df7e2ec406c061cbb59356095bc0b6f899abfc73b49b891edce7a9b73ba92f19,no
Astrology-Database/Birth-detail-collections/Charts Kala/Kala/Charts/Database/Politicians_Rulers/Elizabeth The 2nd.cht,Astrology-Database/Chart-Collections/Birth-detail-collections/Charts Kala/Kala/Charts/Database/Politicians_Rulers/Elizabeth The 2nd.cht,f0e29cfbf757b8f7d8d63ba893145f3031dec8220f5e934a8b58282c08872ac4,f0e29cfbf757b8f7d8d63ba893145f3031dec8220f5e934a8b58282c08872ac4,moved,Astrology/Chart-Collections,f0e29cfbf757b8f7d8d63ba893145f3031dec8220f5e934a8b58282c08872ac4,no
Astrology-Database/Birth-detail-collections/Charts Kala/Kala/Charts/Database/Politicians_Rulers/Ethel Kennedy.cht,Astrology-Database/Chart-Collections/Birth-detail-collections/Charts Kala/Kala/Charts/Database/Politicians_Rulers/Ethel Kennedy.cht,9568738f6629f99698eb9cf79dac8221cd3111760a1fdd04be71d929dd598ba6,9568738f6629f99698eb9cf79dac8221cd3111760a1fdd04be71d929dd598ba6,moved,Astrology/Chart-Collections,9568738f6629f99698eb9cf79dac8221cd3111760a1fdd04be71d929dd598ba6,no
Astrology-Database/Birth-detail-collections/Charts Kala/Kala/Charts/Database/Politicians_Rulers/Eva Peron.cht,Astrology-Database/Chart-Collections/Birth-detail-collections/Charts Kala/Kala/Charts/Database/Politicians_Rulers/Eva Peron.cht,43e0d8a4b42411ee587885786fcac2f20cca80f1f675aea6a218d8b1da57733d,43e0d8a4b42411ee587885786fcac2f20cca80f1f675aea6a218d8b1da57733d,moved,Astrology/Chart-Collections,43e0d8a4b42411ee587885786fcac2f20cca80f1f675aea6a218d8b1da57733d,no
Astrology-Database/Birth-detail-collections/Charts Kala/Kala/Charts/Database/Politicians_Rulers/Ferdinand of Aragon.cht,Astrology-Database/Chart-Collections/Birth-detail-collections/Charts Kala/Kala/Charts/Database/Politicians_Rulers/Ferdinand of Aragon.cht,46d1012362b9635dcff7250f6ab8c82f4d51cbb35ed6e68e7a7cc7b774e9db21,46d1012362b9635dcff7250f6ab8c82f4d51cbb35ed6e68e7a7cc7b774e9db21,moved,Astrology/Chart-Collections,46d1012362b9635dcff7250f6ab8c82f4d51cbb35ed6e68e7a7cc7b774e9db21,no
Astrology-Database/Birth-detail-collections/Charts Kala/Kala/Charts/Database/Politicians_Rulers/Fidel Castro.cht,Astrology-Database/Chart-Collections/Birth-detail-collections/Charts Kala/Kala/Charts/Database/Politicians_Rulers/Fidel Castro.cht,5950ee3ffaf2297651a096a4fde5355794f4b1c22b2f77134531154e0d217b0d,5950ee3ffaf2297651a096a4fde5355794f4b1c22b2f77134531154e0d217b0d,moved,Astrology/Chart-Collections,5950ee3ffaf2297651a096a4fde5355794f4b1c22b2f77134531154e0d217b0d,no
Astrology-Database/Birth-detail-collections/Charts Kala/Kala/Charts/Database/Politicians_Rulers/Francois Mitterand.cht,Astrology-Database/Chart-Collections/Birth-detail-collections/Charts Kala/Kala/Charts/Database/Politicians_Rulers/Francois Mitterand.cht,16e540752e466995fa71203e0466ca6509af5cc0d4cfd7e039d194352575043b,16e540752e466995fa71203e0466ca6509af5cc0d4cfd7e039d194352575043b,moved,Astrology/Chart-Collections,16e540752e466995fa71203e0466ca6509af5cc0d4cfd7e039d194352575043b,no
Astrology-Database/Birth-detail-collections/Charts Kala/Kala/Charts/Database/Politicians_Rulers/Frank Cohn.cht,Astrology-Database/Chart-Collections/Birth-detail-collections/Charts Kala/Kala/Charts/Database/Politicians_Rulers/Frank Cohn.cht,f62c19757933acc3250c55f39641d1c0f1f9115813973ab9498e74783758b89d,f62c19757933acc3250c55f39641d1c0f1f9115813973ab9498e74783758b89d,moved,Astrology/Chart-Collections,f62c19757933acc3250c55f39641d1c0f1f9115813973ab9498e74783758b89d,no
Astrology-Database/Birth-detail-collections/Charts Kala/Kala/Charts/Database/Politicians_Rulers/Franklin D Roosevelt.cht,Astrology-Database/Chart-Collections/Birth-detail-collections/Charts Kala/Kala/Charts/Database/Politicians_Rulers/Franklin D Roosevelt.cht,1457c9b30b8caf4af1c401fc8b8af6972d55de6237142df1160935808dcdc144,1457c9b30b8caf4af1c401fc8b8af6972d55de6237142df1160935808dcdc144,moved,Astrology/Chart-Collections,1457c9b30b8caf4af1c401fc8b8af6972d55de6237142df1160935808dcdc144,no
Astrology-Database/Birth-detail-collections/Charts Kala/Kala/Charts/Database/Politicians_Rulers/G. Gordon Liddy.cht,Astrology-Database/Chart-Collections/Birth-detail-collections/Charts Kala/Kala/Charts/Database/Politicians_Rulers/G. Gordon Liddy.cht,b137bbf57bb6dac222da2bf670bf9b82e1a91665919a4047307c0368002eadb5,b137bbf57bb6dac222da2bf670bf9b82e1a91665919a4047307c0368002eadb5,moved,Astrology/Chart-Collections,b137bbf57bb6dac222da2bf670bf9b82e1a91665919a4047307c0368002eadb5,no
Astrology-Database/Birth-detail-collections/Charts Kala/Kala/Charts/Database/Politicians_Rulers/Gary Hart.cht,Astrology-Database/Chart-Collections/Birth-detail-collections/Charts Kala/Kala/Charts/Database/Politicians_Rulers/Gary Hart.cht,5f33aed76cedc7b1f4786dbeca0ab041c9c9e8b441aac999fb466f9b4b903d93,5f33aed76cedc7b1f4786dbeca0ab041c9c9e8b441aac999fb466f9b4b903d93,moved,Astrology/Chart-Collections,5f33aed76cedc7b1f4786dbeca0ab041c9c9e8b441aac999fb466f9b4b903d93,no
Astrology-Database/Birth-detail-collections/Charts Kala/Kala/Charts/Database/Politicians_Rulers/George Bush Jr.cht,Astrology-Database/Chart-Collections/Birth-detail-collections/Charts Kala/Kala/Charts/Database/Politicians_Rulers/George Bush Jr.cht,eca3664df3444e2e257c39535ce3dae3143cd164676b9b06f0fb7ae03e3d47a0,eca3664df3444e2e257c39535ce3dae3143cd164676b9b06f0fb7ae03e3d47a0,moved,Astrology/Chart-Collections,eca3664df3444e2e257c39535ce3dae3143cd164676b9b06f0fb7ae03e3d47a0,no
Astrology-Database/Birth-detail-collections/Charts Kala/Kala/Charts/Database/Politicians_Rulers/George Bush Sr.cht,Astrology-Database/Chart-Collections/Birth-detail-collections/Charts Kala/Kala/Charts/Database/Politicians_Rulers/George Bush Sr.cht,ae1555d02342d491f90f7de4a3963586f2e4b7867b734700a6e8edfa0beb8383,ae1555d02342d491f90f7de4a3963586f2e4b7867b734700a6e8edfa0beb8383,moved,Astrology/Chart-Collections,ae1555d02342d491f90f7de4a3963586f2e4b7867b734700a6e8edfa0beb8383,no
Astrology-Database/Birth-detail-collections/Charts Kala/Kala/Charts/Database/Politicians_Rulers/George IV.cht,Astrology-Database/Chart-Collections/Birth-detail-collections/Charts Kala/Kala/Charts/Database/Politicians_Rulers/George IV.cht,a042a9093d1eae76a25372c8edf27fd08a80f33d45f9cd22cd04e56ef805ba71,a042a9093d1eae76a25372c8edf27fd08a80f33d45f9cd22cd04e56ef805ba71,moved,Astrology/Chart-Collections,a042a9093d1eae76a25372c8edf27fd08a80f33d45f9cd22cd04e56ef805ba71,no
Astrology-Database/Birth-detail-collections/Charts Kala/Kala/Charts/Database/Politicians_Rulers/George Wallace.cht,Astrology-Database/Chart-Collections/Birth-detail-collections/Charts Kala/Kala/Charts/Database/Politicians_Rulers/George Wallace.cht,b1564e670d59328644424fdacedf88baff7e19c28a0cf90e44f86e2abddbf990,b1564e670d59328644424fdacedf88baff7e19c28a0cf90e44f86e2abddbf990,moved,Astrology/Chart-Collections,b1564e670d59328644424fdacedf88baff7e19c28a0cf90e44f86e2abddbf990,no
Astrology-Database/Birth-detail-collections/Charts Kala/Kala/Charts/Database/Politicians_Rulers/George Washington.cht,Astrology-Database/Chart-Collections/Birth-detail-collections/Charts Kala/Kala/Charts/Database/Politicians_Rulers/George Washington.cht,babeb12d013b99c7ba033a522a688596cef09c8fc36607d0f50d5c0134699709,babeb12d013b99c7ba033a522a688596cef09c8fc36607d0f50d5c0134699709,moved,Astrology/Chart-Collections,babeb12d013b99c7ba033a522a688596cef09c8fc36607d0f50d5c0134699709,no
Astrology-Database/Birth-detail-collections/Charts Kala/Kala/Charts/Database/Politicians_Rulers/Gerald Ford.cht,Astrology-Database/Chart-Collections/Birth-detail-collections/Charts Kala/Kala/Charts/Database/Politicians_Rulers/Gerald Ford.cht,0164da27c0f6a50cfe481dc0ea6f671f90eefb964860b316898bbbf51db96fb9,0164da27c0f6a50cfe481dc0ea6f671f90eefb964860b316898bbbf51db96fb9,moved,Astrology/Chart-Collections,0164da27c0f6a50cfe481dc0ea6f671f90eefb964860b316898bbbf51db96fb9,no
Astrology-Database/Birth-detail-collections/Charts Kala/Kala/Charts/Database/Politicians_Rulers/Geraldine Ferraro.cht,Astrology-Database/Chart-Collections/Birth-detail-collections/Charts Kala/Kala/Charts/Database/Politicians_Rulers/Geraldine Ferraro.cht,90e056d9687748dec66c22bb513541d57e04d5648118a6475f4a02737b77b116,90e056d9687748dec66c22bb513541d57e04d5648118a6475f4a02737b77b116,moved,Astrology/Chart-Collections,90e056d9687748dec66c22bb513541d57e04d5648118a6475f4a02737b77b116,no
Astrology-Database/Birth-detail-collections/Charts Kala/Kala/Charts/Database/Politicians_Rulers/Gita Malhotra.cht,Astrology-Database/Chart-Collections/Birth-detail-collections/Charts Kala/Kala/Charts/Database/Politicians_Rulers/Gita Malhotra.cht,898111f820200f54bce0cd6dfaff3539538833d7adf5798edf6b7efaf68a00bd,898111f820200f54bce0cd6dfaff3539538833d7adf5798edf6b7efaf68a00bd,moved,Astrology/Chart-Collections,898111f820200f54bce0cd6dfaff3539538833d7adf5798edf6b7efaf68a00bd,no
Astrology-Database/Birth-detail-collections/Charts Kala/Kala/Charts/Database/Politicians_Rulers/Harry Truman.cht,Astrology-Database/Chart-Collections/Birth-detail-collections/Charts Kala/Kala/Charts/Database/Politicians_Rulers/Harry Truman.cht,570a67a902db8d75b424c24419df8e4bd0abdf62b0f46d34a02b82b543ccd122,570a67a902db8d75b424c24419df8e4bd0abdf62b0f46d34a02b82b543ccd122,moved,Astrology/Chart-Collections,570a67a902db8d75b424c24419df8e4bd0abdf62b0f46d34a02b82b543ccd122,no
Astrology-Database/Birth-detail-collections/Charts Kala/Kala/Charts/Database/Politicians_Rulers/Hassan II.cht,Astrology-Database/Chart-Collections/Birth-detail-collections/Charts Kala/Kala/Charts/Database/Politicians_Rulers/Hassan II.cht,5431afdd57768d6353d454ebbd16d7a8c16ba76f92ea449e7aa1231428b5453c,5431afdd57768d6353d454ebbd16d7a8c16ba76f92ea449e7aa1231428b5453c,moved,Astrology/Chart-Collections,5431afdd57768d6353d454ebbd16d7a8c16ba76f92ea449e7aa1231428b5453c,no
Astrology-Database/Birth-detail-collections/Charts Kala/Kala/Charts/Database/Politicians_Rulers/Heinrich Himmler.cht,Astrology-Database/Chart-Collections/Birth-detail-collections/Charts Kala/Kala/Charts/Database/Politicians_Rulers/Heinrich Himmler.cht,9d671178406a581a3cc9268320b7d9b4e2d4cfead7f5a6d17aea5cf1d2b9283a,9d671178406a581a3cc9268320b7d9b4e2d4cfead7f5a6d17aea5cf1d2b9283a,moved,Astrology/Chart-Collections,9d671178406a581a3cc9268320b7d9b4e2d4cfead7f5a6d17aea5cf1d2b9283a,no
Astrology-Database/Birth-detail-collections/Charts Kala/Kala/Charts/Database/Politicians_Rulers/Helmut Kohl.cht,Astrology-Database/Chart-Collections/Birth-detail-collections/Charts Kala/Kala/Charts/Database/Politicians_Rulers/Helmut Kohl.cht,f676b927ff328393badc4fca69f0ec012e7d4d4286fa39e9f2b1ca4a25ab9564,f676b927ff328393badc4fca69f0ec012e7d4d4286fa39e9f2b1ca4a25ab9564,moved,Astrology/Chart-Collections,f676b927ff328393badc4fca69f0ec012e7d4d4286fa39e9f2b1ca4a25ab9564,no
Astrology-Database/Birth-detail-collections/Charts Kala/Kala/Charts/Database/Politicians_Rulers/Herbert Hoover.cht,Astrology-Database/Chart-Collections/Birth-detail-collections/Charts Kala/Kala/Charts/Database/Politicians_Rulers/Herbert Hoover.cht,d8d6de69cf597f364fc1be4285a9ff15b5092568513acbce5f41f3e3980ef8b0,d8d6de69cf597f364fc1be4285a9ff15b5092568513acbce5f41f3e3980ef8b0,moved,Astrology/Chart-Collections,d8d6de69cf597f364fc1be4285a9ff15b5092568513acbce5f41f3e3980ef8b0,no
Astrology-Database/Birth-detail-collections/Charts Kala/Kala/Charts/Database/Politicians_Rulers/Hermann Goering.cht,Astrology-Database/Chart-Collections/Birth-detail-collections/Charts Kala/Kala/Charts/Database/Politicians_Rulers/Hermann Goering.cht,be7fe7bbc6e7be620a7a6e73554e4895cba55ad38e8f2c912bd82eb3cc71d8fd,be7fe7bbc6e7be620a7a6e73554e4895cba55ad38e8f2c912bd82eb3cc71d8fd,moved,Astrology/Chart-Collections,be7fe7bbc6e7be620a7a6e73554e4895cba55ad38e8f2c912bd82eb3cc71d8fd,no
Astrology-Database/Birth-detail-collections/Charts Kala/Kala/Charts/Database/Politicians_Rulers/Hilary Clinton.cht,Astrology-Database/Chart-Collections/Birth-detail-collections/Charts Kala/Kala/Charts/Database/Politicians_Rulers/Hilary Clinton.cht,cecb16da3885118dfc2cc95fd272a54d201c6d581a3e2342a3f7e51839ff0588,cecb16da3885118dfc2cc95fd272a54d201c6d581a3e2342a3f7e51839ff0588,moved,Astrology/Chart-Collections,cecb16da3885118dfc2cc95fd272a54d201c6d581a3e2342a3f7e51839ff0588,no
Astrology-Database/Birth-detail-collections/Charts Kala/Kala/Charts/Database/Politicians_Rulers/Hirohito.cht,Astrology-Database/Chart-Collections/Birth-detail-collections/Charts Kala/Kala/Charts/Database/Politicians_Rulers/Hirohito.cht,68777ba69e1c127de0c65a4425714221394872a34812b21d37d64c0a1b8c49cf,68777ba69e1c127de0c65a4425714221394872a34812b21d37d64c0a1b8c49cf,moved,Astrology/Chart-Collections,68777ba69e1c127de0c65a4425714221394872a34812b21d37d64c0a1b8c49cf,no
Astrology-Database/Birth-detail-collections/Charts Kala/Kala/Charts/Database/Politicians_Rulers/Hubert Humphrey.cht,Astrology-Database/Chart-Collections/Birth-detail-collections/Charts Kala/Kala/Charts/Database/Politicians_Rulers/Hubert Humphrey.cht,18c905b775bf3283ebe78ec09f4f32b9d5072659aab5b71182eab1f8ce211091,18c905b775bf3283ebe78ec09f4f32b9d5072659aab5b71182eab1f8ce211091,moved,Astrology/Chart-Collections,18c905b775bf3283ebe78ec09f4f32b9d5072659aab5b71182eab1f8ce211091,no
Astrology-Database/Birth-detail-collections/Charts Kala/Kala/Charts/Database/Politicians_Rulers/Hussein of Jordan.cht,Astrology-Database/Chart-Collections/Birth-detail-collections/Charts Kala/Kala/Charts/Database/Politicians_Rulers/Hussein of Jordan.cht,650ac8b7f8fd2cc0b5428358b5f641169c37c5a98ccef570f905ee79200dd2dc,650ac8b7f8fd2cc0b5428358b5f641169c37c5a98ccef570f905ee79200dd2dc,moved,Astrology/Chart-Collections,650ac8b7f8fd2cc0b5428358b5f641169c37c5a98ccef570f905ee79200dd2dc,no
Astrology-Database/Birth-detail-collections/Charts Kala/Kala/Charts/Database/Politicians_Rulers/Imelda Marcos.cht,Astrology-Database/Chart-Collections/Birth-detail-collections/Charts Kala/Kala/Charts/Database/Politicians_Rulers/Imelda Marcos.cht,989f27fe57ebdb8c55dc2614aaabf9eadddd82d84105d2201314f0be09034f61,989f27fe57ebdb8c55dc2614aaabf9eadddd82d84105d2201314f0be09034f61,moved,Astrology/Chart-Collections,989f27fe57ebdb8c55dc2614aaabf9eadddd82d84105d2201314f0be09034f61,no
Astrology-Database/Birth-detail-collections/Charts Kala/Kala/Charts/Database/Politicians_Rulers/Indira Gandhi.cht,Astrology-Database/Chart-Collections/Birth-detail-collections/Charts Kala/Kala/Charts/Database/Politicians_Rulers/Indira Gandhi.cht,24b9b544f3373daf2cdfcfb2ed7b5ea29eab6ab4d9cfa9696d554b4112c5989a,24b9b544f3373daf2cdfcfb2ed7b5ea29eab6ab4d9cfa9696d554b4112c5989a,moved,Astrology/Chart-Collections,24b9b544f3373daf2cdfcfb2ed7b5ea29eab6ab4d9cfa9696d554b4112c5989a,no
Astrology-Database/Birth-detail-collections/Charts Kala/Kala/Charts/Database/Politicians_Rulers/J. Edgar Hoover.cht,Astrology-Database/Chart-Collections/Birth-detail-collections/Charts Kala/Kala/Charts/Database/Politicians_Rulers/J. Edgar Hoover.cht,2109b2bb7a69def6db2cb8eeea62796e1e8ca48142c00332fd03148e5336ee16,2109b2bb7a69def6db2cb8eeea62796e1e8ca48142c00332fd03148e5336ee16,moved,Astrology/Chart-Collections,2109b2bb7a69def6db2cb8eeea62796e1e8ca48142c00332fd03148e5336ee16,no
Astrology-Database/Birth-detail-collections/Charts Kala/Kala/Charts/Database/Politicians_Rulers/Jesse Helms.cht,Astrology-Database/Chart-Collections/Birth-detail-collections/Charts Kala/Kala/Charts/Database/Politicians_Rulers/Jesse Helms.cht,927d01caf589f569d497d9bd638f657297e8c4bf13188ffae3c24bca4a09035b,927d01caf589f569d497d9bd638f657297e8c4bf13188ffae3c24bca4a09035b,moved,Astrology/Chart-Collections,927d01caf589f569d497d9bd638f657297e8c4bf13188ffae3c24bca4a09035b,no
Astrology-Database/Birth-detail-collections/Charts Kala/Kala/Charts/Database/Politicians_Rulers/Jesse Jackson.cht,Astrology-Database/Chart-Collections/Birth-detail-collections/Charts Kala/Kala/Charts/Database/Politicians_Rulers/Jesse Jackson.cht,58a5d70432198b9fdf99f94c3581438db392814d8bcaece7b1a81c79cfabb210,58a5d70432198b9fdf99f94c3581438db392814d8bcaece7b1a81c79cfabb210,moved,Astrology/Chart-Collections,58a5d70432198b9fdf99f94c3581438db392814d8bcaece7b1a81c79cfabb210,no
Astrology-Database/Birth-detail-collections/Charts Kala/Kala/Charts/Database/Politicians_Rulers/Jimmy Carter.cht,Astrology-Database/Chart-Collections/Birth-detail-collections/Charts Kala/Kala/Charts/Database/Politicians_Rulers/Jimmy Carter.cht,fd34f806c5e614f50ca62a3597316060704628c6dc41c9203bf7498a303f532f,fd34f806c5e614f50ca62a3597316060704628c6dc41c9203bf7498a303f532f,moved,Astrology/Chart-Collections,fd34f806c5e614f50ca62a3597316060704628c6dc41c9203bf7498a303f532f,no
Astrology-Database/Birth-detail-collections/Charts Kala/Kala/Charts/Database/Politicians_Rulers/Joe Biden.cht,Astrology-Database/Chart-Collections/Birth-detail-collections/Charts Kala/Kala/Charts/Database/Politicians_Rulers/Joe Biden.cht,fd33cbf34ac656aeb356d27ad9bf3d03cc854cfd04a98be393c7dfa8023a6fb6,fd33cbf34ac656aeb356d27ad9bf3d03cc854cfd04a98be393c7dfa8023a6fb6,moved,Astrology/Chart-Collections,fd33cbf34ac656aeb356d27ad9bf3d03cc854cfd04a98be393c7dfa8023a6fb6,no
Astrology-Database/Birth-detail-collections/Charts Kala/Kala/Charts/Database/Politicians_Rulers/John Edwards.cht,Astrology-Database/Chart-Collections/Birth-detail-collections/Charts Kala/Kala/Charts/Database/Politicians_Rulers/John Edwards.cht,42feaa099be6a8507fb6a0584c774fa4f64f27dde0f5c67681ae3fe922e78bb6,42feaa099be6a8507fb6a0584c774fa4f64f27dde0f5c67681ae3fe922e78bb6,moved,Astrology/Chart-Collections,42feaa099be6a8507fb6a0584c774fa4f64f27dde0f5c67681ae3fe922e78bb6,no
Astrology-Database/Birth-detail-collections/Charts Kala/Kala/Charts/Database/Politicians_Rulers/John F. Kennedy.cht,Astrology-Database/Chart-Collections/Birth-detail-collections/Charts Kala/Kala/Charts/Database/Politicians_Rulers/John F. Kennedy.cht,ec071b3bb83b5aec25b4ac3ceef2170bc03a547577fd51725f2f2327b7e0e4e9,ec071b3bb83b5aec25b4ac3ceef2170bc03a547577fd51725f2f2327b7e0e4e9,moved,Astrology/Chart-Collections,ec071b3bb83b5aec25b4ac3ceef2170bc03a547577fd51725f2f2327b7e0e4e9,no
Astrology-Database/Birth-detail-collections/Charts Kala/Kala/Charts/Database/Politicians_Rulers/John Howard.cht,Astrology-Database/Chart-Collections/Birth-detail-collections/Charts Kala/Kala/Charts/Database/Politicians_Rulers/John Howard.cht,ee3e65a39f0f3ae0074e5022091efc67616c6044d6cc6048b895e9bc24be6395,ee3e65a39f0f3ae0074e5022091efc67616c6044d6cc6048b895e9bc24be6395,moved,Astrology/Chart-Collections,ee3e65a39f0f3ae0074e5022091efc67616c6044d6cc6048b895e9bc24be6395,no
Astrology-Database/Birth-detail-collections/Charts Kala/Kala/Charts/Database/Politicians_Rulers/John Kerry.cht,Astrology-Database/Chart-Collections/Birth-detail-collections/Charts Kala/Kala/Charts/Database/Politicians_Rulers/John Kerry.cht,7d110c55c529cdb6959e7035bb1ea9c20e36ba2729bb59be3dd83928ef86114c,7d110c55c529cdb6959e7035bb1ea9c20e36ba2729bb59be3dd83928ef86114c,moved,Astrology/Chart-Collections,7d110c55c529cdb6959e7035bb1ea9c20e36ba2729bb59be3dd83928ef86114c,no
Astrology-Database/Birth-detail-collections/Charts Kala/Kala/Charts/Database/Politicians_Rulers/John Tyler.cht,Astrology-Database/Chart-Collections/Birth-detail-collections/Charts Kala/Kala/Charts/Database/Politicians_Rulers/John Tyler.cht,eae09c2f9a1a8c4444ab5e5c664275dc1ff443dad35aae12b990655049a3cde5,eae09c2f9a1a8c4444ab5e5c664275dc1ff443dad35aae12b990655049a3cde5,moved,Astrology/Chart-Collections,eae09c2f9a1a8c4444ab5e5c664275dc1ff443dad35aae12b990655049a3cde5,no
Astrology-Database/Birth-detail-collections/Charts Kala/Kala/Charts/Database/Politicians_Rulers/Joseph Goebbels.cht,Astrology-Database/Chart-Collections/Birth-detail-collections/Charts Kala/Kala/Charts/Database/Politicians_Rulers/Joseph Goebbels.cht,c6043a3317eb5dcb7b8ef5115de8155740ddaee460df97139a5db0fda02a6062,c6043a3317eb5dcb7b8ef5115de8155740ddaee460df97139a5db0fda02a6062,moved,Astrology/Chart-Collections,c6043a3317eb5dcb7b8ef5115de8155740ddaee460df97139a5db0fda02a6062,no
Astrology-Database/Birth-detail-collections/Charts Kala/Kala/Charts/Database/Politicians_Rulers/Juan Carlos.cht,Astrology-Database/Chart-Collections/Birth-detail-collections/Charts Kala/Kala/Charts/Database/Politicians_Rulers/Juan Carlos.cht,2dca9ddb45f21f7c8efddd161015632a87c77fff215613a02c2d902b194674b6,2dca9ddb45f21f7c8efddd161015632a87c77fff215613a02c2d902b194674b6,moved,Astrology/Chart-Collections,2dca9ddb45f21f7c8efddd161015632a87c77fff215613a02c2d902b194674b6,no
Astrology-Database/Birth-detail-collections/Charts Kala/Kala/Charts/Database/Politicians_Rulers/Kevin Rudd.cht,Astrology-Database/Chart-Collections/Birth-detail-collections/Charts Kala/Kala/Charts/Database/Politicians_Rulers/Kevin Rudd.cht,2455d601187dbcce26e37ea7be57a51306dfb112c7ea69a8dcb55a20ce7d05b3,2455d601187dbcce26e37ea7be57a51306dfb112c7ea69a8dcb55a20ce7d05b3,moved,Astrology/Chart-Collections,2455d601187dbcce26e37ea7be57a51306dfb112c7ea69a8dcb55a20ce7d05b3,no
Astrology-Database/Birth-detail-collections/Charts Kala/Kala/Charts/Database/Politicians_Rulers/King Henry VIII.cht,Astrology-Database/Chart-Collections/Birth-detail-collections/Charts Kala/Kala/Charts/Database/Politicians_Rulers/King Henry VIII.cht,fc27da703c9b4a820b9cc05e8c2e806e31f561a114396941ba3a52b9eb3c7c71,fc27da703c9b4a820b9cc05e8c2e806e31f561a114396941ba3a52b9eb3c7c71,moved,Astrology/Chart-Collections,fc27da703c9b4a820b9cc05e8c2e806e31f561a114396941ba3a52b9eb3c7c71,no
Astrology-Database/Birth-detail-collections/Charts Kala/Kala/Charts/Database/Politicians_Rulers/Konrad Adenauer.cht,Astrology-Database/Chart-Collections/Birth-detail-collections/Charts Kala/Kala/Charts/Database/Politicians_Rulers/Konrad Adenauer.cht,869beb65cf9529c01f7748a39dae504c495af52fc1f05c64122b1b9af747df36,869beb65cf9529c01f7748a39dae504c495af52fc1f05c64122b1b9af747df36,moved,Astrology/Chart-Collections,869beb65cf9529c01f7748a39dae504c495af52fc1f05c64122b1b9af747df36,no
Astrology-Database/Birth-detail-collections/Charts Kala/Kala/Charts/Database/Politicians_Rulers/Lady Bird Johnson.cht,Astrology-Database/Chart-Collections/Birth-detail-collections/Charts Kala/Kala/Charts/Database/Politicians_Rulers/Lady Bird Johnson.cht,7f108bf93a531e52e05dd3d1394e47a33e96a85715c4fb75a605bb5cb5a6f41b,7f108bf93a531e52e05dd3d1394e47a33e96a85715c4fb75a605bb5cb5a6f41b,moved,Astrology/Chart-Collections,7f108bf93a531e52e05dd3d1394e47a33e96a85715c4fb75a605bb5cb5a6f41b,no
Astrology-Database/Birth-detail-collections/Charts Kala/Kala/Charts/Database/Politicians_Rulers/Leon Trotsky.cht,Astrology-Database/Chart-Collections/Birth-detail-collections/Charts Kala/Kala/Charts/Database/Politicians_Rulers/Leon Trotsky.cht,c1c7663662572ca7646f0ee16e77d900d4a7c7a0aa257f358ed4f451614409ed,c1c7663662572ca7646f0ee16e77d900d4a7c7a0aa257f358ed4f451614409ed,moved,Astrology/Chart-Collections,c1c7663662572ca7646f0ee16e77d900d4a7c7a0aa257f358ed4f451614409ed,no
Astrology-Database/Birth-detail-collections/Charts Kala/Kala/Charts/Database/Politicians_Rulers/Lord Mountbatten.cht,Astrology-Database/Chart-Collections/Birth-detail-collections/Charts Kala/Kala/Charts/Database/Politicians_Rulers/Lord Mountbatten.cht,d2eb76d0b204803779d837ee5225ff3a40eb700c26e477956dea5e93956224e6,d2eb76d0b204803779d837ee5225ff3a40eb700c26e477956dea5e93956224e6,moved,Astrology/Chart-Collections,d2eb76d0b204803779d837ee5225ff3a40eb700c26e477956dea5e93956224e6,no
Astrology-Database/Birth-detail-collections/Charts Kala/Kala/Charts/Database/Politicians_Rulers/Louis XIV.cht,Astrology-Database/Chart-Collections/Birth-detail-collections/Charts Kala/Kala/Charts/Database/Politicians_Rulers/Louis XIV.cht,8ae85ef9d7a65bde8bbd060df165f080326dd5dc831c13de666cddc25d02994b,8ae85ef9d7a65bde8bbd060df165f080326dd5dc831c13de666cddc25d02994b,moved,Astrology/Chart-Collections,8ae85ef9d7a65bde8bbd060df165f080326dd5dc831c13de666cddc25d02994b,no
Astrology-Database/Birth-detail-collections/Charts Kala/Kala/Charts/Database/Politicians_Rulers/Makarios III.cht,Astrology-Database/Chart-Collections/Birth-detail-collections/Charts Kala/Kala/Charts/Database/Politicians_Rulers/Makarios III.cht,4e6acf8df1f2eb5f166243e298de9fc4cb3274f96c977753b77b1ad9dcbf88a9,4e6acf8df1f2eb5f166243e298de9fc4cb3274f96c977753b77b1ad9dcbf88a9,moved,Astrology/Chart-Collections,4e6acf8df1f2eb5f166243e298de9fc4cb3274f96c977753b77b1ad9dcbf88a9,no
Astrology-Database/Birth-detail-collections/Charts Kala/Kala/Charts/Database/Politicians_Rulers/Margaret Thatcher.cht,Astrology-Database/Chart-Collections/Birth-detail-collections/Charts Kala/Kala/Charts/Database/Politicians_Rulers/Margaret Thatcher.cht,81ae1d50641e0f4a344c29e4aa1161a9ef9f701087f04b9daa49df07ceec6ba4,81ae1d50641e0f4a344c29e4aa1161a9ef9f701087f04b9daa49df07ceec6ba4,moved,Astrology/Chart-Collections,81ae1d50641e0f4a344c29e4aa1161a9ef9f701087f04b9daa49df07ceec6ba4,no
Astrology-Database/Birth-detail-collections/Charts Kala/Kala/Charts/Database/Politicians_Rulers/Maureen.cht,Astrology-Database/Chart-Collections/Birth-detail-collections/Charts Kala/Kala/Charts/Database/Politicians_Rulers/Maureen.cht,9cd923fdd211001f2df52120b37cdc9c728cbbd645506a4a5fad5aef229cb922,9cd923fdd211001f2df52120b37cdc9c728cbbd645506a4a5fad5aef229cb922,moved,Astrology/Chart-Collections,9cd923fdd211001f2df52120b37cdc9c728cbbd645506a4a5fad5aef229cb922,no
Astrology-Database/Birth-detail-collections/Charts Kala/Kala/Charts/Database/Politicians_Rulers/Maximilian_ Emperor.cht,Astrology-Database/Chart-Collections/Birth-detail-collections/Charts Kala/Kala/Charts/Database/Politicians_Rulers/Maximilian_ Emperor.cht,63cff0cecce1f95eeb06dd9ce11677fba1dc60491f8db7c31305c374c9c8f432,63cff0cecce1f95eeb06dd9ce11677fba1dc60491f8db7c31305c374c9c8f432,moved,Astrology/Chart-Collections,63cff0cecce1f95eeb06dd9ce11677fba1dc60491f8db7c31305c374c9c8f432,no
Astrology-Database/Birth-detail-collections/Charts Kala/Kala/Charts/Database/Politicians_Rulers/Mccain 2.cht,Astrology-Database/Chart-Collections/Birth-detail-collections/Charts Kala/Kala/Charts/Database/Politicians_Rulers/Mccain 2.cht,376b0e501c4dfd8158c536addfd57f760b55401ad09adc580c1ed1e518257c41,376b0e501c4dfd8158c536addfd57f760b55401ad09adc580c1ed1e518257c41,moved,Astrology/Chart-Collections,376b0e501c4dfd8158c536addfd57f760b55401ad09adc580c1ed1e518257c41,no
Astrology-Database/Birth-detail-collections/Charts Kala/Kala/Charts/Database/Politicians_Rulers/McCain.cht,Astrology-Database/Chart-Collections/Birth-detail-collections/Charts Kala/Kala/Charts/Database/Politicians_Rulers/McCain.cht,833fbec98daa065cc5c70a624c5438273128dc3aa5b8d90646f60ab0ce3755ea,833fbec98daa065cc5c70a624c5438273128dc3aa5b8d90646f60ab0ce3755ea,moved,Astrology/Chart-Collections,833fbec98daa065cc5c70a624c5438273128dc3aa5b8d90646f60ab0ce3755ea,no
Astrology-Database/Birth-detail-collections/Charts Kala/Kala/Charts/Database/Politicians_Rulers/Meet Barbara.cht,Astrology-Database/Chart-Collections/Birth-detail-collections/Charts Kala/Kala/Charts/Database/Politicians_Rulers/Meet Barbara.cht,c9215b220b32fcfa5ce877ec2b59cbf02c9b64032da1e4486dd3250ffee4bcdf,c9215b220b32fcfa5ce877ec2b59cbf02c9b64032da1e4486dd3250ffee4bcdf,moved,Astrology/Chart-Collections,c9215b220b32fcfa5ce877ec2b59cbf02c9b64032da1e4486dd3250ffee4bcdf,no
Astrology-Database/Birth-detail-collections/Charts Kala/Kala/Charts/Database/Politicians_Rulers/Mikhail Gorbachev.cht,Astrology-Database/Chart-Collections/Birth-detail-collections/Charts Kala/Kala/Charts/Database/Politicians_Rulers/Mikhail Gorbachev.cht,f6b39572246897c93b86fd8b1aa347d79b0f85d58b1f0a724da99a99628d2025,f6b39572246897c93b86fd8b1aa347d79b0f85d58b1f0a724da99a99628d2025,moved,Astrology/Chart-Collections,f6b39572246897c93b86fd8b1aa347d79b0f85d58b1f0a724da99a99628d2025,no
Astrology-Database/Birth-detail-collections/Charts Kala/Kala/Charts/Database/Politicians_Rulers/Morarjii Desai.cht,Astrology-Database/Chart-Collections/Birth-detail-collections/Charts Kala/Kala/Charts/Database/Politicians_Rulers/Morarjii Desai.cht,fe693358e4b99b2ab3bbfafaa4cf89b3945ba5a2a17eb396cd889adf350cec66,fe693358e4b99b2ab3bbfafaa4cf89b3945ba5a2a17eb396cd889adf350cec66,moved,Astrology/Chart-Collections,fe693358e4b99b2ab3bbfafaa4cf89b3945ba5a2a17eb396cd889adf350cec66,no
Astrology-Database/Birth-detail-collections/Charts Kala/Kala/Charts/Database/Politicians_Rulers/Nancy Reagan.cht,Astrology-Database/Chart-Collections/Birth-detail-collections/Charts Kala/Kala/Charts/Database/Politicians_Rulers/Nancy Reagan.cht,003929125b3eedbd8078bb1472da1b5a425a310f3113389a69aaf77e1048cdbd,003929125b3eedbd8078bb1472da1b5a425a310f3113389a69aaf77e1048cdbd,moved,Astrology/Chart-Collections,003929125b3eedbd8078bb1472da1b5a425a310f3113389a69aaf77e1048cdbd,no
Astrology-Database/Birth-detail-collections/Charts Kala/Kala/Charts/Database/Politicians_Rulers/Napoleon III.cht,Astrology-Database/Chart-Collections/Birth-detail-collections/Charts Kala/Kala/Charts/Database/Politicians_Rulers/Napoleon III.cht,e434695e6b3d06678c15af758359f90302361e4a317b2bfef283ad24ff2e2668,e434695e6b3d06678c15af758359f90302361e4a317b2bfef283ad24ff2e2668,moved,Astrology/Chart-Collections,e434695e6b3d06678c15af758359f90302361e4a317b2bfef283ad24ff2e2668,no
Astrology-Database/Birth-detail-collections/Charts Kala/Kala/Charts/Database/Politicians_Rulers/Nelson Mandela.cht,Astrology-Database/Chart-Collections/Birth-detail-collections/Charts Kala/Kala/Charts/Database/Politicians_Rulers/Nelson Mandela.cht,4fe0d7e913ba71ce98e1933d932517085ea3dfa55c2c852295fd3770e1ebd17c,4fe0d7e913ba71ce98e1933d932517085ea3dfa55c2c852295fd3770e1ebd17c,moved,Astrology/Chart-Collections,4fe0d7e913ba71ce98e1933d932517085ea3dfa55c2c852295fd3770e1ebd17c,no
Astrology-Database/Birth-detail-collections/Charts Kala/Kala/Charts/Database/Politicians_Rulers/Nicholas II.cht,Astrology-Database/Chart-Collections/Birth-detail-collections/Charts Kala/Kala/Charts/Database/Politicians_Rulers/Nicholas II.cht,c91b92d75e89d6f7ec1e871be420088a902fa17c1722cc72e1edcbb9cc11ad20,c91b92d75e89d6f7ec1e871be420088a902fa17c1722cc72e1edcbb9cc11ad20,moved,Astrology/Chart-Collections,c91b92d75e89d6f7ec1e871be420088a902fa17c1722cc72e1edcbb9cc11ad20,no
Astrology-Database/Birth-detail-collections/Charts Kala/Kala/Charts/Database/Politicians_Rulers/Pat Nixon.cht,Astrology-Database/Chart-Collections/Birth-detail-collections/Charts Kala/Kala/Charts/Database/Politicians_Rulers/Pat Nixon.cht,9be48a14b853f8f51f31746195fdd9d93206c83cbbd2c392e0f71b395cf49710,9be48a14b853f8f51f31746195fdd9d93206c83cbbd2c392e0f71b395cf49710,moved,Astrology/Chart-Collections,9be48a14b853f8f51f31746195fdd9d93206c83cbbd2c392e0f71b395cf49710,no
Astrology-Database/Birth-detail-collections/Charts Kala/Kala/Charts/Database/Politicians_Rulers/Pierre Trudeau.cht,Astrology-Database/Chart-Collections/Birth-detail-collections/Charts Kala/Kala/Charts/Database/Politicians_Rulers/Pierre Trudeau.cht,c88e172569cdce39832d7876e33d6821854533844405655635fc0c4c4786367b,c88e172569cdce39832d7876e33d6821854533844405655635fc0c4c4786367b,moved,Astrology/Chart-Collections,c88e172569cdce39832d7876e33d6821854533844405655635fc0c4c4786367b,no
Astrology-Database/Birth-detail-collections/Charts Kala/Kala/Charts/Database/Politicians_Rulers/Prince Charles.cht,Astrology-Database/Chart-Collections/Birth-detail-collections/Charts Kala/Kala/Charts/Database/Politicians_Rulers/Prince Charles.cht,2779c2c586d76352dbcafb62bd0da0c59c3ce4771b19bf61643570be57a1db84,2779c2c586d76352dbcafb62bd0da0c59c3ce4771b19bf61643570be57a1db84,moved,Astrology/Chart-Collections,2779c2c586d76352dbcafb62bd0da0c59c3ce4771b19bf61643570be57a1db84,no
Astrology-Database/Birth-detail-collections/Charts Kala/Kala/Charts/Database/Politicians_Rulers/Prince William.cht,Astrology-Database/Chart-Collections/Birth-detail-collections/Charts Kala/Kala/Charts/Database/Politicians_Rulers/Prince William.cht,239ad34bf95cf593dc012ee21f41729deb3d242914cbb7b6a0c1c03eaa98ce88,239ad34bf95cf593dc012ee21f41729deb3d242914cbb7b6a0c1c03eaa98ce88,moved,Astrology/Chart-Collections,239ad34bf95cf593dc012ee21f41729deb3d242914cbb7b6a0c1c03eaa98ce88,no
Astrology-Database/Birth-detail-collections/Charts Kala/Kala/Charts/Database/Politicians_Rulers/Princess Diana.cht,Astrology-Database/Chart-Collections/Birth-detail-collections/Charts Kala/Kala/Charts/Database/Politicians_Rulers/Princess Diana.cht,851a94dd14229c4e92085fc697d371ec450aecd630699374b3b25873b0e5dc07,851a94dd14229c4e92085fc697d371ec450aecd630699374b3b25873b0e5dc07,moved,Astrology/Chart-Collections,851a94dd14229c4e92085fc697d371ec450aecd630699374b3b25873b0e5dc07,no
Astrology-Database/Birth-detail-collections/Charts Kala/Kala/Charts/Database/Politicians_Rulers/Queen Anne.cht,Astrology-Database/Chart-Collections/Birth-detail-collections/Charts Kala/Kala/Charts/Database/Politicians_Rulers/Queen Anne.cht,1934337dffe201c90e8718cca7ce173aaaf715376702fd383399dc13e9671dfe,1934337dffe201c90e8718cca7ce173aaaf715376702fd383399dc13e9671dfe,moved,Astrology/Chart-Collections,1934337dffe201c90e8718cca7ce173aaaf715376702fd383399dc13e9671dfe,no
Astrology-Database/Birth-detail-collections/Charts Kala/Kala/Charts/Database/Politicians_Rulers/Rajiv Gandhi.cht,Astrology-Database/Chart-Collections/Birth-detail-collections/Charts Kala/Kala/Charts/Database/Politicians_Rulers/Rajiv Gandhi.cht,b3c3c99fe75f39978d8f872406f4206dd63164e9f12dce340fad8e9df26a27be,b3c3c99fe75f39978d8f872406f4206dd63164e9f12dce340fad8e9df26a27be,moved,Astrology/Chart-Collections,b3c3c99fe75f39978d8f872406f4206dd63164e9f12dce340fad8e9df26a27be,no
Astrology-Database/Birth-detail-collections/Charts Kala/Kala/Charts/Database/Politicians_Rulers/Richard Cromwell.cht,Astrology-Database/Chart-Collections/Birth-detail-collections/Charts Kala/Kala/Charts/Database/Politicians_Rulers/Richard Cromwell.cht,2d432b344505358b20c6b804128b216e9b41361abdf7553eaec1e23c270b6297,2d432b344505358b20c6b804128b216e9b41361abdf7553eaec1e23c270b6297,moved,Astrology/Chart-Collections,2d432b344505358b20c6b804128b216e9b41361abdf7553eaec1e23c270b6297,no
Astrology-Database/Birth-detail-collections/Charts Kala/Kala/Charts/Database/Politicians_Rulers/Richard Nixon.cht,Astrology-Database/Chart-Collections/Birth-detail-collections/Charts Kala/Kala/Charts/Database/Politicians_Rulers/Richard Nixon.cht,1945195222bab15513fd132bee4868252584a01b39a4d85f64f2a219905173b2,1945195222bab15513fd132bee4868252584a01b39a4d85f64f2a219905173b2,moved,Astrology/Chart-Collections,1945195222bab15513fd132bee4868252584a01b39a4d85f64f2a219905173b2,no
Astrology-Database/Birth-detail-collections/Charts Kala/Kala/Charts/Database/Politicians_Rulers/Robert.Kennedy.cht,Astrology-Database/Chart-Collections/Birth-detail-collections/Charts Kala/Kala/Charts/Database/Politicians_Rulers/Robert.Kennedy.cht,f94379ec38ed9e5e13e0c57947dbcf959b868b2a12b9f50f9befe4074af6cbf2,f94379ec38ed9e5e13e0c57947dbcf959b868b2a12b9f50f9befe4074af6cbf2,moved,Astrology/Chart-Collections,f94379ec38ed9e5e13e0c57947dbcf959b868b2a12b9f50f9befe4074af6cbf2,no
Astrology-Database/Birth-detail-collections/Charts Kala/Kala/Charts/Database/Politicians_Rulers/Rosalyn Carter.cht,Astrology-Database/Chart-Collections/Birth-detail-collections/Charts Kala/Kala/Charts/Database/Politicians_Rulers/Rosalyn Carter.cht,18dcd1dc14a58ddfe074be4437bcc3bc1c7d25533c70d0d06ab862cf263c7fc6,18dcd1dc14a58ddfe074be4437bcc3bc1c7d25533c70d0d06ab862cf263c7fc6,moved,Astrology/Chart-Collections,18dcd1dc14a58ddfe074be4437bcc3bc1c7d25533c70d0d06ab862cf263c7fc6,no
Astrology-Database/Birth-detail-collections/Charts Kala/Kala/Charts/Database/Politicians_Rulers/Ross Perot.cht,Astrology-Database/Chart-Collections/Birth-detail-collections/Charts Kala/Kala/Charts/Database/Politicians_Rulers/Ross Perot.cht,bb91e5f5c484f5a084985fc4e693fe82e70e449661c5563c641a16babad9d181,bb91e5f5c484f5a084985fc4e693fe82e70e449661c5563c641a16babad9d181,moved,Astrology/Chart-Collections,bb91e5f5c484f5a084985fc4e693fe82e70e449661c5563c641a16babad9d181,no
Astrology-Database/Birth-detail-collections/Charts Kala/Kala/Charts/Database/Politicians_Rulers/Saddam Hussein.cht,Astrology-Database/Chart-Collections/Birth-detail-collections/Charts Kala/Kala/Charts/Database/Politicians_Rulers/Saddam Hussein.cht,60dfbf57f8c492e138430c09264dbdb8b9a109d4b8956ab853ec3f6d183122f5,60dfbf57f8c492e138430c09264dbdb8b9a109d4b8956ab853ec3f6d183122f5,moved,Astrology/Chart-Collections,60dfbf57f8c492e138430c09264dbdb8b9a109d4b8956ab853ec3f6d183122f5,no
Astrology-Database/Birth-detail-collections/Charts Kala/Kala/Charts/Database/Politicians_Rulers/Sarah Palin.cht,Astrology-Database/Chart-Collections/Birth-detail-collections/Charts Kala/Kala/Charts/Database/Politicians_Rulers/Sarah Palin.cht,6fade9401d848014047cb707cdcfbbe4bea65cdcfacd80f6afdc9e55b5b02bb9,6fade9401d848014047cb707cdcfbbe4bea65cdcfacd80f6afdc9e55b5b02bb9,moved,Astrology/Chart-Collections,6fade9401d848014047cb707cdcfbbe4bea65cdcfacd80f6afdc9e55b5b02bb9,no
Astrology-Database/Birth-detail-collections/Charts Kala/Kala/Charts/Database/Politicians_Rulers/Tallygrand-Perigord.cht,Astrology-Database/Chart-Collections/Birth-detail-collections/Charts Kala/Kala/Charts/Database/Politicians_Rulers/Tallygrand-Perigord.cht,6bd6f4cb282e3ec1a4ced85cb88861817f027739caf6294f72bef36f0a6a6ae7,6bd6f4cb282e3ec1a4ced85cb88861817f027739caf6294f72bef36f0a6a6ae7,moved,Astrology/Chart-Collections,6bd6f4cb282e3ec1a4ced85cb88861817f027739caf6294f72bef36f0a6a6ae7,no
Astrology-Database/Birth-detail-collections/Charts Kala/Kala/Charts/Database/Politicians_Rulers/Ted Kennedy.cht,Astrology-Database/Chart-Collections/Birth-detail-collections/Charts Kala/Kala/Charts/Database/Politicians_Rulers/Ted Kennedy.cht,ffde6d1dfe4ab9ef2ad8cb838f8c03cc532968aaf92e2c250a92a3c7a1ae8a97,ffde6d1dfe4ab9ef2ad8cb838f8c03cc532968aaf92e2c250a92a3c7a1ae8a97,moved,Astrology/Chart-Collections,ffde6d1dfe4ab9ef2ad8cb838f8c03cc532968aaf92e2c250a92a3c7a1ae8a97,no
Astrology-Database/Birth-detail-collections/Charts Kala/Kala/Charts/Database/Politicians_Rulers/Theodore Roosevelt.cht,Astrology-Database/Chart-Collections/Birth-detail-collections/Charts Kala/Kala/Charts/Database/Politicians_Rulers/Theodore Roosevelt.cht,968ead76f0bf8bd72297e7c1486b9581ee01ade1f417aa5327f1533c182aae0a,968ead76f0bf8bd72297e7c1486b9581ee01ade1f417aa5327f1533c182aae0a,moved,Astrology/Chart-Collections,968ead76f0bf8bd72297e7c1486b9581ee01ade1f417aa5327f1533c182aae0a,no
Astrology-Database/Birth-detail-collections/Charts Kala/Kala/Charts/Database/Politicians_Rulers/Thomas E Dewey.cht,Astrology-Database/Chart-Collections/Birth-detail-collections/Charts Kala/Kala/Charts/Database/Politicians_Rulers/Thomas E Dewey.cht,76346975201d4399fbf40a2ba46c59361baa22b9a687a237462105d3703df9d1,76346975201d4399fbf40a2ba46c59361baa22b9a687a237462105d3703df9d1,moved,Astrology/Chart-Collections,76346975201d4399fbf40a2ba46c59361baa22b9a687a237462105d3703df9d1,no
Astrology-Database/Birth-detail-collections/Charts Kala/Kala/Charts/Database/Politicians_Rulers/Thomas Paine.cht,Astrology-Database/Chart-Collections/Birth-detail-collections/Charts Kala/Kala/Charts/Database/Politicians_Rulers/Thomas Paine.cht,a761c05a419911e49097492e56f3c6d2bd6258de10b62b8422548a3eec6a812c,a761c05a419911e49097492e56f3c6d2bd6258de10b62b8422548a3eec6a812c,moved,Astrology/Chart-Collections,a761c05a419911e49097492e56f3c6d2bd6258de10b62b8422548a3eec6a812c,no
Astrology-Database/Birth-detail-collections/Charts Kala/Kala/Charts/Database/Politicians_Rulers/Toussaint_ L'ouverture.cht,Astrology-Database/Chart-Collections/Birth-detail-collections/Charts Kala/Kala/Charts/Database/Politicians_Rulers/Toussaint_ L'ouverture.cht,bc02eb72394f059042bf96a5f633b018c46e3c53a801b3a23cf8f43c78e6e29c,bc02eb72394f059042bf96a5f633b018c46e3c53a801b3a23cf8f43c78e6e29c,moved,Astrology/Chart-Collections,bc02eb72394f059042bf96a5f633b018c46e3c53a801b3a23cf8f43c78e6e29c,no
Astrology-Database/Birth-detail-collections/Charts Kala/Kala/Charts/Database/Politicians_Rulers/Walter Mondale.cht,Astrology-Database/Chart-Collections/Birth-detail-collections/Charts Kala/Kala/Charts/Database/Politicians_Rulers/Walter Mondale.cht,eba18770b587cc67d0692579ff72c76018bc50aed32c490904e7032decf60843,eba18770b587cc67d0692579ff72c76018bc50aed32c490904e7032decf60843,moved,Astrology/Chart-Collections,eba18770b587cc67d0692579ff72c76018bc50aed32c490904e7032decf60843,no
Astrology-Database/Birth-detail-collections/Charts Kala/Kala/Charts/Database/Politicians_Rulers/Wendell Willkie.cht,Astrology-Database/Chart-Collections/Birth-detail-collections/Charts Kala/Kala/Charts/Database/Politicians_Rulers/Wendell Willkie.cht,00eb582ae3406aa5202d87e7fafdd9355c0ba9a51ee48eb5a98cb5eb4844c1d6,00eb582ae3406aa5202d87e7fafdd9355c0ba9a51ee48eb5a98cb5eb4844c1d6,moved,Astrology/Chart-Collections,00eb582ae3406aa5202d87e7fafdd9355c0ba9a51ee48eb5a98cb5eb4844c1d6,no
Astrology-Database/Birth-detail-collections/Charts Kala/Kala/Charts/Database/Politicians_Rulers/Wilhelmina.cht,Astrology-Database/Chart-Collections/Birth-detail-collections/Charts Kala/Kala/Charts/Database/Politicians_Rulers/Wilhelmina.cht,ceb5f6758acf6c6e79be7f692234bc4c936d2fb11e4696989b2ec5f406c438a5,ceb5f6758acf6c6e79be7f692234bc4c936d2fb11e4696989b2ec5f406c438a5,moved,Astrology/Chart-Collections,ceb5f6758acf6c6e79be7f692234bc4c936d2fb11e4696989b2ec5f406c438a5,no
Astrology-Database/Birth-detail-collections/Charts Kala/Kala/Charts/Database/Politicians_Rulers/William Harrison.cht,Astrology-Database/Chart-Collections/Birth-detail-collections/Charts Kala/Kala/Charts/Database/Politicians_Rulers/William Harrison.cht,0435befe4b45eb180337c12bfa9d5717d1186089c1ac7e2bfc789e2eda596696,0435befe4b45eb180337c12bfa9d5717d1186089c1ac7e2bfc789e2eda596696,moved,Astrology/Chart-Collections,0435befe4b45eb180337c12bfa9d5717d1186089c1ac7e2bfc789e2eda596696,no
Astrology-Database/Birth-detail-collections/Charts Kala/Kala/Charts/Database/Politicians_Rulers/William Howard Taft.cht,Astrology-Database/Chart-Collections/Birth-detail-collections/Charts Kala/Kala/Charts/Database/Politicians_Rulers/William Howard Taft.cht,ce5fed1931be8ec82314846e439d9c0c66fce18c9916344242c71bb00fb81a33,ce5fed1931be8ec82314846e439d9c0c66fce18c9916344242c71bb00fb81a33,moved,Astrology/Chart-Collections,ce5fed1931be8ec82314846e439d9c0c66fce18c9916344242c71bb00fb81a33,no
Astrology-Database/Birth-detail-collections/Charts Kala/Kala/Charts/Database/Scientists_Inventors/Adolf Butenandt.cht,Astrology-Database/Chart-Collections/Birth-detail-collections/Charts Kala/Kala/Charts/Database/Scientists_Inventors/Adolf Butenandt.cht,b5e8c689ee9422ab8004745b748593f81ee74de483afcfbd1972b16ebe7a9d82,b5e8c689ee9422ab8004745b748593f81ee74de483afcfbd1972b16ebe7a9d82,moved,Astrology/Chart-Collections,b5e8c689ee9422ab8004745b748593f81ee74de483afcfbd1972b16ebe7a9d82,no
Astrology-Database/Birth-detail-collections/Charts Kala/Kala/Charts/Database/Scientists_Inventors/Albert Einstein.cht,Astrology-Database/Chart-Collections/Birth-detail-collections/Charts Kala/Kala/Charts/Database/Scientists_Inventors/Albert Einstein.cht,d2d6e2cdf4f17ba84ed4d11d422abab6a8618e7100afad07a38ee02c5da098d5,d2d6e2cdf4f17ba84ed4d11d422abab6a8618e7100afad07a38ee02c5da098d5,moved,Astrology/Chart-Collections,d2d6e2cdf4f17ba84ed4d11d422abab6a8618e7100afad07a38ee02c5da098d5,no
Astrology-Database/Birth-detail-collections/Charts Kala/Kala/Charts/Database/Scientists_Inventors/Benjamin Franklin.cht,Astrology-Database/Chart-Collections/Birth-detail-collections/Charts Kala/Kala/Charts/Database/Scientists_Inventors/Benjamin Franklin.cht,269fea876d8ef6d6e52913bc338b7502c6821ca3f6854050fa5b1f1db7691664,269fea876d8ef6d6e52913bc338b7502c6821ca3f6854050fa5b1f1db7691664,moved,Astrology/Chart-Collections,269fea876d8ef6d6e52913bc338b7502c6821ca3f6854050fa5b1f1db7691664,no
Astrology-Database/Birth-detail-collections/Charts Kala/Kala/Charts/Database/Scientists_Inventors/Buzz Aldrin.cht,Astrology-Database/Chart-Collections/Birth-detail-collections/Charts Kala/Kala/Charts/Database/Scientists_Inventors/Buzz Aldrin.cht,ea787a9b9d9c5116fef5191f4e773c49e2bcdf4153a29dae9f106417a9c4abcb,ea787a9b9d9c5116fef5191f4e773c49e2bcdf4153a29dae9f106417a9c4abcb,moved,Astrology/Chart-Collections,ea787a9b9d9c5116fef5191f4e773c49e2bcdf4153a29dae9f106417a9c4abcb,no
Astrology-Database/Birth-detail-collections/Charts Kala/Kala/Charts/Database/Scientists_Inventors/Enrico Fermi.cht,Astrology-Database/Chart-Collections/Birth-detail-collections/Charts Kala/Kala/Charts/Database/Scientists_Inventors/Enrico Fermi.cht,45ed4d393ddeb11bd0de212d802f5bb662ccefc59de718e18995076d890ccd2b,45ed4d393ddeb11bd0de212d802f5bb662ccefc59de718e18995076d890ccd2b,moved,Astrology/Chart-Collections,45ed4d393ddeb11bd0de212d802f5bb662ccefc59de718e18995076d890ccd2b,no
Astrology-Database/Birth-detail-collections/Charts Kala/Kala/Charts/Database/Scientists_Inventors/Giorgio Abetti.cht,Astrology-Database/Chart-Collections/Birth-detail-collections/Charts Kala/Kala/Charts/Database/Scientists_Inventors/Giorgio Abetti.cht,2d1741dbae356f7e3d4fdaa90d834f7048e5c6725bd886a8458434455b665311,2d1741dbae356f7e3d4fdaa90d834f7048e5c6725bd886a8458434455b665311,moved,Astrology/Chart-Collections,2d1741dbae356f7e3d4fdaa90d834f7048e5c6725bd886a8458434455b665311,no
Astrology-Database/Birth-detail-collections/Charts Kala/Kala/Charts/Database/Scientists_Inventors/Hans Adolf Krebs.cht,Astrology-Database/Chart-Collections/Birth-detail-collections/Charts Kala/Kala/Charts/Database/Scientists_Inventors/Hans Adolf Krebs.cht,a63efeac07f7ef1dcdeea5ef8936aeca8736cf715612179d9d0e10646c3badf7,a63efeac07f7ef1dcdeea5ef8936aeca8736cf715612179d9d0e10646c3badf7,moved,Astrology/Chart-Collections,a63efeac07f7ef1dcdeea5ef8936aeca8736cf715612179d9d0e10646c3badf7,no
Astrology-Database/Birth-detail-collections/Charts Kala/Kala/Charts/Database/Scientists_Inventors/Henry Ford.cht,Astrology-Database/Chart-Collections/Birth-detail-collections/Charts Kala/Kala/Charts/Database/Scientists_Inventors/Henry Ford.cht,b673271de17fd6d985e29f39becbf5c58463156e1197ab0253e17af121c643ff,b673271de17fd6d985e29f39becbf5c58463156e1197ab0253e17af121c643ff,moved,Astrology/Chart-Collections,b673271de17fd6d985e29f39becbf5c58463156e1197ab0253e17af121c643ff,no
Astrology-Database/Birth-detail-collections/Charts Kala/Kala/Charts/Database/Scientists_Inventors/John Delorean.cht,Astrology-Database/Chart-Collections/Birth-detail-collections/Charts Kala/Kala/Charts/Database/Scientists_Inventors/John Delorean.cht,d1238c404b025acd156471fd4393c5478f5a6fc1ab1f25ab6a0686095016fbda,d1238c404b025acd156471fd4393c5478f5a6fc1ab1f25ab6a0686095016fbda,moved,Astrology/Chart-Collections,d1238c404b025acd156471fd4393c5478f5a6fc1ab1f25ab6a0686095016fbda,no
Astrology-Database/Birth-detail-collections/Charts Kala/Kala/Charts/Database/Scientists_Inventors/Margaret Mead.cht,Astrology-Database/Chart-Collections/Birth-detail-collections/Charts Kala/Kala/Charts/Database/Scientists_Inventors/Margaret Mead.cht,ff4cb5862262809c5df787cb5b664ba23dc230c870dfea8d600e68961245bc5b,ff4cb5862262809c5df787cb5b664ba23dc230c870dfea8d600e68961245bc5b,moved,Astrology/Chart-Collections,ff4cb5862262809c5df787cb5b664ba23dc230c870dfea8d600e68961245bc5b,no
Astrology-Database/Birth-detail-collections/Charts Kala/Kala/Charts/Database/Scientists_Inventors/Marie Curie.cht,Astrology-Database/Chart-Collections/Birth-detail-collections/Charts Kala/Kala/Charts/Database/Scientists_Inventors/Marie Curie.cht,66005d14c05102aff8c5c0d7d97dc3ee3c3a08c77a82ef3996fcc210bfbaddea,66005d14c05102aff8c5c0d7d97dc3ee3c3a08c77a82ef3996fcc210bfbaddea,moved,Astrology/Chart-Collections,66005d14c05102aff8c5c0d7d97dc3ee3c3a08c77a82ef3996fcc210bfbaddea,no
Astrology-Database/Birth-detail-collections/Charts Kala/Kala/Charts/Database/Scientists_Inventors/Micheal J SMith.cht,Astrology-Database/Chart-Collections/Birth-detail-collections/Charts Kala/Kala/Charts/Database/Scientists_Inventors/Micheal J SMith.cht,8b3c91072a22192ef475db3a42e8205b1c677ad911c953f6f5767b6b72e4b04f,8b3c91072a22192ef475db3a42e8205b1c677ad911c953f6f5767b6b72e4b04f,moved,Astrology/Chart-Collections,8b3c91072a22192ef475db3a42e8205b1c677ad911c953f6f5767b6b72e4b04f,no
Astrology-Database/Birth-detail-collections/Charts Kala/Kala/Charts/Database/Scientists_Inventors/Nikola Tesla.cht,Astrology-Database/Chart-Collections/Birth-detail-collections/Charts Kala/Kala/Charts/Database/Scientists_Inventors/Nikola Tesla.cht,cacbd332ed1505bdb90fda2b16d92de752c0cda0e09305e29c46104bf958fd8f,cacbd332ed1505bdb90fda2b16d92de752c0cda0e09305e29c46104bf958fd8f,moved,Astrology/Chart-Collections,cacbd332ed1505bdb90fda2b16d92de752c0cda0e09305e29c46104bf958fd8f,no
Astrology-Database/Birth-detail-collections/Charts Kala/Kala/Charts/Database/Scientists_Inventors/Orville Wright.cht,Astrology-Database/Chart-Collections/Birth-detail-collections/Charts Kala/Kala/Charts/Database/Scientists_Inventors/Orville Wright.cht,680c06b7eef57a41e241ee52b7c7c124a95fb67724d2ffc2ec43f4f1156cafc2,680c06b7eef57a41e241ee52b7c7c124a95fb67724d2ffc2ec43f4f1156cafc2,moved,Astrology/Chart-Collections,680c06b7eef57a41e241ee52b7c7c124a95fb67724d2ffc2ec43f4f1156cafc2,no
Astrology-Database/Birth-detail-collections/Charts Kala/Kala/Charts/Database/Scientists_Inventors/Paul Muller.cht,Astrology-Database/Chart-Collections/Birth-detail-collections/Charts Kala/Kala/Charts/Database/Scientists_Inventors/Paul Muller.cht,ed8711334a70c5105c4de109b27f8379207cd329d05763196d614bd0a65a1b0f,ed8711334a70c5105c4de109b27f8379207cd329d05763196d614bd0a65a1b0f,moved,Astrology/Chart-Collections,ed8711334a70c5105c4de109b27f8379207cd329d05763196d614bd0a65a1b0f,no
Astrology-Database/Birth-detail-collections/Charts Kala/Kala/Charts/Database/Scientists_Inventors/Tom Dooley.cht,Astrology-Database/Chart-Collections/Birth-detail-collections/Charts Kala/Kala/Charts/Database/Scientists_Inventors/Tom Dooley.cht,8d5d6e5510c91dfd3f25cb944de83da1bf6afc3fa9d6c25c16bcdaf38c84c52d,8d5d6e5510c91dfd3f25cb944de83da1bf6afc3fa9d6c25c16bcdaf38c84c52d,moved,Astrology/Chart-Collections,8d5d6e5510c91dfd3f25cb944de83da1bf6afc3fa9d6c25c16bcdaf38c84c52d,no
Astrology-Database/Birth-detail-collections/Charts Kala/Kala/Charts/Database/Scientists_Inventors/Wilbur Wright.cht,Astrology-Database/Chart-Collections/Birth-detail-collections/Charts Kala/Kala/Charts/Database/Scientists_Inventors/Wilbur Wright.cht,1563623476312df608ceb79d5ce2d885ce5fce8a1b8ccc76c9632bd3cc503a47,1563623476312df608ceb79d5ce2d885ce5fce8a1b8ccc76c9632bd3cc503a47,moved,Astrology/Chart-Collections,1563623476312df608ceb79d5ce2d885ce5fce8a1b8ccc76c9632bd3cc503a47,no
Astrology-Database/Birth-detail-collections/Charts Kala/Kala/Charts/Database/Victims/Julianne Frances Kelly.cht,Astrology-Database/Chart-Collections/Birth-detail-collections/Charts Kala/Kala/Charts/Database/Victims/Julianne Frances Kelly.cht,6da3d557a34e7d457bde42604b7f101a3a689bcc6ce5fd526d57ba205cd19010,6da3d557a34e7d457bde42604b7f101a3a689bcc6ce5fd526d57ba205cd19010,moved,Astrology/Chart-Collections,6da3d557a34e7d457bde42604b7f101a3a689bcc6ce5fd526d57ba205cd19010,no
Astrology-Database/Birth-detail-collections/Charts Kala/Kala/Charts/Database/Victims/Sexually Assaulted 1.cht,Astrology-Database/Chart-Collections/Birth-detail-collections/Charts Kala/Kala/Charts/Database/Victims/Sexually Assaulted 1.cht,d0515d8563f251154f6a300481e3399386e5907eb5b4c420327ea1a4bd10a048,d0515d8563f251154f6a300481e3399386e5907eb5b4c420327ea1a4bd10a048,moved,Astrology/Chart-Collections,d0515d8563f251154f6a300481e3399386e5907eb5b4c420327ea1a4bd10a048,no
Astrology-Database/Birth-detail-collections/Charts Kala/Kala/Charts/Jigyasa.cht,Astrology-Database/Chart-Collections/Birth-detail-collections/Charts Kala/Kala/Charts/Jigyasa.cht,cea6e6abad63984d226655aebd26f20127a88fc1ca6c7b8eafa0cec91ba13ec5,cea6e6abad63984d226655aebd26f20127a88fc1ca6c7b8eafa0cec91ba13ec5,moved,Astrology/Chart-Collections,cea6e6abad63984d226655aebd26f20127a88fc1ca6c7b8eafa0cec91ba13ec5,no
Astrology-Database/Birth-detail-collections/Database jhora/Abhishek.jhd,Astrology-Database/Chart-Collections/Birth-detail-collections/Database jhora/Abhishek.jhd,758977d9921835d5ea8de05bd5cf43993521e717f16863cfbf38f27751413249,758977d9921835d5ea8de05bd5cf43993521e717f16863cfbf38f27751413249,moved,Astrology/Chart-Collections,758977d9921835d5ea8de05bd5cf43993521e717f16863cfbf38f27751413249,no
Astrology-Database/Birth-detail-collections/Database jhora/ADITY_JIGfrnd.jhd,Astrology-Database/Chart-Collections/Birth-detail-collections/Database jhora/ADITY_JIGfrnd.jhd,5733e924d3fd42965280300d22e2191c88f48060d6e6867175f349974504b9dc,5733e924d3fd42965280300d22e2191c88f48060d6e6867175f349974504b9dc,moved,Astrology/Chart-Collections,5733e924d3fd42965280300d22e2191c88f48060d6e6867175f349974504b9dc,no
Astrology-Database/Birth-detail-collections/Database jhora/Aklhilesh-Yadava.jpg,Astrology-Database/Chart-Collections/Birth-detail-collections/Database jhora/Aklhilesh-Yadava.jpg,f3758e529f2813670eb47265e597cc64685563bbd46b6591a146af59c1f4c863,f3758e529f2813670eb47265e597cc64685563bbd46b6591a146af59c1f4c863,moved,Astrology/Chart-Collections,f3758e529f2813670eb47265e597cc64685563bbd46b6591a146af59c1f4c863,no
Astrology-Database/Birth-detail-collections/Database jhora/Albert Einstein bv.jhd,Astrology-Database/Chart-Collections/Birth-detail-collections/Database jhora/Albert Einstein bv.jhd,f7fd47b0778a3c4ee6fc6dd75123eb4e5e560ba966241b6cacb735dbc9cf14fa,f7fd47b0778a3c4ee6fc6dd75123eb4e5e560ba966241b6cacb735dbc9cf14fa,moved,Astrology/Chart-Collections,f7fd47b0778a3c4ee6fc6dd75123eb4e5e560ba966241b6cacb735dbc9cf14fa,no
Astrology-Database/Birth-detail-collections/Database jhora/Anjul ASTHANA.jhd,Astrology-Database/Chart-Collections/Birth-detail-collections/Database jhora/Anjul ASTHANA.jhd,f368a22f3f42e6de1231af8c7e81368eea5c7d2dda4c61869455f1d183587c81,f368a22f3f42e6de1231af8c7e81368eea5c7d2dda4c61869455f1d183587c81,moved,Astrology/Chart-Collections,f368a22f3f42e6de1231af8c7e81368eea5c7d2dda4c61869455f1d183587c81,no
Astrology-Database/Birth-detail-collections/Database jhora/Arpit saxena.jhd,Astrology-Database/Chart-Collections/Birth-detail-collections/Database jhora/Arpit saxena.jhd,10b9eb2e88369750a56d0951c8084216a2bfffc8bdf3e0807e5bada3e63386a7,10b9eb2e88369750a56d0951c8084216a2bfffc8bdf3e0807e5bada3e63386a7,moved,Astrology/Chart-Collections,10b9eb2e88369750a56d0951c8084216a2bfffc8bdf3e0807e5bada3e63386a7,no
Astrology-Database/Birth-detail-collections/Database jhora/Aurobindo Ghose.jhd,Astrology-Database/Chart-Collections/Birth-detail-collections/Database jhora/Aurobindo Ghose.jhd,80a51941cc5504251b27619c1f552c3176fd105ad470abed3fb51d539246612b,80a51941cc5504251b27619c1f552c3176fd105ad470abed3fb51d539246612b,moved,Astrology/Chart-Collections,80a51941cc5504251b27619c1f552c3176fd105ad470abed3fb51d539246612b,no
Astrology-Database/Birth-detail-collections/Database jhora/Author of this software.jhd,Astrology-Database/Chart-Collections/Birth-detail-collections/Database jhora/Author of this software.jhd,b5c3121f3e9b87aa5862aec4ccccf52cda9fcba87d3c6004ebefab92509ca60a,b5c3121f3e9b87aa5862aec4ccccf52cda9fcba87d3c6004ebefab92509ca60a,moved,Astrology/Chart-Collections,b5c3121f3e9b87aa5862aec4ccccf52cda9fcba87d3c6004ebefab92509ca60a,no
Astrology-Database/Birth-detail-collections/Database jhora/Bill gates.jhd,Astrology-Database/Chart-Collections/Birth-detail-collections/Database jhora/Bill gates.jhd,1ba09b7b450ef99b8962758312d8a8ea29486362d5d57257d2b7a7bfeacd82ef,1ba09b7b450ef99b8962758312d8a8ea29486362d5d57257d2b7a7bfeacd82ef,moved,Astrology/Chart-Collections,1ba09b7b450ef99b8962758312d8a8ea29486362d5d57257d2b7a7bfeacd82ef,no
Astrology-Database/Birth-detail-collections/Database jhora/Chester Bennington(Linkin Park).jhd,Astrology-Database/Chart-Collections/Birth-detail-collections/Database jhora/Chester Bennington(Linkin Park).jhd,0c61ac4037c163dfa0b77c287025c82037ec62859b083bd902341d5e520c7c7c,0c61ac4037c163dfa0b77c287025c82037ec62859b083bd902341d5e520c7c7c,moved,Astrology/Chart-Collections,0c61ac4037c163dfa0b77c287025c82037ec62859b083bd902341d5e520c7c7c,no
Astrology-Database/Birth-detail-collections/Database jhora/Cristiano ronaldo dos santos aveiro.jhd,Astrology-Database/Chart-Collections/Birth-detail-collections/Database jhora/Cristiano ronaldo dos santos aveiro.jhd,8c01fbb235fd90f4457b7b232c5257b0f24be46f4bee88cab2f3627c1838c78a,8c01fbb235fd90f4457b7b232c5257b0f24be46f4bee88cab2f3627c1838c78a,moved,Astrology/Chart-Collections,8c01fbb235fd90f4457b7b232c5257b0f24be46f4bee88cab2f3627c1838c78a,no
Astrology-Database/Birth-detail-collections/Database jhora/Deepika Tomar Astrotalk CEO Wife.jhd,Astrology-Database/Chart-Collections/Birth-detail-collections/Database jhora/Deepika Tomar Astrotalk CEO Wife.jhd,53c24d1dfbf8b551d5017647c935f2a5f831f4d65c77b6ccf0ab3936af77233b,53c24d1dfbf8b551d5017647c935f2a5f831f4d65c77b6ccf0ab3936af77233b,moved,Astrology/Chart-Collections,53c24d1dfbf8b551d5017647c935f2a5f831f4d65c77b6ccf0ab3936af77233b,no
Astrology-Database/Birth-detail-collections/Database jhora/Devansh.jhd,Astrology-Database/Chart-Collections/Birth-detail-collections/Database jhora/Devansh.jhd,9736cc25b7f041aded7db2d8df880386b6df6d10200c1240ebe43c96ae2caade,9736cc25b7f041aded7db2d8df880386b6df6d10200c1240ebe43c96ae2caade,moved,Astrology/Chart-Collections,9736cc25b7f041aded7db2d8df880386b6df6d10200c1240ebe43c96ae2caade,no
Astrology-Database/Birth-detail-collections/Database jhora/dhwani.jhd,Astrology-Database/Chart-Collections/Birth-detail-collections/Database jhora/dhwani.jhd,03cd612046621b2d6de2c4f8e27e21f04b30c190e316098ccc40a7b408f5ac4f,03cd612046621b2d6de2c4f8e27e21f04b30c190e316098ccc40a7b408f5ac4f,moved,Astrology/Chart-Collections,03cd612046621b2d6de2c4f8e27e21f04b30c190e316098ccc40a7b408f5ac4f,no
Astrology-Database/Birth-detail-collections/Database jhora/DIG civil servant.jhd,Astrology-Database/Chart-Collections/Birth-detail-collections/Database jhora/DIG civil servant.jhd,b1594eb8af1a5cdc34e223efa36e5d9646f080271cfaffe7024f890026054516,b1594eb8af1a5cdc34e223efa36e5d9646f080271cfaffe7024f890026054516,moved,Astrology/Chart-Collections,b1594eb8af1a5cdc34e223efa36e5d9646f080271cfaffe7024f890026054516,no
Astrology-Database/Birth-detail-collections/Database jhora/Donald Trump.jhd,Astrology-Database/Chart-Collections/Birth-detail-collections/Database jhora/Donald Trump.jhd,c1026dc261f3dce44be77fa44b1be032bb46352b7e90bb5fa364dd7ac63da47d,c1026dc261f3dce44be77fa44b1be032bb46352b7e90bb5fa364dd7ac63da47d,moved,Astrology/Chart-Collections,c1026dc261f3dce44be77fa44b1be032bb46352b7e90bb5fa364dd7ac63da47d,no
Astrology-Database/Birth-detail-collections/Database jhora/eminem.jhd,Astrology-Database/Chart-Collections/Birth-detail-collections/Database jhora/eminem.jhd,aa3d338c7c056269eeaa6f627ed9b00ce17871ebc20aa08975f43c52a24b30a6,aa3d338c7c056269eeaa6f627ed9b00ce17871ebc20aa08975f43c52a24b30a6,moved,Astrology/Chart-Collections,aa3d338c7c056269eeaa6f627ed9b00ce17871ebc20aa08975f43c52a24b30a6,no
Astrology-Database/Birth-detail-collections/Database jhora/gajendra sri.jhd,Astrology-Database/Chart-Collections/Birth-detail-collections/Database jhora/gajendra sri.jhd,e606029bf72df3f9b7ced80b06bfa6fbb023c25fe417f9e5e5feb9870e2400c7,e606029bf72df3f9b7ced80b06bfa6fbb023c25fe417f9e5e5feb9870e2400c7,moved,Astrology/Chart-Collections,e606029bf72df3f9b7ced80b06bfa6fbb023c25fe417f9e5e5feb9870e2400c7,no
Astrology-Database/Birth-detail-collections/Database jhora/gold_ring_purchase.jhd,Astrology-Database/Chart-Collections/Birth-detail-collections/Database jhora/gold_ring_purchase.jhd,c5a7b28677ed085c376c0f35501d146a577b979bfd0b51339f011efc383ada38,c5a7b28677ed085c376c0f35501d146a577b979bfd0b51339f011efc383ada38,moved,Astrology/Chart-Collections,c5a7b28677ed085c376c0f35501d146a577b979bfd0b51339f011efc383ada38,no
Astrology-Database/Birth-detail-collections/Database jhora/if_foreign_edu.jhd,Astrology-Database/Chart-Collections/Birth-detail-collections/Database jhora/if_foreign_edu.jhd,0fd5c5986041179d54599a4767be16c560c8383d7833f6df0e50271df1de59c3,0fd5c5986041179d54599a4767be16c560c8383d7833f6df0e50271df1de59c3,moved,Astrology/Chart-Collections,0fd5c5986041179d54599a4767be16c560c8383d7833f6df0e50271df1de59c3,no
Astrology-Database/Birth-detail-collections/Database jhora/INDIA independent.jhd,Astrology-Database/Chart-Collections/Birth-detail-collections/Database jhora/INDIA independent.jhd,9823dce27f462b589de40a490672f481e350a28909b7d91d858394bcec1e8696,9823dce27f462b589de40a490672f481e350a28909b7d91d858394bcec1e8696,moved,Astrology/Chart-Collections,9823dce27f462b589de40a490672f481e350a28909b7d91d858394bcec1e8696,no
Astrology-Database/Birth-detail-collections/Database jhora/India.jhd,Astrology-Database/Chart-Collections/Birth-detail-collections/Database jhora/India.jhd,aa79fecfa59fcc7a6e3c5277e2ea308e4e8247f1cb66d07b67e99db56e7fe4d1,aa79fecfa59fcc7a6e3c5277e2ea308e4e8247f1cb66d07b67e99db56e7fe4d1,moved,Astrology/Chart-Collections,aa79fecfa59fcc7a6e3c5277e2ea308e4e8247f1cb66d07b67e99db56e7fe4d1,no
Astrology-Database/Birth-detail-collections/Database jhora/Jaydeep_Qoura.jhd,Astrology-Database/Chart-Collections/Birth-detail-collections/Database jhora/Jaydeep_Qoura.jhd,bd060a2d201cf941898319c31fb6e03a59850ae1c3a3f31a19290e3724c927a9,bd060a2d201cf941898319c31fb6e03a59850ae1c3a3f31a19290e3724c927a9,moved,Astrology/Chart-Collections,bd060a2d201cf941898319c31fb6e03a59850ae1c3a3f31a19290e3724c927a9,no
Astrology-Database/Birth-detail-collections/Database jhora/Jaylalita died 11--30 5-12-16.jhd,Astrology-Database/Chart-Collections/Birth-detail-collections/Database jhora/Jaylalita died 11--30 5-12-16.jhd,5b03d4b8a0133b89deb3c05a295cd80f947d07369e7c00688b6b9e607832124a,5b03d4b8a0133b89deb3c05a295cd80f947d07369e7c00688b6b9e607832124a,moved,Astrology/Chart-Collections,5b03d4b8a0133b89deb3c05a295cd80f947d07369e7c00688b6b9e607832124a,no
Astrology-Database/Birth-detail-collections/Database jhora/jigyasa.jhd,Astrology-Database/Chart-Collections/Birth-detail-collections/Database jhora/jigyasa.jhd,a12eccdb935cc04bd2e7292c5ba6c933cbc9e53b53728f5cb24c90f150c07a0b,a12eccdb935cc04bd2e7292c5ba6c933cbc9e53b53728f5cb24c90f150c07a0b,moved,Astrology/Chart-Collections,a12eccdb935cc04bd2e7292c5ba6c933cbc9e53b53728f5cb24c90f150c07a0b,no
Astrology-Database/Birth-detail-collections/Database jhora/jilldaga marriage when.jhd,Astrology-Database/Chart-Collections/Birth-detail-collections/Database jhora/jilldaga marriage when.jhd,e35828743cd782193050655f3e80234079eefe2061701a67fc61a821c4a1df4d,e35828743cd782193050655f3e80234079eefe2061701a67fc61a821c4a1df4d,moved,Astrology/Chart-Collections,e35828743cd782193050655f3e80234079eefe2061701a67fc61a821c4a1df4d,no
Astrology-Database/Birth-detail-collections/Database jhora/Jitendar Gurjar(Credit card scammer).jhd,Astrology-Database/Chart-Collections/Birth-detail-collections/Database jhora/Jitendar Gurjar(Credit card scammer).jhd,e25dbc6e2f4e2ad812b0938035e118ea092cc5876a0018abc40b9a8a751244aa,e25dbc6e2f4e2ad812b0938035e118ea092cc5876a0018abc40b9a8a751244aa,moved,Astrology/Chart-Collections,e25dbc6e2f4e2ad812b0938035e118ea092cc5876a0018abc40b9a8a751244aa,no
Astrology-Database/Birth-detail-collections/Database jhora/Kissan faizabad.jhd,Astrology-Database/Chart-Collections/Birth-detail-collections/Database jhora/Kissan faizabad.jhd,76afdcc285fbb988fac10ff4ab8d4ffd5e30d0691c09d115a347517538d9b855,76afdcc285fbb988fac10ff4ab8d4ffd5e30d0691c09d115a347517538d9b855,moved,Astrology/Chart-Collections,76afdcc285fbb988fac10ff4ab8d4ffd5e30d0691c09d115a347517538d9b855,no
Astrology-Database/Birth-detail-collections/Database jhora/lal-krishna-advani-birth-chart.jpg,Astrology-Database/Chart-Collections/Birth-detail-collections/Database jhora/lal-krishna-advani-birth-chart.jpg,89647f33236ca97f8491e4dc2fccd7c6e0108ce104cf0d2c6fda35a4df4f3a15,89647f33236ca97f8491e4dc2fccd7c6e0108ce104cf0d2c6fda35a4df4f3a15,moved,Astrology/Chart-Collections,89647f33236ca97f8491e4dc2fccd7c6e0108ce104cf0d2c6fda35a4df4f3a15,no
Astrology-Database/Birth-detail-collections/Database jhora/lizza srivastava.jhd,Astrology-Database/Chart-Collections/Birth-detail-collections/Database jhora/lizza srivastava.jhd,49430b6a2d5bf8a2cd8c387be554501b90e2e847bf235c888e6e537e4cdad9ac,49430b6a2d5bf8a2cd8c387be554501b90e2e847bf235c888e6e537e4cdad9ac,moved,Astrology/Chart-Collections,49430b6a2d5bf8a2cd8c387be554501b90e2e847bf235c888e6e537e4cdad9ac,no
Astrology-Database/Birth-detail-collections/Database jhora/Logical astro_IIT_D.jhd,Astrology-Database/Chart-Collections/Birth-detail-collections/Database jhora/Logical astro_IIT_D.jhd,a534bc9198877af894b600bf523cbdb4755f564ce6f24f9cf2097faf6b3bbae2,a534bc9198877af894b600bf523cbdb4755f564ce6f24f9cf2097faf6b3bbae2,moved,Astrology/Chart-Collections,a534bc9198877af894b600bf523cbdb4755f564ce6f24f9cf2097faf6b3bbae2,no
Astrology-Database/Birth-detail-collections/Database jhora/Madonna.jhd,Astrology-Database/Chart-Collections/Birth-detail-collections/Database jhora/Madonna.jhd,d1b1f5fe92f9fb4dd8e8d168f097a54e665de122a43b7839c8322049924c7fed,d1b1f5fe92f9fb4dd8e8d168f097a54e665de122a43b7839c8322049924c7fed,moved,Astrology/Chart-Collections,d1b1f5fe92f9fb4dd8e8d168f097a54e665de122a43b7839c8322049924c7fed,no
Astrology-Database/Birth-detail-collections/Database jhora/Maharshi Mahesh Yogi.jhd,Astrology-Database/Chart-Collections/Birth-detail-collections/Database jhora/Maharshi Mahesh Yogi.jhd,8efd3771ee5806217faf276afd87f585be25883ac31b36245b18a84dccfd1a83,8efd3771ee5806217faf276afd87f585be25883ac31b36245b18a84dccfd1a83,moved,Astrology/Chart-Collections,8efd3771ee5806217faf276afd87f585be25883ac31b36245b18a84dccfd1a83,no
Astrology-Database/Birth-detail-collections/Database jhora/Mahatma Gandhi.jhd,Astrology-Database/Chart-Collections/Birth-detail-collections/Database jhora/Mahatma Gandhi.jhd,dce22824d80b5178ad940c9e147e3bce934caeeaf36dda592d2ced11d1008529,dce22824d80b5178ad940c9e147e3bce934caeeaf36dda592d2ced11d1008529,moved,Astrology/Chart-Collections,dce22824d80b5178ad940c9e147e3bce934caeeaf36dda592d2ced11d1008529,no
Astrology-Database/Birth-detail-collections/Database jhora/mark zukerberg.jhd,Astrology-Database/Chart-Collections/Birth-detail-collections/Database jhora/mark zukerberg.jhd,6c297ca5af151651a7a23547b678784b57b7c6108eca77ae4ffc9ef9d5cac5f8,6c297ca5af151651a7a23547b678784b57b7c6108eca77ae4ffc9ef9d5cac5f8,moved,Astrology/Chart-Collections,6c297ca5af151651a7a23547b678784b57b7c6108eca77ae4ffc9ef9d5cac5f8,no
Astrology-Database/Birth-detail-collections/Database jhora/mayank_boy_shaadi.com,Astrology-Database/Chart-Collections/Birth-detail-collections/Database jhora/mayank_boy_shaadi.com,606fb372514c541277d5cd484b3b0f981d6a9940a80894e59b80c7ee2bd95168,606fb372514c541277d5cd484b3b0f981d6a9940a80894e59b80c7ee2bd95168,moved,Astrology/Chart-Collections,606fb372514c541277d5cd484b3b0f981d6a9940a80894e59b80c7ee2bd95168,no
Astrology-Database/Birth-detail-collections/Database jhora/MFC316A.tmp,Astrology-Database/Chart-Collections/Birth-detail-collections/Database jhora/MFC316A.tmp,014e68935d6bb62efe7d8ddcdf869ce4f716e49b10961ec48efbf58fdd302679,014e68935d6bb62efe7d8ddcdf869ce4f716e49b10961ec48efbf58fdd302679,moved,Astrology/Chart-Collections,014e68935d6bb62efe7d8ddcdf869ce4f716e49b10961ec48efbf58fdd302679,no
Astrology-Database/Birth-detail-collections/Database jhora/MFC317A.tmp,Astrology-Database/Chart-Collections/Birth-detail-collections/Database jhora/MFC317A.tmp,e3b0c44298fc1c149afbf4c8996fb92427ae41e4649b934ca495991b7852b855,e3b0c44298fc1c149afbf4c8996fb92427ae41e4649b934ca495991b7852b855,moved,Astrology/Chart-Collections,e3b0c44298fc1c149afbf4c8996fb92427ae41e4649b934ca495991b7852b855,no
Astrology-Database/Birth-detail-collections/Database jhora/Narendra Modi 2.jhd,Astrology-Database/Chart-Collections/Birth-detail-collections/Database jhora/Narendra Modi 2.jhd,92cbcd2d90e3657dc1b16553884a7f8f4e4bab09d0e2406c9c4a4921ac9bc0f5,92cbcd2d90e3657dc1b16553884a7f8f4e4bab09d0e2406c9c4a4921ac9bc0f5,moved,Astrology/Chart-Collections,92cbcd2d90e3657dc1b16553884a7f8f4e4bab09d0e2406c9c4a4921ac9bc0f5,no
Astrology-Database/Birth-detail-collections/Database jhora/Narendra modi.jhd,Astrology-Database/Chart-Collections/Birth-detail-collections/Database jhora/Narendra modi.jhd,dc74f63aca7a3fb441be70deb46312cfda226262ab6abba426ceb9cfc3d87895,dc74f63aca7a3fb441be70deb46312cfda226262ab6abba426ceb9cfc3d87895,moved,Astrology/Chart-Collections,dc74f63aca7a3fb441be70deb46312cfda226262ab6abba426ceb9cfc3d87895,no
Astrology-Database/Birth-detail-collections/Database jhora/Pandit Sanjay Rath.jhd,Astrology-Database/Chart-Collections/Birth-detail-collections/Database jhora/Pandit Sanjay Rath.jhd,bb28fc9c1a950434d5c5c610841b5c7064c35588cba8df3a08611ee0bb6df975,bb28fc9c1a950434d5c5c610841b5c7064c35588cba8df3a08611ee0bb6df975,moved,Astrology/Chart-Collections,bb28fc9c1a950434d5c5c610841b5c7064c35588cba8df3a08611ee0bb6df975,no
Astrology-Database/Birth-detail-collections/Database jhora/Prof. B. Suryanarain Rao.jhd,Astrology-Database/Chart-Collections/Birth-detail-collections/Database jhora/Prof. B. Suryanarain Rao.jhd,5bca779c8ef0adbfae66aa594827c880438147005507295d4e339549539636aa,5bca779c8ef0adbfae66aa594827c880438147005507295d4e339549539636aa,moved,Astrology/Chart-Collections,5bca779c8ef0adbfae66aa594827c880438147005507295d4e339549539636aa,no
Astrology-Database/Birth-detail-collections/Database jhora/Prof. B. V. Raman.jhd,Astrology-Database/Chart-Collections/Birth-detail-collections/Database jhora/Prof. B. V. Raman.jhd,824c06590033fe8f2f522a7080e9b11483dc912901e74afb71a2d87315f5b3e3,824c06590033fe8f2f522a7080e9b11483dc912901e74afb71a2d87315f5b3e3,moved,Astrology/Chart-Collections,824c06590033fe8f2f522a7080e9b11483dc912901e74afb71a2d87315f5b3e3,no
Astrology-Database/Birth-detail-collections/Database jhora/rahul.jhd,Astrology-Database/Chart-Collections/Birth-detail-collections/Database jhora/rahul.jhd,cc530ce4951537a4d4802d651dca33dd4d72ce7d961aeae56dca9e2714d3e786,cc530ce4951537a4d4802d651dca33dd4d72ce7d961aeae56dca9e2714d3e786,moved,Astrology/Chart-Collections,cc530ce4951537a4d4802d651dca33dd4d72ce7d961aeae56dca9e2714d3e786,no
Astrology-Database/Birth-detail-collections/Database jhora/rahul.txt,Astrology-Database/Chart-Collections/Birth-detail-collections/Database jhora/rahul.txt,e3b0c44298fc1c149afbf4c8996fb92427ae41e4649b934ca495991b7852b855,e3b0c44298fc1c149afbf4c8996fb92427ae41e4649b934ca495991b7852b855,moved,Astrology/Chart-Collections,e3b0c44298fc1c149afbf4c8996fb92427ae41e4649b934ca495991b7852b855,no
Astrology-Database/Birth-detail-collections/Database jhora/Ramakrishna Paramahansa.jhd,Astrology-Database/Chart-Collections/Birth-detail-collections/Database jhora/Ramakrishna Paramahansa.jhd,5c3ee1382a3d8a778587dc50cdb0aba9a629e07933b3a181bfc31a9d0780ddd3,5c3ee1382a3d8a778587dc50cdb0aba9a629e07933b3a181bfc31a9d0780ddd3,moved,Astrology/Chart-Collections,5c3ee1382a3d8a778587dc50cdb0aba9a629e07933b3a181bfc31a9d0780ddd3,no
Astrology-Database/Birth-detail-collections/Database jhora/Ramana Maharshi.jhd,Astrology-Database/Chart-Collections/Birth-detail-collections/Database jhora/Ramana Maharshi.jhd,592214869b276e1ae24017f2309b48f80d2b14367ca46502b369b5c0d87b4ff8,592214869b276e1ae24017f2309b48f80d2b14367ca46502b369b5c0d87b4ff8,moved,Astrology/Chart-Collections,592214869b276e1ae24017f2309b48f80d2b14367ca46502b369b5c0d87b4ff8,no
Astrology-Database/Birth-detail-collections/Database jhora/rashi.bmp,Astrology-Database/Chart-Collections/Birth-detail-collections/Database jhora/rashi.bmp,5c7e127f7bc302824463e53f6ec3c7fea288e90170bd671d791636941aec44f9,5c7e127f7bc302824463e53f6ec3c7fea288e90170bd671d791636941aec44f9,moved,Astrology/Chart-Collections,5c7e127f7bc302824463e53f6ec3c7fea288e90170bd671d791636941aec44f9,no
Astrology-Database/Birth-detail-collections/Database jhora/ridhii.jhd,Astrology-Database/Chart-Collections/Birth-detail-collections/Database jhora/ridhii.jhd,1db5a72137e6816889167d32aa11287322fc0b23fc399b52b4d257b112f72ed7,1db5a72137e6816889167d32aa11287322fc0b23fc399b52b4d257b112f72ed7,moved,Astrology/Chart-Collections,1db5a72137e6816889167d32aa11287322fc0b23fc399b52b4d257b112f72ed7,no
Astrology-Database/Birth-detail-collections/Database jhora/Rishu Alankrit Park Ultima.jhd,Astrology-Database/Chart-Collections/Birth-detail-collections/Database jhora/Rishu Alankrit Park Ultima.jhd,f6a2d5cd337e73ea9775935e6b10b9f54cd44910e794e54cf1f7e7efc49589c3,f6a2d5cd337e73ea9775935e6b10b9f54cd44910e794e54cf1f7e7efc49589c3,moved,Astrology/Chart-Collections,f6a2d5cd337e73ea9775935e6b10b9f54cd44910e794e54cf1f7e7efc49589c3,no
Astrology-Database/Birth-detail-collections/Database jhora/Rishu Ravi Srivastava Gorakhpur.jhd,Astrology-Database/Chart-Collections/Birth-detail-collections/Database jhora/Rishu Ravi Srivastava Gorakhpur.jhd,ec016ef391ea45e6ccfa533742d535d20ac778a02479cd445b2b744cb0c29e51,ec016ef391ea45e6ccfa533742d535d20ac778a02479cd445b2b744cb0c29e51,moved,Astrology/Chart-Collections,ec016ef391ea45e6ccfa533742d535d20ac778a02479cd445b2b744cb0c29e51,no
Astrology-Database/Birth-detail-collections/Database jhora/Riya srivastava.jhd,Astrology-Database/Chart-Collections/Birth-detail-collections/Database jhora/Riya srivastava.jhd,688070294ea39c579eff5342b47929d9daa35d0306ce85fd8b225f97f18b1d58,688070294ea39c579eff5342b47929d9daa35d0306ce85fd8b225f97f18b1d58,moved,Astrology/Chart-Collections,688070294ea39c579eff5342b47929d9daa35d0306ce85fd8b225f97f18b1d58,no
Astrology-Database/Birth-detail-collections/Database jhora/Sainky.jhd,Astrology-Database/Chart-Collections/Birth-detail-collections/Database jhora/Sainky.jhd,27604a9bc3a71b332cffc63b20588824786c1f1561bccf966879db87603e7ce1,27604a9bc3a71b332cffc63b20588824786c1f1561bccf966879db87603e7ce1,moved,Astrology/Chart-Collections,27604a9bc3a71b332cffc63b20588824786c1f1561bccf966879db87603e7ce1,no
"Astrology-Database/Birth-detail-collections/Database jhora/santosh dayal ,time nt crct.jhd","Astrology-Database/Chart-Collections/Birth-detail-collections/Database jhora/santosh dayal ,time nt crct.jhd",768f5637ac12a9034ed1424339cdbd4918159ad90974f1c766b858e814079972,768f5637ac12a9034ed1424339cdbd4918159ad90974f1c766b858e814079972,moved,Astrology/Chart-Collections,768f5637ac12a9034ed1424339cdbd4918159ad90974f1c766b858e814079972,no
Astrology-Database/Birth-detail-collections/Database jhora/Sarada Mata.jhd,Astrology-Database/Chart-Collections/Birth-detail-collections/Database jhora/Sarada Mata.jhd,ba0d608b09828a6040d260077d2c9ae1660353448de5887152389b2a13b9e4b1,ba0d608b09828a6040d260077d2c9ae1660353448de5887152389b2a13b9e4b1,moved,Astrology/Chart-Collections,ba0d608b09828a6040d260077d2c9ae1660353448de5887152389b2a13b9e4b1,no
Astrology-Database/Birth-detail-collections/Database jhora/saturn transit 2017.jhd,Astrology-Database/Chart-Collections/Birth-detail-collections/Database jhora/saturn transit 2017.jhd,ce7e0ff016a5dec089be91564efd28ec71c4d10eb10f456fa808f22e0efeba96,ce7e0ff016a5dec089be91564efd28ec71c4d10eb10f456fa808f22e0efeba96,moved,Astrology/Chart-Collections,ce7e0ff016a5dec089be91564efd28ec71c4d10eb10f456fa808f22e0efeba96,no
Astrology-Database/Birth-detail-collections/Database jhora/saurabh kapoor torsion.jhd,Astrology-Database/Chart-Collections/Birth-detail-collections/Database jhora/saurabh kapoor torsion.jhd,dd9ae6ffceb4a2aa3a0cd8c8e32b4f579382ebe622ebed710e4c572f970837de,dd9ae6ffceb4a2aa3a0cd8c8e32b4f579382ebe622ebed710e4c572f970837de,moved,Astrology/Chart-Collections,dd9ae6ffceb4a2aa3a0cd8c8e32b4f579382ebe622ebed710e4c572f970837de,no
Astrology-Database/Birth-detail-collections/Database jhora/Shibbu accident.jhd,Astrology-Database/Chart-Collections/Birth-detail-collections/Database jhora/Shibbu accident.jhd,e26253798cd0bd9de0ccd5a9429b752fa7050a6b1d591ba44216524d3c258cdb,e26253798cd0bd9de0ccd5a9429b752fa7050a6b1d591ba44216524d3c258cdb,moved,Astrology/Chart-Collections,e26253798cd0bd9de0ccd5a9429b752fa7050a6b1d591ba44216524d3c258cdb,no
Astrology-Database/Birth-detail-collections/Database jhora/Shibbu.jhd,Astrology-Database/Chart-Collections/Birth-detail-collections/Database jhora/Shibbu.jhd,b1d5bfb59b8349eb8b67bed8949143175c8814cc133288c146bd114118f0e4f4,b1d5bfb59b8349eb8b67bed8949143175c8814cc133288c146bd114118f0e4f4,moved,Astrology/Chart-Collections,b1d5bfb59b8349eb8b67bed8949143175c8814cc133288c146bd114118f0e4f4,no
Astrology-Database/Birth-detail-collections/Database jhora/Shivani Kuchhal Goldman Sachs.jhd,Astrology-Database/Chart-Collections/Birth-detail-collections/Database jhora/Shivani Kuchhal Goldman Sachs.jhd,d508133bed4b5255b82bd2ba81677b838fab054b8e4f14e8aec9c274f5c6563f,d508133bed4b5255b82bd2ba81677b838fab054b8e4f14e8aec9c274f5c6563f,moved,Astrology/Chart-Collections,d508133bed4b5255b82bd2ba81677b838fab054b8e4f14e8aec9c274f5c6563f,no
Astrology-Database/Birth-detail-collections/Database jhora/Shobiy saxena.jhd,Astrology-Database/Chart-Collections/Birth-detail-collections/Database jhora/Shobiy saxena.jhd,8d6a60e7d011b615ff72fc9ac0c47441beb62208f09281895bfda2612146de89,8d6a60e7d011b615ff72fc9ac0c47441beb62208f09281895bfda2612146de89,moved,Astrology/Chart-Collections,8d6a60e7d011b615ff72fc9ac0c47441beb62208f09281895bfda2612146de89,no
Astrology-Database/Birth-detail-collections/Database jhora/Shushma-Sawraj.jpg,Astrology-Database/Chart-Collections/Birth-detail-collections/Database jhora/Shushma-Sawraj.jpg,3da572f3c980a4426f47500948b30b3a3cf8f54010b754365ac10b640b2a34f1,3da572f3c980a4426f47500948b30b3a3cf8f54010b754365ac10b640b2a34f1,moved,Astrology/Chart-Collections,3da572f3c980a4426f47500948b30b3a3cf8f54010b754365ac10b640b2a34f1,no
Astrology-Database/Birth-detail-collections/Database jhora/Sri P.V.S. Chalapathi Rao (astrologer).jhd,Astrology-Database/Chart-Collections/Birth-detail-collections/Database jhora/Sri P.V.S. Chalapathi Rao (astrologer).jhd,0f166f6488f86607ccdc5b850dcbd01aac7e5ffd02bd670ddfee82b63fadc430,0f166f6488f86607ccdc5b850dcbd01aac7e5ffd02bd670ddfee82b63fadc430,moved,Astrology/Chart-Collections,0f166f6488f86607ccdc5b850dcbd01aac7e5ffd02bd670ddfee82b63fadc430,no
Astrology-Database/Birth-detail-collections/Database jhora/Sri Satya Sai Baba (Puttaparthy).jhd,Astrology-Database/Chart-Collections/Birth-detail-collections/Database jhora/Sri Satya Sai Baba (Puttaparthy).jhd,a244f5a8a2380a2bfe515a3cbb94704cebd9d3028ddb05c8b9c23ccc38334786,a244f5a8a2380a2bfe515a3cbb94704cebd9d3028ddb05c8b9c23ccc38334786,moved,Astrology/Chart-Collections,a244f5a8a2380a2bfe515a3cbb94704cebd9d3028ddb05c8b9c23ccc38334786,no
Astrology-Database/Birth-detail-collections/Database jhora/Swami Chandrasekhara Saraswati.jhd,Astrology-Database/Chart-Collections/Birth-detail-collections/Database jhora/Swami Chandrasekhara Saraswati.jhd,fd4b1c9be347ceb0526894c497e46e9af76d21a0644d60b7906bd019235a88c5,fd4b1c9be347ceb0526894c497e46e9af76d21a0644d60b7906bd019235a88c5,moved,Astrology/Chart-Collections,fd4b1c9be347ceb0526894c497e46e9af76d21a0644d60b7906bd019235a88c5,no
Astrology-Database/Birth-detail-collections/Database jhora/Swami Jayendra Saraswati.jhd,Astrology-Database/Chart-Collections/Birth-detail-collections/Database jhora/Swami Jayendra Saraswati.jhd,95e180625ffc13509eeb7a8bccd733eed3f64e06ea73a575a6aadcfc1d56c059,95e180625ffc13509eeb7a8bccd733eed3f64e06ea73a575a6aadcfc1d56c059,moved,Astrology/Chart-Collections,95e180625ffc13509eeb7a8bccd733eed3f64e06ea73a575a6aadcfc1d56c059,no
Astrology-Database/Birth-detail-collections/Database jhora/Swami Narasimha Bharathi.jhd,Astrology-Database/Chart-Collections/Birth-detail-collections/Database jhora/Swami Narasimha Bharathi.jhd,e3d579196fcecf4f972e602dc9e2f4f28f5463fb528973b96a4af46496244bdb,e3d579196fcecf4f972e602dc9e2f4f28f5463fb528973b96a4af46496244bdb,moved,Astrology/Chart-Collections,e3d579196fcecf4f972e602dc9e2f4f28f5463fb528973b96a4af46496244bdb,no
Astrology-Database/Birth-detail-collections/Database jhora/Swami Sivananda.jhd,Astrology-Database/Chart-Collections/Birth-detail-collections/Database jhora/Swami Sivananda.jhd,22fd519119d7b05f4b2322bbd640921e1c7143692ed51cc56e28df898cf6f601,22fd519119d7b05f4b2322bbd640921e1c7143692ed51cc56e28df898cf6f601,moved,Astrology/Chart-Collections,22fd519119d7b05f4b2322bbd640921e1c7143692ed51cc56e28df898cf6f601,no
Astrology-Database/Birth-detail-collections/Database jhora/Swami Vivekananda.jhd,Astrology-Database/Chart-Collections/Birth-detail-collections/Database jhora/Swami Vivekananda.jhd,9ac1fc63b241620c4c65d3bb48f8a91160033832673cac29c93e5e1ec0cab4ba,9ac1fc63b241620c4c65d3bb48f8a91160033832673cac29c93e5e1ec0cab4ba,moved,Astrology/Chart-Collections,9ac1fc63b241620c4c65d3bb48f8a91160033832673cac29c93e5e1ec0cab4ba,no
Astrology-Database/Birth-detail-collections/Database jhora/Taimur ali khan so kareena.jhd,Astrology-Database/Chart-Collections/Birth-detail-collections/Database jhora/Taimur ali khan so kareena.jhd,442535543eada8ca7513087570d9325b051ac718b062084d1d5f39f7f20c3e89,442535543eada8ca7513087570d9325b051ac718b062084d1d5f39f7f20c3e89,moved,Astrology/Chart-Collections,442535543eada8ca7513087570d9325b051ac718b062084d1d5f39f7f20c3e89,no
Astrology-Database/Birth-detail-collections/Database jhora/test_reader.jhd,Astrology-Database/Chart-Collections/Birth-detail-collections/Database jhora/test_reader.jhd,5c3e4437cc16b46fe763b29c7911fe12a9fc494c4814171a812ee1aed39e4c9e,5c3e4437cc16b46fe763b29c7911fe12a9fc494c4814171a812ee1aed39e4c9e,moved,Astrology/Chart-Collections,5c3e4437cc16b46fe763b29c7911fe12a9fc494c4814171a812ee1aed39e4c9e,no
Astrology-Database/Birth-detail-collections/Database jhora/torsion day1.jhd,Astrology-Database/Chart-Collections/Birth-detail-collections/Database jhora/torsion day1.jhd,27936cffbb31a331d3b6a2f22e4855b40dc9537074ec49206528bc60569a9851,27936cffbb31a331d3b6a2f22e4855b40dc9537074ec49206528bc60569a9851,moved,Astrology/Chart-Collections,27936cffbb31a331d3b6a2f22e4855b40dc9537074ec49206528bc60569a9851,no
Astrology-Database/Birth-detail-collections/Database jhora/varta wants to open hotel bchart.jhd,Astrology-Database/Chart-Collections/Birth-detail-collections/Database jhora/varta wants to open hotel bchart.jhd,237c720edaa4b8854655e467aa0bab7addc2088ab352cdebbe455a00ef0e8fa2,237c720edaa4b8854655e467aa0bab7addc2088ab352cdebbe455a00ef0e8fa2,moved,Astrology/Chart-Collections,237c720edaa4b8854655e467aa0bab7addc2088ab352cdebbe455a00ef0e8fa2,no
Astrology-Database/Birth-detail-collections/Database jhora/Varta wants to open hotel.jhd,Astrology-Database/Chart-Collections/Birth-detail-collections/Database jhora/Varta wants to open hotel.jhd,5ede1e6e264787cb4e8362685335e7221c6b410ae16d357e5f29a448b59891a4,5ede1e6e264787cb4e8362685335e7221c6b410ae16d357e5f29a448b59891a4,moved,Astrology/Chart-Collections,5ede1e6e264787cb4e8362685335e7221c6b410ae16d357e5f29a448b59891a4,no
Astrology-Database/Birth-detail-collections/Database jhora/vivek 123.jhd,Astrology-Database/Chart-Collections/Birth-detail-collections/Database jhora/vivek 123.jhd,1b4679e634d95e067131c154b11423a01c3d6f9f949bb044cdd0a6fada719f21,1b4679e634d95e067131c154b11423a01c3d6f9f949bb044cdd0a6fada719f21,moved,Astrology/Chart-Collections,1b4679e634d95e067131c154b11423a01c3d6f9f949bb044cdd0a6fada719f21,no
Astrology-Database/Book. Bhrigu Samhita T.M.Rao.md,Astrology-Database/Nadi/Book. Bhrigu Samhita T.M.Rao.md,c7b7c59b535fe1dac56360960c5272ae18cf87a18201037e20d585daae4f55ad,c7b7c59b535fe1dac56360960c5272ae18cf87a18201037e20d585daae4f55ad,moved,Astrology/Nadi,c7b7c59b535fe1dac56360960c5272ae18cf87a18201037e20d585daae4f55ad,no
Astrology-Database/Book. Encyclopedia of vedic astro - dasha systems.md,Astrology-Database/Nadi/Book. Encyclopedia of vedic astro - dasha systems.md,e5659fccc07db2be437b484a16a0898df7aa9d4f7ab4e6b711197686745b18df,e5659fccc07db2be437b484a16a0898df7aa9d4f7ab4e6b711197686745b18df,moved,Astrology/Nadi,e5659fccc07db2be437b484a16a0898df7aa9d4f7ab4e6b711197686745b18df,no
Astrology-Database/Book. Prasana A Contemporary Treatise.md,Astrology-Database/Nadi/Book. Prasana A Contemporary Treatise.md,554322f7c8421243c695c4b9e96715e7844fd561a2c32b4b6df308f096b40de4,554322f7c8421243c695c4b9e96715e7844fd561a2c32b4b6df308f096b40de4,moved,Astrology/Nadi,554322f7c8421243c695c4b9e96715e7844fd561a2c32b4b6df308f096b40de4,no
Astrology-Database/BPHS-Santhanam-Vol-1.md,Astrology-Database/Jaimini/BPHS-Santhanam-Vol-1.md,c619cea91a0e601f636faa4dc716504876f52d92ec64c7cb08cb8a680bae45d7,c619cea91a0e601f636faa4dc716504876f52d92ec64c7cb08cb8a680bae45d7,moved,Astrology/Jaimini,c619cea91a0e601f636faa4dc716504876f52d92ec64c7cb08cb8a680bae45d7,no
Astrology-Database/BPHS-Santhanam-Vol-2.md,Astrology-Database/Natal-Rectification/BPHS-Santhanam-Vol-2.md,65c5e8ae33681100d7dbe5d3464dddb3d97bc0ecb85c3ecbe973967b0edf53f5,65c5e8ae33681100d7dbe5d3464dddb3d97bc0ecb85c3ecbe973967b0edf53f5,moved,Astrology/Natal-Rectification,65c5e8ae33681100d7dbe5d3464dddb3d97bc0ecb85c3ecbe973967b0edf53f5,no
Astrology-Database/brighu-nadi-sangraha.md,Astrology-Database/Nadi/brighu-nadi-sangraha.md,31e2f9c9334c02522c108d185cd3b358ca70a6166abfc61a19c2cc23f1d6013b,31e2f9c9334c02522c108d185cd3b358ca70a6166abfc61a19c2cc23f1d6013b,moved,Astrology/Nadi,31e2f9c9334c02522c108d185cd3b358ca70a6166abfc61a19c2cc23f1d6013b,no
Astrology-Database/brihatsamhita.md,Astrology-Database/Vedic-Classics/brihatsamhita.md,cdc57c90d41f1942648b7cecce3dec0fc43358bd832c96efa0c6b667ea9d6f31,cdc57c90d41f1942648b7cecce3dec0fc43358bd832c96efa0c6b667ea9d6f31,moved,Astrology/Vedic-Classics,cdc57c90d41f1942648b7cecce3dec0fc43358bd832c96efa0c6b667ea9d6f31,no
Astrology-Database/BringingExcellenceinStudiesBW.md,Astrology-Database/Financial/BringingExcellenceinStudiesBW.md,f6b3be50560183c1c24cb8f965b4849aefea734f5de65cfa6b6afd8b8332adc1,f6b3be50560183c1c24cb8f965b4849aefea734f5de65cfa6b6afd8b8332adc1,moved,Astrology/Financial,f6b3be50560183c1c24cb8f965b4849aefea734f5de65cfa6b6afd8b8332adc1,no
Astrology-Database/BV Raman Notable Horoscopes.md,Astrology-Database/Natal-Rectification/BV Raman Notable Horoscopes.md,7874496edb63c9efebd7fc1473288d4e76c3d79215ca2ae56c88d5c949584c23,7874496edb63c9efebd7fc1473288d4e76c3d79215ca2ae56c88d5c949584c23,moved,Astrology/Natal-Rectification,7874496edb63c9efebd7fc1473288d4e76c3d79215ca2ae56c88d5c949584c23,no
Astrology-Database/Cancellation of Manglik Dosh.md,Astrology-Database/Jaimini/Cancellation of Manglik Dosh.md,e8d470c162580953a9d030135456f0c16170604a04604b28f8c75eb80ed76b3c,e8d470c162580953a9d030135456f0c16170604a04604b28f8c75eb80ed76b3c,moved,Astrology/Jaimini,e8d470c162580953a9d030135456f0c16170604a04604b28f8c75eb80ed76b3c,no
Astrology-Database/Chappanna or Prasana Sastra - B Suryanarain Rao 1946.md,Astrology-Database/Vedic-Classics/Chappanna or Prasana Sastra - B Suryanarain Rao 1946.md,30c4fb6e82879ad733660613172216b11424c5d88eb38410f5489a761a25d255,30c4fb6e82879ad733660613172216b11424c5d88eb38410f5489a761a25d255,moved,Astrology/Vedic-Classics,30c4fb6e82879ad733660613172216b11424c5d88eb38410f5489a761a25d255,no
Astrology-Database/CharaDashaPart1BW.md,Astrology-Database/Jaimini/CharaDashaPart1BW.md,465e97cf637a3d832cd9deca791b5a243d78ecda26370008efe5ce0be9bd700f,465e97cf637a3d832cd9deca791b5a243d78ecda26370008efe5ce0be9bd700f,moved,Astrology/Jaimini,465e97cf637a3d832cd9deca791b5a243d78ecda26370008efe5ce0be9bd700f,no
Astrology-Database/Classics books/BPHS 1.HTM,Astrology-Database/Jaimini/Classics books/BPHS 1.HTM,9ddd68d8608cfede28edbc298b4cd1e94c72141721dbadf3e8de13621055593d,9ddd68d8608cfede28edbc298b4cd1e94c72141721dbadf3e8de13621055593d,moved,Astrology/Jaimini,9ddd68d8608cfede28edbc298b4cd1e94c72141721dbadf3e8de13621055593d,no
Astrology-Database/Classics books/brihat Jataka.doc,Astrology-Database/Nadi/Classics books/brihat Jataka.doc,19a82ab607a7a0c2cff37b07db011c0a796ea3f72667a16e5538d408200db12a,19a82ab607a7a0c2cff37b07db011c0a796ea3f72667a16e5538d408200db12a,moved,Astrology/Nadi,19a82ab607a7a0c2cff37b07db011c0a796ea3f72667a16e5538d408200db12a,no
Astrology-Database/Classics books/Jataka Alankara.doc,Astrology-Database/Nadi/Classics books/Jataka Alankara.doc,06e47b3c30befe961069afc3b3f10ece9b6356019ce74e19d3afc3f70b765061,06e47b3c30befe961069afc3b3f10ece9b6356019ce74e19d3afc3f70b765061,moved,Astrology/Nadi,06e47b3c30befe961069afc3b3f10ece9b6356019ce74e19d3afc3f70b765061,no
Astrology-Database/Classics books/PRASNA MARGA.doc,Astrology-Database/Jaimini/Classics books/PRASNA MARGA.doc,35d6a063e55e91574c136b7ebb40afea81a868cb6a3955eb1f08b837c95838ed,35d6a063e55e91574c136b7ebb40afea81a868cb6a3955eb1f08b837c95838ed,moved,Astrology/Jaimini,35d6a063e55e91574c136b7ebb40afea81a868cb6a3955eb1f08b837c95838ed,no
Astrology-Database/Classics books/Samhita Skanda by Sadananda.doc,Astrology-Database/Financial/Classics books/Samhita Skanda by Sadananda.doc,b3739a84141a82aa13f9eb0d9b342727f8dd0a1e42757820f0a394d3a533d1b2,b3739a84141a82aa13f9eb0d9b342727f8dd0a1e42757820f0a394d3a533d1b2,moved,Astrology/Financial,b3739a84141a82aa13f9eb0d9b342727f8dd0a1e42757820f0a394d3a533d1b2,no
Astrology-Database/Classics books/Sanketanidhi.doc,Astrology-Database/Nadi/Classics books/Sanketanidhi.doc,3e93e2184fbd4e0c513461e1376f5d831438dd96309fa4f51e49fafa33dc1ee2,3e93e2184fbd4e0c513461e1376f5d831438dd96309fa4f51e49fafa33dc1ee2,moved,Astrology/Nadi,3e93e2184fbd4e0c513461e1376f5d831438dd96309fa4f51e49fafa33dc1ee2,no
Astrology-Database/Classics books/Siddhanta Shiromani - by Bhaktisidhanta Sarasvati/foreword to Snrya siddhanta.doc,Astrology-Database/Vedic-Classics/Classics books/Siddhanta Shiromani - by Bhaktisidhanta Sarasvati/foreword to Snrya siddhanta.doc,93a98ab40abceb8e5717b8388618c667e1b132e2292c4166210b358d2d5c858f,93a98ab40abceb8e5717b8388618c667e1b132e2292c4166210b358d2d5c858f,moved,Astrology/Vedic-Classics,93a98ab40abceb8e5717b8388618c667e1b132e2292c4166210b358d2d5c858f,no
Astrology-Database/Classics books/Siddhanta Shiromani - by Bhaktisidhanta Sarasvati/Introduction siromani.doc,Astrology-Database/Vedic-Classics/Classics books/Siddhanta Shiromani - by Bhaktisidhanta Sarasvati/Introduction siromani.doc,319a4b76e19e6ec556d654fb6a861bf66fdcc3adec591f0c2212d050cf8fe83d,319a4b76e19e6ec556d654fb6a861bf66fdcc3adec591f0c2212d050cf8fe83d,moved,Astrology/Vedic-Classics,319a4b76e19e6ec556d654fb6a861bf66fdcc3adec591f0c2212d050cf8fe83d,no
Astrology-Database/Classics books/Siddhanta Shiromani - by Bhaktisidhanta Sarasvati/Review_of.doc,Astrology-Database/Vedic-Classics/Classics books/Siddhanta Shiromani - by Bhaktisidhanta Sarasvati/Review_of.doc,72f56a1946a17ef2022e851fced1982d2172958397d80472fa687e0917c07a86,72f56a1946a17ef2022e851fced1982d2172958397d80472fa687e0917c07a86,moved,Astrology/Vedic-Classics,72f56a1946a17ef2022e851fced1982d2172958397d80472fa687e0917c07a86,no
Astrology-Database/Classics books/Siddhanta Shiromani - by Bhaktisidhanta Sarasvati/Siddhanta Shiromani Ch 1 Translated.doc,Astrology-Database/Vedic-Classics/Classics books/Siddhanta Shiromani - by Bhaktisidhanta Sarasvati/Siddhanta Shiromani Ch 1 Translated.doc,72cc6ff75ce081c22d1eccb745ee055711e1744d284ec433a7f1fa3328a981cc,72cc6ff75ce081c22d1eccb745ee055711e1744d284ec433a7f1fa3328a981cc,moved,Astrology/Vedic-Classics,72cc6ff75ce081c22d1eccb745ee055711e1744d284ec433a7f1fa3328a981cc,no
Astrology-Database/Classics books/Siddhanta Shiromani - by Bhaktisidhanta Sarasvati/Siddhanta Shiromani Ch 12 Translated.doc,Astrology-Database/Vedic-Classics/Classics books/Siddhanta Shiromani - by Bhaktisidhanta Sarasvati/Siddhanta Shiromani Ch 12 Translated.doc,2fff6bbc2fa97b3110526ddd2ba133e34e66dbe4d377c9d432fd126191d14a55,2fff6bbc2fa97b3110526ddd2ba133e34e66dbe4d377c9d432fd126191d14a55,moved,Astrology/Vedic-Classics,2fff6bbc2fa97b3110526ddd2ba133e34e66dbe4d377c9d432fd126191d14a55,no
Astrology-Database/Classics books/Siddhanta Shiromani - by Bhaktisidhanta Sarasvati/Siddhanta Shiromani Ch 13 Translated.doc,Astrology-Database/KP-Prashna/Classics books/Siddhanta Shiromani - by Bhaktisidhanta Sarasvati/Siddhanta Shiromani Ch 13 Translated.doc,366d44f05caf1e17f2802c9ca89c829e7ac50059a65fc8330da7128f15d9ee15,366d44f05caf1e17f2802c9ca89c829e7ac50059a65fc8330da7128f15d9ee15,moved,Astrology/KP-Prashna,366d44f05caf1e17f2802c9ca89c829e7ac50059a65fc8330da7128f15d9ee15,no
Astrology-Database/Classics books/Siddhanta Shiromani - by Bhaktisidhanta Sarasvati/Siddhanta Shiromani Ch 14 Translated.doc,Astrology-Database/Natal-Rectification/Classics books/Siddhanta Shiromani - by Bhaktisidhanta Sarasvati/Siddhanta Shiromani Ch 14 Translated.doc,af196fd09ff58a064475c78a9401226c22cf482e80401f84c5ee43cc3a0657bd,af196fd09ff58a064475c78a9401226c22cf482e80401f84c5ee43cc3a0657bd,moved,Astrology/Natal-Rectification,af196fd09ff58a064475c78a9401226c22cf482e80401f84c5ee43cc3a0657bd,no
Astrology-Database/Classics books/Siddhanta Shiromani - by Bhaktisidhanta Sarasvati/Siddhanta Shiromani Ch 15 Translated.doc,Astrology-Database/Vedic-Classics/Classics books/Siddhanta Shiromani - by Bhaktisidhanta Sarasvati/Siddhanta Shiromani Ch 15 Translated.doc,9f700649fcd3436c80f4132c72e6f3aef210253d23f6911511416321f77e987b,9f700649fcd3436c80f4132c72e6f3aef210253d23f6911511416321f77e987b,moved,Astrology/Vedic-Classics,9f700649fcd3436c80f4132c72e6f3aef210253d23f6911511416321f77e987b,no
Astrology-Database/Classics books/Siddhanta Shiromani - by Bhaktisidhanta Sarasvati/Siddhanta Shiromani Ch 16 Translated.doc,Astrology-Database/KP-Prashna/Classics books/Siddhanta Shiromani - by Bhaktisidhanta Sarasvati/Siddhanta Shiromani Ch 16 Translated.doc,809e1af00bf7c63abc8726228ba7eade4e885337a686614ae7856787875dbe39,809e1af00bf7c63abc8726228ba7eade4e885337a686614ae7856787875dbe39,moved,Astrology/KP-Prashna,809e1af00bf7c63abc8726228ba7eade4e885337a686614ae7856787875dbe39,no
Astrology-Database/Classics books/Siddhanta Shiromani - by Bhaktisidhanta Sarasvati/Siddhanta Shiromani Ch 17 Translated.doc,Astrology-Database/Vedic-Classics/Classics books/Siddhanta Shiromani - by Bhaktisidhanta Sarasvati/Siddhanta Shiromani Ch 17 Translated.doc,b07d8874f6800f852372b8971092c299ee69fa89dd61527e5c2662aad48c8a74,b07d8874f6800f852372b8971092c299ee69fa89dd61527e5c2662aad48c8a74,moved,Astrology/Vedic-Classics,b07d8874f6800f852372b8971092c299ee69fa89dd61527e5c2662aad48c8a74,no
Astrology-Database/Classics books/Siddhanta Shiromani - by Bhaktisidhanta Sarasvati/Siddhanta Shiromani Ch 18 Translated.doc,Astrology-Database/Vedic-Classics/Classics books/Siddhanta Shiromani - by Bhaktisidhanta Sarasvati/Siddhanta Shiromani Ch 18 Translated.doc,8398bafeb84ff69668fb9c3a5cb85273f0a2dfbd824f6888cb6c71def1ac76bd,8398bafeb84ff69668fb9c3a5cb85273f0a2dfbd824f6888cb6c71def1ac76bd,moved,Astrology/Vedic-Classics,8398bafeb84ff69668fb9c3a5cb85273f0a2dfbd824f6888cb6c71def1ac76bd,no
Astrology-Database/Classics books/Siddhanta Shiromani - by Bhaktisidhanta Sarasvati/Siddhanta Shiromani Ch 19 Translated.doc,Astrology-Database/Vedic-Classics/Classics books/Siddhanta Shiromani - by Bhaktisidhanta Sarasvati/Siddhanta Shiromani Ch 19 Translated.doc,6dfb7afb53bfa62ce31a243566c00f551d02afb63dfbe6da429da20ccae34a97,6dfb7afb53bfa62ce31a243566c00f551d02afb63dfbe6da429da20ccae34a97,moved,Astrology/Vedic-Classics,6dfb7afb53bfa62ce31a243566c00f551d02afb63dfbe6da429da20ccae34a97,no
Astrology-Database/Classics books/Siddhanta Shiromani - by Bhaktisidhanta Sarasvati/Siddhanta Shiromani Ch 2 Translated.doc,Astrology-Database/Vedic-Classics/Classics books/Siddhanta Shiromani - by Bhaktisidhanta Sarasvati/Siddhanta Shiromani Ch 2 Translated.doc,afd7fd7d8adcaa375d6b4c3ecb581082f71ccc18813942cd1af0700125d636ed,afd7fd7d8adcaa375d6b4c3ecb581082f71ccc18813942cd1af0700125d636ed,moved,Astrology/Vedic-Classics,afd7fd7d8adcaa375d6b4c3ecb581082f71ccc18813942cd1af0700125d636ed,no
Astrology-Database/Classics books/Siddhanta Shiromani - by Bhaktisidhanta Sarasvati/Siddhanta Shiromani Ch 3 Translated.doc,Astrology-Database/Vedic-Classics/Classics books/Siddhanta Shiromani - by Bhaktisidhanta Sarasvati/Siddhanta Shiromani Ch 3 Translated.doc,a2067ae5e7eb6bb76f642a9545e6418908d487835329f23c24907481fa2f507c,a2067ae5e7eb6bb76f642a9545e6418908d487835329f23c24907481fa2f507c,moved,Astrology/Vedic-Classics,a2067ae5e7eb6bb76f642a9545e6418908d487835329f23c24907481fa2f507c,no
Astrology-Database/Classics books/Siddhanta Shiromani - by Bhaktisidhanta Sarasvati/Siddhanta Shiromani Ch 4 Translated.doc,Astrology-Database/Vedic-Classics/Classics books/Siddhanta Shiromani - by Bhaktisidhanta Sarasvati/Siddhanta Shiromani Ch 4 Translated.doc,f42ac2ee08da41af154b00273fedaf07f252d76ed66ac7ad39c7f63329aa0f4c,f42ac2ee08da41af154b00273fedaf07f252d76ed66ac7ad39c7f63329aa0f4c,moved,Astrology/Vedic-Classics,f42ac2ee08da41af154b00273fedaf07f252d76ed66ac7ad39c7f63329aa0f4c,no
Astrology-Database/Classics books/Siddhanta Shiromani - by Bhaktisidhanta Sarasvati/Siddhanta Shiromani Ch 5 Translated.doc,Astrology-Database/Nadi/Classics books/Siddhanta Shiromani - by Bhaktisidhanta Sarasvati/Siddhanta Shiromani Ch 5 Translated.doc,e06dc8ac1f20469aeeb20ffbabf376bcc94331f90f0356b00e48437f657da5a8,e06dc8ac1f20469aeeb20ffbabf376bcc94331f90f0356b00e48437f657da5a8,moved,Astrology/Nadi,e06dc8ac1f20469aeeb20ffbabf376bcc94331f90f0356b00e48437f657da5a8,no
Astrology-Database/Classics books/Siddhanta Shiromani - by Bhaktisidhanta Sarasvati/Siddhanta Shiromani Ch 6 Translated.doc,Astrology-Database/Vedic-Classics/Classics books/Siddhanta Shiromani - by Bhaktisidhanta Sarasvati/Siddhanta Shiromani Ch 6 Translated.doc,34ed53f0041f64bb26e6a7266a24b10c7fa2b3590cc27cbca5d025dc989f94d5,34ed53f0041f64bb26e6a7266a24b10c7fa2b3590cc27cbca5d025dc989f94d5,moved,Astrology/Vedic-Classics,34ed53f0041f64bb26e6a7266a24b10c7fa2b3590cc27cbca5d025dc989f94d5,no
Astrology-Database/Classics books/Siddhanta Shiromani - by Bhaktisidhanta Sarasvati/Siddhanta Shiromani Ch 7 Translated.doc,Astrology-Database/Vedic-Classics/Classics books/Siddhanta Shiromani - by Bhaktisidhanta Sarasvati/Siddhanta Shiromani Ch 7 Translated.doc,ee65ec162977c1afa3e796f324d64a9f2081193cc011498fe966c5fd4f30c347,ee65ec162977c1afa3e796f324d64a9f2081193cc011498fe966c5fd4f30c347,moved,Astrology/Vedic-Classics,ee65ec162977c1afa3e796f324d64a9f2081193cc011498fe966c5fd4f30c347,no
Astrology-Database/Classics books/Siddhanta Shiromani - by Bhaktisidhanta Sarasvati/Siddhanta_Shiromani_Ch_10_Translated.doc,Astrology-Database/KP-Prashna/Classics books/Siddhanta Shiromani - by Bhaktisidhanta Sarasvati/Siddhanta_Shiromani_Ch_10_Translated.doc,1005cd227b6a5028b66118d63a0e2006b2c8f1186f3c55e2e8746d83ab44f566,1005cd227b6a5028b66118d63a0e2006b2c8f1186f3c55e2e8746d83ab44f566,moved,Astrology/KP-Prashna,1005cd227b6a5028b66118d63a0e2006b2c8f1186f3c55e2e8746d83ab44f566,no
Astrology-Database/Classics books/Siddhanta Shiromani - by Bhaktisidhanta Sarasvati/Siddhanta_Shiromani_Ch_11_Translated.doc,Astrology-Database/Vedic-Classics/Classics books/Siddhanta Shiromani - by Bhaktisidhanta Sarasvati/Siddhanta_Shiromani_Ch_11_Translated.doc,97bc8fdb01098f579adad7f1a3278289f46bd60818627d588b4425623416ee0b,97bc8fdb01098f579adad7f1a3278289f46bd60818627d588b4425623416ee0b,moved,Astrology/Vedic-Classics,97bc8fdb01098f579adad7f1a3278289f46bd60818627d588b4425623416ee0b,no
Astrology-Database/Classics books/Siddhanta Shiromani - by Bhaktisidhanta Sarasvati/Siddhanta_Shiromani_Ch_8_Translated1.doc,Astrology-Database/Vedic-Classics/Classics books/Siddhanta Shiromani - by Bhaktisidhanta Sarasvati/Siddhanta_Shiromani_Ch_8_Translated1.doc,6e6bd4a46e5a3ab0a5f42bdfde77b785905faf99c7a1b21e7f3a0bf5a834014c,6e6bd4a46e5a3ab0a5f42bdfde77b785905faf99c7a1b21e7f3a0bf5a834014c,moved,Astrology/Vedic-Classics,6e6bd4a46e5a3ab0a5f42bdfde77b785905faf99c7a1b21e7f3a0bf5a834014c,no
Astrology-Database/Classics books/Siddhanta Shiromani - by Bhaktisidhanta Sarasvati/Siddhanta_Shiromani_Ch_9_Translated.doc,Astrology-Database/Western/Classics books/Siddhanta Shiromani - by Bhaktisidhanta Sarasvati/Siddhanta_Shiromani_Ch_9_Translated.doc,a9799e24f1d7c524d8304dc8aa8e587dbae4fff8babc37d7d8e81be644fd9bea,a9799e24f1d7c524d8304dc8aa8e587dbae4fff8babc37d7d8e81be644fd9bea,moved,Astrology/Western,a9799e24f1d7c524d8304dc8aa8e587dbae4fff8babc37d7d8e81be644fd9bea,no
Astrology-Database/Core of nadi astrology.md,Astrology-Database/Jaimini/Core of nadi astrology.md,aa7845d2183e7f0666212b4fc383d48dc55ddb80509e255034ffa3ad18f825fe,aa7845d2183e7f0666212b4fc383d48dc55ddb80509e255034ffa3ad18f825fe,moved,Astrology/Jaimini,aa7845d2183e7f0666212b4fc383d48dc55ddb80509e255034ffa3ad18f825fe,no
Astrology-Database/CORRECT_VedicReport_AYUSHMAN_4_55.md,Astrology-Database/Nadi/CORRECT_VedicReport_AYUSHMAN_4_55.md,1d49a5f12bb0805d1395c5d3ef10fe02dd83ffe1982f1faa74f76bca14ad9ff4,1d49a5f12bb0805d1395c5d3ef10fe02dd83ffe1982f1faa74f76bca14ad9ff4,moved,Astrology/Nadi,1d49a5f12bb0805d1395c5d3ef10fe02dd83ffe1982f1faa74f76bca14ad9ff4,no
Astrology-Database/D-12 PadmaChakra.md,Astrology-Database/Natal-Rectification/D-12 PadmaChakra.md,ae494f385b54fb8949ac06805f094244d2788611a72d8309e0d46c6647020bd1,ae494f385b54fb8949ac06805f094244d2788611a72d8309e0d46c6647020bd1,moved,Astrology/Natal-Rectification,ae494f385b54fb8949ac06805f094244d2788611a72d8309e0d46c6647020bd1,no
Astrology-Database/D10 Dasama_mahatphalam.md,Astrology-Database/Financial/D10 Dasama_mahatphalam.md,b65fd0ae6dcb8010146e5cc49bc63963f4f4ac63d7fa61ecc8ae7d4bb02f4f1e,b65fd0ae6dcb8010146e5cc49bc63963f4f4ac63d7fa61ecc8ae7d4bb02f4f1e,moved,Astrology/Financial,b65fd0ae6dcb8010146e5cc49bc63963f4f4ac63d7fa61ecc8ae7d4bb02f4f1e,no
Astrology-Database/Dasha_lagna_key_accurate_predictions.md,Astrology-Database/Financial/Dasha_lagna_key_accurate_predictions.md,93e08882dfadd58a7e0ba36879b83560f49640b285919e1f0a436f75275661b3,93e08882dfadd58a7e0ba36879b83560f49640b285919e1f0a436f75275661b3,moved,Astrology/Financial,93e08882dfadd58a7e0ba36879b83560f49640b285919e1f0a436f75275661b3,no
Astrology-Database/Dashamsha_2.md,Astrology-Database/Jaimini/Dashamsha_2.md,7a63bd9401dd30d26c7022c06665dfd3a105cd288729e3f7422e0e5bf8f94c28,7a63bd9401dd30d26c7022c06665dfd3a105cd288729e3f7422e0e5bf8f94c28,moved,Astrology/Jaimini,7a63bd9401dd30d26c7022c06665dfd3a105cd288729e3f7422e0e5bf8f94c28,no
Astrology-Database/DebilitatedNeechaPlanetsLifesInterestingChallengeBW.md,Astrology-Database/Jaimini/DebilitatedNeechaPlanetsLifesInterestingChallengeBW.md,cca4a0f7609b1238b7a0fd19ddd257c2f0e7b2ef7113b773ca767e2a65b975fc,cca4a0f7609b1238b7a0fd19ddd257c2f0e7b2ef7113b773ca767e2a65b975fc,moved,Astrology/Jaimini,cca4a0f7609b1238b7a0fd19ddd257c2f0e7b2ef7113b773ca767e2a65b975fc,no
Astrology-Database/Deva-keralam.md,Astrology-Database/Vedic-Classics/Deva-keralam.md,ac144ae1536e4f0bc22cbbf79c773f0d31458210aae1cf2b68103317101fefd5,ac144ae1536e4f0bc22cbbf79c773f0d31458210aae1cf2b68103317101fefd5,moved,Astrology/Vedic-Classics,ac144ae1536e4f0bc22cbbf79c773f0d31458210aae1cf2b68103317101fefd5,no
Astrology-Database/Devakeralam-part-2-By-Santhanam-Chandrakala-nadi.md,Astrology-Database/Nadi/Devakeralam-part-2-By-Santhanam-Chandrakala-nadi.md,4c4973c0d4feaa218a2362a4e55f5603c6205b9397bb4302d56e1d8aff8dbefe,4c4973c0d4feaa218a2362a4e55f5603c6205b9397bb4302d56e1d8aff8dbefe,moved,Astrology/Nadi,4c4973c0d4feaa218a2362a4e55f5603c6205b9397bb4302d56e1d8aff8dbefe,no
Astrology-Database/Dhanu Vijaya- Jyothisha Prakaasham.md,Astrology-Database/Jaimini/Dhanu Vijaya- Jyothisha Prakaasham.md,340dd9afe3cb72ff409b7ec6d78e01cb7e53565c78247195daa2810a4e6c40ab,340dd9afe3cb72ff409b7ec6d78e01cb7e53565c78247195daa2810a4e6c40ab,moved,Astrology/Jaimini,340dd9afe3cb72ff409b7ec6d78e01cb7e53565c78247195daa2810a4e6c40ab,no
Astrology-Database/Dharma_Karma _Rev.md,Astrology-Database/Nadi/Dharma_Karma _Rev.md,c1966a49042cac51766decb6b3673637d75343b391389a62bfeab718757ff6c9,c1966a49042cac51766decb6b3673637d75343b391389a62bfeab718757ff6c9,moved,Astrology/Nadi,c1966a49042cac51766decb6b3673637d75343b391389a62bfeab718757ff6c9,no
Astrology-Database/DivisionalCharts-hank.md,Astrology-Database/Jaimini/DivisionalCharts-hank.md,dc1377c4d2e0e78430f9bc1ec7103e296654ac0a10ad77137235775a028bb630,dc1377c4d2e0e78430f9bc1ec7103e296654ac0a10ad77137235775a028bb630,moved,Astrology/Jaimini,dc1377c4d2e0e78430f9bc1ec7103e296654ac0a10ad77137235775a028bb630,no
Astrology-Database/Doctrines of Suka Nadi(1).md,Astrology-Database/Nadi/Doctrines of Suka Nadi(1).md,d41ecbd0aa25717809bdb83640a03437efc59a2f173370eff09d97db0a3f431b,d41ecbd0aa25717809bdb83640a03437efc59a2f173370eff09d97db0a3f431b,moved,Astrology/Nadi,d41ecbd0aa25717809bdb83640a03437efc59a2f173370eff09d97db0a3f431b,no
Astrology-Database/drekkanna.md,Astrology-Database/Financial/drekkanna.md,280d588008427c6d8dd461efd892e5b48e56757285d5a8778fe7f473d18bcbf4,280d588008427c6d8dd461efd892e5b48e56757285d5a8778fe7f473d18bcbf4,moved,Astrology/Financial,280d588008427c6d8dd461efd892e5b48e56757285d5a8778fe7f473d18bcbf4,no
Astrology-Database/dwadasamsa.md,Astrology-Database/Jaimini/dwadasamsa.md,9f6273f23b354eb3f07b3dbb43028d92e48ee7fc6ae537326d2d7d98ec118fbb,9f6273f23b354eb3f07b3dbb43028d92e48ee7fc6ae537326d2d7d98ec118fbb,moved,Astrology/Jaimini,9f6273f23b354eb3f07b3dbb43028d92e48ee7fc6ae537326d2d7d98ec118fbb,no
Astrology-Database/Essence of Nadi Astrology Rao R.G..md,Astrology-Database/Jaimini/Essence of Nadi Astrology Rao R.G..md,f3bd07b1d593398a8abc392b63f57f8c4487a81e4bb74ae92922310fd17cb162,f3bd07b1d593398a8abc392b63f57f8c4487a81e4bb74ae92922310fd17cb162,moved,Astrology/Jaimini,f3bd07b1d593398a8abc392b63f57f8c4487a81e4bb74ae92922310fd17cb162,no
Astrology-Database/Essence_of_Prashna_Techniques.md,Astrology-Database/Jaimini/Essence_of_Prashna_Techniques.md,99822fa7c8a6de97ade12d074184886ba3d2f84f72c2b838ae454d86e026c0fa,99822fa7c8a6de97ade12d074184886ba3d2f84f72c2b838ae454d86e026c0fa,moved,Astrology/Jaimini,99822fa7c8a6de97ade12d074184886ba3d2f84f72c2b838ae454d86e026c0fa,no
Astrology-Database/FateandFortunePartIIBW.md,Astrology-Database/Jaimini/FateandFortunePartIIBW.md,09cf6e9d6974044c5fe1f58b88d854c8b931a261476bfbf0752eecc8e516fbaa,09cf6e9d6974044c5fe1f58b88d854c8b931a261476bfbf0752eecc8e516fbaa,moved,Astrology/Jaimini,09cf6e9d6974044c5fe1f58b88d854c8b931a261476bfbf0752eecc8e516fbaa,no
Astrology-Database/foreign-travel.html.md,Astrology-Database/Financial/foreign-travel.html.md,4114e132af47f0c2bec011877bb0711e48ce31e82a9801dda4cbb9478ebee00a,4114e132af47f0c2bec011877bb0711e48ce31e82a9801dda4cbb9478ebee00a,moved,Astrology/Financial,4114e132af47f0c2bec011877bb0711e48ce31e82a9801dda4cbb9478ebee00a,no
Astrology-Database/GandanthaCasestudiesBW.md,Astrology-Database/Jaimini/GandanthaCasestudiesBW.md,961699477e8764f5677d71184143164da954adbbb2f370809e8a0e7cc6a9b586,961699477e8764f5677d71184143164da954adbbb2f370809e8a0e7cc6a9b586,moved,Astrology/Jaimini,961699477e8764f5677d71184143164da954adbbb2f370809e8a0e7cc6a9b586,no
Astrology-Database/Gayatri Jyotish.md,Astrology-Database/Vedic-Classics/Gayatri Jyotish.md,a3c20da3ad278cbbbb3becbd7031ade1710bb0c90fd5a691e071d896a3db061e,a3c20da3ad278cbbbb3becbd7031ade1710bb0c90fd5a691e071d896a3db061e,moved,Astrology/Vedic-Classics,a3c20da3ad278cbbbb3becbd7031ade1710bb0c90fd5a691e071d896a3db061e,no
Astrology-Database/glossary-of-astrology-terms-2014-cunningham.md,Astrology-Database/Financial/glossary-of-astrology-terms-2014-cunningham.md,90af971a7d788eacc949154f8cf31dfff369db12a45de4dbb814fb1d966d7982,90af971a7d788eacc949154f8cf31dfff369db12a45de4dbb814fb1d966d7982,moved,Astrology/Financial,90af971a7d788eacc949154f8cf31dfff369db12a45de4dbb814fb1d966d7982,no
Astrology-Database/Gossip and Grahas.md,Astrology-Database/Vedic-Classics/Gossip and Grahas.md,5c7a99e1b2e28a0f3c8bb25ab6baca5d2c47f266e8b2d295ebc00bba3a82a091,5c7a99e1b2e28a0f3c8bb25ab6baca5d2c47f266e8b2d295ebc00bba3a82a091,moved,Astrology/Vedic-Classics,5c7a99e1b2e28a0f3c8bb25ab6baca5d2c47f266e8b2d295ebc00bba3a82a091,no
Astrology-Database/Graha_Yuddha.md,Astrology-Database/Jaimini/Graha_Yuddha.md,ec8fecd422449a64e35a509cb9a1d8f7cdb94ae29f38a8545e9d40e9d4ad287f,ec8fecd422449a64e35a509cb9a1d8f7cdb94ae29f38a8545e9d40e9d4ad287f,moved,Astrology/Jaimini,ec8fecd422449a64e35a509cb9a1d8f7cdb94ae29f38a8545e9d40e9d4ad287f,no
Astrology-Database/Hindu Vedic Astrology 01.md,Astrology-Database/Jaimini/Hindu Vedic Astrology 01.md,b7f96f864488ce060c135607e81132a13af94030b0e23b21964ee2e73c45a900,b7f96f864488ce060c135607e81132a13af94030b0e23b21964ee2e73c45a900,moved,Astrology/Jaimini,b7f96f864488ce060c135607e81132a13af94030b0e23b21964ee2e73c45a900,no
Astrology-Database/Hora chart methods.md,Astrology-Database/Jaimini/Hora chart methods.md,f3e7454f4dce63d40df2c3938f8551474573480c209c81c6479dde40729a1a1b,f3e7454f4dce63d40df2c3938f8551474573480c209c81c6479dde40729a1a1b,moved,Astrology/Jaimini,f3e7454f4dce63d40df2c3938f8551474573480c209c81c6479dde40729a1a1b,no
Astrology-Database/Horoscope ofSaints.md,Astrology-Database/Jaimini/Horoscope ofSaints.md,a6defeb0a15786c942b77c28890245bfbf38ef9e3f2b20bd28562995738c1c04,a6defeb0a15786c942b77c28890245bfbf38ef9e3f2b20bd28562995738c1c04,moved,Astrology/Jaimini,a6defeb0a15786c942b77c28890245bfbf38ef9e3f2b20bd28562995738c1c04,no
Astrology-Database/How to judge horoscope  1.md,Astrology-Database/Jaimini/How to judge horoscope  1.md,a19b7bc870f4f6ffcf172978a23f718ccca3a1e01e464a1cdfb256930c0c3e29,a19b7bc870f4f6ffcf172978a23f718ccca3a1e01e464a1cdfb256930c0c3e29,moved,Astrology/Jaimini,a19b7bc870f4f6ffcf172978a23f718ccca3a1e01e464a1cdfb256930c0c3e29,no
Astrology-Database/How to judge horoscope 2.md,Astrology-Database/Jaimini/How to judge horoscope 2.md,7945d661fefac770401b0abee4cbfe4ff2c5639e0215c3f26a50325cca3ef3eb,7945d661fefac770401b0abee4cbfe4ff2c5639e0215c3f26a50325cca3ef3eb,moved,Astrology/Jaimini,7945d661fefac770401b0abee4cbfe4ff2c5639e0215c3f26a50325cca3ef3eb,no
Astrology-Database/jaimini-maharishis-upadesa-sutras.md,Astrology-Database/Jaimini/jaimini-maharishis-upadesa-sutras.md,e2a7b62048db79e9eb58de39868bce77d3c0d9ddb41dfb6397b9304aed152975,e2a7b62048db79e9eb58de39868bce77d3c0d9ddb41dfb6397b9304aed152975,moved,Astrology/Jaimini,e2a7b62048db79e9eb58de39868bce77d3c0d9ddb41dfb6397b9304aed152975,no
Astrology-Database/JaiminisCharaDasasPredictions.md,Astrology-Database/Jaimini/JaiminisCharaDasasPredictions.md,7de264a27d8adfecef5bfbd41365d601737907868a39935d47ad505215a1e5e2,7de264a27d8adfecef5bfbd41365d601737907868a39935d47ad505215a1e5e2,moved,Astrology/Jaimini,7de264a27d8adfecef5bfbd41365d601737907868a39935d47ad505215a1e5e2,no
Astrology-Database/JAIMINISUTRAS (1).md,Astrology-Database/Jaimini/JAIMINISUTRAS (1).md,99831594138898fc3105ee34aa8400412ed00138b2392657ba6116a1c5d5ca8d,99831594138898fc3105ee34aa8400412ed00138b2392657ba6116a1c5d5ca8d,moved,Astrology/Jaimini,99831594138898fc3105ee34aa8400412ed00138b2392657ba6116a1c5d5ca8d,no
Astrology-Database/JaiminiSutrasCompleteEng.md,Astrology-Database/Jaimini/JaiminiSutrasCompleteEng.md,cc3ec874aac4612d2959f1f7c179626e224678f80cb4f496daab21c27e15e21e,cc3ec874aac4612d2959f1f7c179626e224678f80cb4f496daab21c27e15e21e,moved,Astrology/Jaimini,cc3ec874aac4612d2959f1f7c179626e224678f80cb4f496daab21c27e15e21e,no
Astrology-Database/Jatak Alankaar (Sanskrit).md,Astrology-Database/Vedic-Classics/Jatak Alankaar (Sanskrit).md,5278a90c0282dc08c8dfd15e92344e7329a7bf09c573686e6ed4e6ab1bae6670,5278a90c0282dc08c8dfd15e92344e7329a7bf09c573686e6ed4e6ab1bae6670,moved,Astrology/Vedic-Classics,5278a90c0282dc08c8dfd15e92344e7329a7bf09c573686e6ed4e6ab1bae6670,no
Astrology-Database/Jatak Nirnay 1.md,Astrology-Database/Vedic-Classics/Jatak Nirnay 1.md,96204bca947b8c41c1f25c65359e2dcabcc07dbc7f2c081c7b5099b0362eb57c,96204bca947b8c41c1f25c65359e2dcabcc07dbc7f2c081c7b5099b0362eb57c,moved,Astrology/Vedic-Classics,96204bca947b8c41c1f25c65359e2dcabcc07dbc7f2c081c7b5099b0362eb57c,no
Astrology-Database/Jatak Nirnay 2.md,Astrology-Database/Vedic-Classics/Jatak Nirnay 2.md,4c67a185254a4d0d381d45dee97316053e439f0225576446fbe6589cc9334aa8,4c67a185254a4d0d381d45dee97316053e439f0225576446fbe6589cc9334aa8,moved,Astrology/Vedic-Classics,4c67a185254a4d0d381d45dee97316053e439f0225576446fbe6589cc9334aa8,no
Astrology-Database/Jataka chandrika - Tr Suryanarayana Rao (1900).md,Astrology-Database/Vedic-Classics/Jataka chandrika - Tr Suryanarayana Rao (1900).md,3ee4bd098dcc9523ee1d2f20300ae404b3ba07d50af5a91ba9c576cfcc1afc60,3ee4bd098dcc9523ee1d2f20300ae404b3ba07d50af5a91ba9c576cfcc1afc60,moved,Astrology/Vedic-Classics,3ee4bd098dcc9523ee1d2f20300ae404b3ba07d50af5a91ba9c576cfcc1afc60,no
Astrology-Database/Jataka tattvam - Kadalangudi.md,Astrology-Database/Financial/Jataka tattvam - Kadalangudi.md,118955c03777e6ed536685ab578a98bab1d3e837cc3f86452f1c3346453bb8c6,118955c03777e6ed536685ab578a98bab1d3e837cc3f86452f1c3346453bb8c6,moved,Astrology/Financial,118955c03777e6ed536685ab578a98bab1d3e837cc3f86452f1c3346453bb8c6,no
Astrology-Database/Jataka-Parijata-Vol-1.md,Astrology-Database/Vedic-Classics/Jataka-Parijata-Vol-1.md,7b256b6dbbaef88802cc223534e1b76da58fb1a6cd7ddd9be8cfc2a92ca8c0e8,7b256b6dbbaef88802cc223534e1b76da58fb1a6cd7ddd9be8cfc2a92ca8c0e8,moved,Astrology/Vedic-Classics,7b256b6dbbaef88802cc223534e1b76da58fb1a6cd7ddd9be8cfc2a92ca8c0e8,no
Astrology-Database/Jataka-Parijata-Vol-2.md,Astrology-Database/Natal-Rectification/Jataka-Parijata-Vol-2.md,df573ef86c143ca1d07a26f85f7620a376c7ab6500f7c40520b7c65cf55d233c,df573ef86c143ca1d07a26f85f7620a376c7ab6500f7c40520b7c65cf55d233c,moved,Astrology/Natal-Rectification,df573ef86c143ca1d07a26f85f7620a376c7ab6500f7c40520b7c65cf55d233c,no
Astrology-Database/Jataka-Parijata-Vol-3.md,Astrology-Database/Jaimini/Jataka-Parijata-Vol-3.md,194e6940c7ddddfbe64c87a9248b7139e25ef625f5cae77a1117ffcefc1a8000,194e6940c7ddddfbe64c87a9248b7139e25ef625f5cae77a1117ffcefc1a8000,moved,Astrology/Jaimini,194e6940c7ddddfbe64c87a9248b7139e25ef625f5cae77a1117ffcefc1a8000,no
Astrology-Database/Jyotisha Chandrika  jaimini NOTES.md,Astrology-Database/Jaimini/Jyotisha Chandrika  jaimini NOTES.md,8516d06c901bb3935ad215ebececc0089aa30391059b66da6f1627346f0f735d,8516d06c901bb3935ad215ebececc0089aa30391059b66da6f1627346f0f735d,moved,Astrology/Jaimini,8516d06c901bb3935ad215ebececc0089aa30391059b66da6f1627346f0f735d,no
Astrology-Database/K.P reader-2-fundamental-principles-of-astro.md,Astrology-Database/Vedic-Classics/K.P reader-2-fundamental-principles-of-astro.md,7a6d5dcdcfd144fa0ece767216494900c2035c82dc0b5079bb87d6b0e9ed3104,7a6d5dcdcfd144fa0ece767216494900c2035c82dc0b5079bb87d6b0e9ed3104,moved,Astrology/Vedic-Classics,7a6d5dcdcfd144fa0ece767216494900c2035c82dc0b5079bb87d6b0e9ed3104,no
Astrology-Database/K.P reader-3 Predictive-stellar-astro.md,Astrology-Database/KP-Prashna/K.P reader-3 Predictive-stellar-astro.md,545329f888370a5e41e7fa29dd6b002de7b8f9f6ebf963d6093f78d1bce9868b,545329f888370a5e41e7fa29dd6b002de7b8f9f6ebf963d6093f78d1bce9868b,moved,Astrology/KP-Prashna,545329f888370a5e41e7fa29dd6b002de7b8f9f6ebf963d6093f78d1bce9868b,no
Astrology-Database/Kalyana Varmas Saravali.md,Astrology-Database/Uranian/Kalyana Varmas Saravali.md,c27a0c2760d1b01a88c9cb6722b745d00587ad7b47c7de76e1c49a1bb35d3000,c27a0c2760d1b01a88c9cb6722b745d00587ad7b47c7de76e1c49a1bb35d3000,moved,Astrology/Uranian,c27a0c2760d1b01a88c9cb6722b745d00587ad7b47c7de76e1c49a1bb35d3000,no
Astrology-Database/KanadRishiBhatnagar-AMemoirByKNRaoBW(1).md,Astrology-Database/Jaimini/KanadRishiBhatnagar-AMemoirByKNRaoBW(1).md,58c755c1e0a11a9cb80ac8688bc3d96f60046e62bffd87f8663426dbc9d8e80f,58c755c1e0a11a9cb80ac8688bc3d96f60046e62bffd87f8663426dbc9d8e80f,moved,Astrology/Jaimini,58c755c1e0a11a9cb80ac8688bc3d96f60046e62bffd87f8663426dbc9d8e80f,no
Astrology-Database/Karma-and-Rebirth-in-Astro.md,Astrology-Database/Jaimini/Karma-and-Rebirth-in-Astro.md,72ea17aef4bb359fc3f8328cbff04d48c10914144ae1afb94a243cf56bbc0e2a,72ea17aef4bb359fc3f8328cbff04d48c10914144ae1afb94a243cf56bbc0e2a,moved,Astrology/Jaimini,72ea17aef4bb359fc3f8328cbff04d48c10914144ae1afb94a243cf56bbc0e2a,no
Astrology-Database/KarmaYoga.md,Astrology-Database/Financial/KarmaYoga.md,c59e4677802e164611e69ab2422c715b5e2b81dc2731dfaef8f2d4804f2699ae,c59e4677802e164611e69ab2422c715b5e2b81dc2731dfaef8f2d4804f2699ae,moved,Astrology/Financial,c59e4677802e164611e69ab2422c715b5e2b81dc2731dfaef8f2d4804f2699ae,no
Astrology-Database/karmic_astrology.md,Astrology-Database/Vedic-Classics/karmic_astrology.md,92c9bddf41b84190424a738c7ceb51279ef7a39bf5071d4be88cdd06749ece99,92c9bddf41b84190424a738c7ceb51279ef7a39bf5071d4be88cdd06749ece99,moved,Astrology/Vedic-Classics,92c9bddf41b84190424a738c7ceb51279ef7a39bf5071d4be88cdd06749ece99,no
Astrology-Database/KN-RAO-S-Astrology-Lessons.md,Astrology-Database/KP-Prashna/KN-RAO-S-Astrology-Lessons.md,969a78d70319b9fb81e1c803ef624fe8986dd3118fa79fa43bca5f2fb61383dd,969a78d70319b9fb81e1c803ef624fe8986dd3118fa79fa43bca5f2fb61383dd,moved,Astrology/KP-Prashna,969a78d70319b9fb81e1c803ef624fe8986dd3118fa79fa43bca5f2fb61383dd,no
Astrology-Database/kp system_raghunath.md,Astrology-Database/Nadi/kp system_raghunath.md,2f274df26239c621511ba00f54692c7b4705aaad5f18f8d8bacd26cdfc2f76e4,2f274df26239c621511ba00f54692c7b4705aaad5f18f8d8bacd26cdfc2f76e4,moved,Astrology/Nadi,2f274df26239c621511ba00f54692c7b4705aaad5f18f8d8bacd26cdfc2f76e4,no
Astrology-Database/kupdf.net_kn-rao-astrology-and-timing-of-marriage-2008.md,Astrology-Database/Vedic-Classics/kupdf.net_kn-rao-astrology-and-timing-of-marriage-2008.md,1a388ad91dd24c7d7e7d6c672c12da9aaf28665e2ecbf764f09e5c8ae53ceeab,1a388ad91dd24c7d7e7d6c672c12da9aaf28665e2ecbf764f09e5c8ae53ceeab,moved,Astrology/Vedic-Classics,1a388ad91dd24c7d7e7d6c672c12da9aaf28665e2ecbf764f09e5c8ae53ceeab,no
Astrology-Database/Learn Successful Predictive Techniques of Hindu Astrology.md,Astrology-Database/KP-Prashna/Learn Successful Predictive Techniques of Hindu Astrology.md,e2be8761a75b7b7b254e13bb9dd8f0381787e9a475e9a5fc256c3a8f5750555a,e2be8761a75b7b7b254e13bb9dd8f0381787e9a475e9a5fc256c3a8f5750555a,moved,Astrology/KP-Prashna,e2be8761a75b7b7b254e13bb9dd8f0381787e9a475e9a5fc256c3a8f5750555a,no
Astrology-Database/Lecture-Note-on-Krishnamurti-Paddhati.md,Astrology-Database/KP-Prashna/Lecture-Note-on-Krishnamurti-Paddhati.md,57e68b410efe97e446c9675e7c93346d820ca245e5541edd44ea58ed67ae6d67,57e68b410efe97e446c9675e7c93346d820ca245e5541edd44ea58ed67ae6d67,moved,Astrology/KP-Prashna,57e68b410efe97e446c9675e7c93346d820ca245e5541edd44ea58ed67ae6d67,no
Astrology-Database/Mantreswara_Phaladeeplka.md,Astrology-Database/Jaimini/Mantreswara_Phaladeeplka.md,0269d973a5a546e5c7c6c1ec8ddffb425f2499bdc04aece5de2a19f2f69b7e78,0269d973a5a546e5c7c6c1ec8ddffb425f2499bdc04aece5de2a19f2f69b7e78,moved,Astrology/Jaimini,0269d973a5a546e5c7c6c1ec8ddffb425f2499bdc04aece5de2a19f2f69b7e78,no
Astrology-Database/Marvel of Vedic Astrology Blind Chart Analysis.md,Astrology-Database/Jaimini/Marvel of Vedic Astrology Blind Chart Analysis.md,3547bc437bb913680346dcb7ec9241da80bf8aaeab4d1beb19030bbc2863ad0d,3547bc437bb913680346dcb7ec9241da80bf8aaeab4d1beb19030bbc2863ad0d,moved,Astrology/Jaimini,3547bc437bb913680346dcb7ec9241da80bf8aaeab4d1beb19030bbc2863ad0d,no
Astrology-Database/MEENA-NADI-PART-1.md,Astrology-Database/Nadi/MEENA-NADI-PART-1.md,7be4d54960b72a69d5d52bd269ec9e42921041763685ec0de63a1bbedca4bbaa,7be4d54960b72a69d5d52bd269ec9e42921041763685ec0de63a1bbedca4bbaa,moved,Astrology/Nadi,7be4d54960b72a69d5d52bd269ec9e42921041763685ec0de63a1bbedca4bbaa,no
Astrology-Database/My Experiences in Astrology B.V Raman.md,Astrology-Database/Nadi/My Experiences in Astrology B.V Raman.md,ee85676cd1a2a8cfd845abc9cc3c4505d044482c47d5e52f349dd30e7b006808,ee85676cd1a2a8cfd845abc9cc3c4505d044482c47d5e52f349dd30e7b006808,moved,Astrology/Nadi,ee85676cd1a2a8cfd845abc9cc3c4505d044482c47d5e52f349dd30e7b006808,no
Astrology-Database/naadi about CHAPTER.md,Astrology-Database/Nadi/naadi about CHAPTER.md,55f3987eaf914721125285ed4d5998c92c5c7daa7fc4ae66f5a0906df41bf8f9,55f3987eaf914721125285ed4d5998c92c5c7daa7fc4ae66f5a0906df41bf8f9,moved,Astrology/Nadi,55f3987eaf914721125285ed4d5998c92c5c7daa7fc4ae66f5a0906df41bf8f9,no
Astrology-Database/Naadi jyotish saptarishi astr.md,Astrology-Database/Nadi/Naadi jyotish saptarishi astr.md,f4cec546a00339fcc6d9fb445ed08445d4a8a8fe9c112e1cf2f0ad1384afabfc,f4cec546a00339fcc6d9fb445ed08445d4a8a8fe9c112e1cf2f0ad1384afabfc,moved,Astrology/Nadi,f4cec546a00339fcc6d9fb445ed08445d4a8a8fe9c112e1cf2f0ad1384afabfc,no
Astrology-Database/NADI ASTROLOGICAL RESEARCHES GROUP-II.md,Astrology-Database/Nadi/NADI ASTROLOGICAL RESEARCHES GROUP-II.md,0be6a19b6ab9d7858697b6546e243effc1799f5c897dc0668e1d680e8268c0e4,0be6a19b6ab9d7858697b6546e243effc1799f5c897dc0668e1d680e8268c0e4,moved,Astrology/Nadi,0be6a19b6ab9d7858697b6546e243effc1799f5c897dc0668e1d680e8268c0e4,no
Astrology-Database/Nadi Easy Method of Determining Profession – Jyotish – The Divine Science.md,Astrology-Database/Jaimini/Nadi Easy Method of Determining Profession – Jyotish – The Divine Science.md,55f4d5c9eaccf64c639368aadb3d37a6fa635d93d1087cc66b7037d5d38db305,55f4d5c9eaccf64c639368aadb3d37a6fa635d93d1087cc66b7037d5d38db305,moved,Astrology/Jaimini,55f4d5c9eaccf64c639368aadb3d37a6fa635d93d1087cc66b7037d5d38db305,no
Astrology-Database/Nadi jyotish/sant-asharam-bapu-birth-chart.jpg,Astrology-Database/Vedic-Classics/Nadi jyotish/sant-asharam-bapu-birth-chart.jpg,32ce9749c37ce1e5109d7005815d682544f969e7467d4864201f4dc8ee929fd1,32ce9749c37ce1e5109d7005815d682544f969e7467d4864201f4dc8ee929fd1,moved,Astrology/Vedic-Classics,32ce9749c37ce1e5109d7005815d682544f969e7467d4864201f4dc8ee929fd1,no
Astrology-Database/Nakshatra_Financial_Astrology_Summary_EN.md,Astrology-Database/Financial/Nakshatra_Financial_Astrology_Summary_EN.md,44d22932c4e5196ea5cc7f307883c77359029b82da39579dbf7c832d57f4ad65,44d22932c4e5196ea5cc7f307883c77359029b82da39579dbf7c832d57f4ad65,moved,Astrology/Financial,44d22932c4e5196ea5cc7f307883c77359029b82da39579dbf7c832d57f4ad65,no
Astrology-Database/navamsa cs patel.md,Astrology-Database/Jaimini/navamsa cs patel.md,1756d9e434480f7b7fdd204bfc691e6f7f4ecbfec263a95d392594614c2741d7,1756d9e434480f7b7fdd204bfc691e6f7f4ecbfec263a95d392594614c2741d7,moved,Astrology/Jaimini,1756d9e434480f7b7fdd204bfc691e6f7f4ecbfec263a95d392594614c2741d7,no
Astrology-Database/NeechaBhangaRajayoga-ANewLook.md,Astrology-Database/Vedic-Classics/NeechaBhangaRajayoga-ANewLook.md,7520b0c9efa84b1abf2391ce509df678b083afe63f8895cf719c6c5cc8e68f33,7520b0c9efa84b1abf2391ce509df678b083afe63f8895cf719c6c5cc8e68f33,moved,Astrology/Vedic-Classics,7520b0c9efa84b1abf2391ce509df678b083afe63f8895cf719c6c5cc8e68f33,no
Astrology-Database/new-techniques-of-prediction.md,Astrology-Database/Jaimini/new-techniques-of-prediction.md,e73b6ab41c027b7d5981f2d4354d6b063f39d54eba306430d27dcd95712255a5,e73b6ab41c027b7d5981f2d4354d6b063f39d54eba306430d27dcd95712255a5,moved,Astrology/Jaimini,e73b6ab41c027b7d5981f2d4354d6b063f39d54eba306430d27dcd95712255a5,no
Astrology-Database/nodes.md,Astrology-Database/Jaimini/nodes.md,57c5e25dce33ec2d9e6c746862e28ed3d4a47609203b30b2d10a5ffcbd279441,57c5e25dce33ec2d9e6c746862e28ed3d4a47609203b30b2d10a5ffcbd279441,moved,Astrology/Jaimini,57c5e25dce33ec2d9e6c746862e28ed3d4a47609203b30b2d10a5ffcbd279441,no
Astrology-Database/notes_navamsa_pushkar_navamsa.md,Astrology-Database/Jaimini/notes_navamsa_pushkar_navamsa.md,ecd6b80db047d10527d99d45ca50633d23fb30841b51ef674dc5ff769c68d89e,ecd6b80db047d10527d99d45ca50633d23fb30841b51ef674dc5ff769c68d89e,moved,Astrology/Jaimini,ecd6b80db047d10527d99d45ca50633d23fb30841b51ef674dc5ff769c68d89e,no
Astrology-Database/NotesMarkingsonYogisDestinyAndWheelOfTimePart1BW.md,Astrology-Database/Jaimini/NotesMarkingsonYogisDestinyAndWheelOfTimePart1BW.md,a093c80caa2896e5ce419d8bdbad92c78f03b0ad849b2bc9ad63d1829b11f2d8,a093c80caa2896e5ce419d8bdbad92c78f03b0ad849b2bc9ad63d1829b11f2d8,moved,Astrology/Jaimini,a093c80caa2896e5ce419d8bdbad92c78f03b0ad849b2bc9ad63d1829b11f2d8,no
Astrology-Database/Parashari Conditional dasha.md,Astrology-Database/Jaimini/Parashari Conditional dasha.md,0b2641ae1d6efe197ced8eeed354ed5f720b5fab58851a436d228d1ec5b2e2a0,0b2641ae1d6efe197ced8eeed354ed5f720b5fab58851a436d228d1ec5b2e2a0,moved,Astrology/Jaimini,0b2641ae1d6efe197ced8eeed354ed5f720b5fab58851a436d228d1ec5b2e2a0,no
Astrology-Database/parivartana-yoga.md,Astrology-Database/Jaimini/parivartana-yoga.md,a65d7b8f8723904203ba4c7d09437d6974ead7a2584b70f51ae4cd9f235456d9,a65d7b8f8723904203ba4c7d09437d6974ead7a2584b70f51ae4cd9f235456d9,moved,Astrology/Jaimini,a65d7b8f8723904203ba4c7d09437d6974ead7a2584b70f51ae4cd9f235456d9,no
Astrology-Database/People's Astrological Magazine-2015Q4.md,Astrology-Database/Financial/People's Astrological Magazine-2015Q4.md,16c3e4e85d4578714620e75a04c2cc0bade841a9395862690f43294d965c151f,16c3e4e85d4578714620e75a04c2cc0bade841a9395862690f43294d965c151f,moved,Astrology/Financial,16c3e4e85d4578714620e75a04c2cc0bade841a9395862690f43294d965c151f,no
Astrology-Database/philosophy-astrology.md,Astrology-Database/KP-Prashna/philosophy-astrology.md,7a35f16884f7abfba862fb7aa741003d375b68e38790034efc68964ec7aff4f1,7a35f16884f7abfba862fb7aa741003d375b68e38790034efc68964ec7aff4f1,moved,Astrology/KP-Prashna,7a35f16884f7abfba862fb7aa741003d375b68e38790034efc68964ec7aff4f1,no
Astrology-Database/Planet in vedic literature.md,Astrology-Database/Vedic-Classics/Planet in vedic literature.md,7a9d484e4a73993a6bfd90c83d3cd82987e1755d1e326a7f44cbabdef335e3d4,7a9d484e4a73993a6bfd90c83d3cd82987e1755d1e326a7f44cbabdef335e3d4,moved,Astrology/Vedic-Classics,7a9d484e4a73993a6bfd90c83d3cd82987e1755d1e326a7f44cbabdef335e3d4,no
Astrology-Database/Planetary War - Vedic Astrology.md,Astrology-Database/Nadi/Planetary War - Vedic Astrology.md,19336f9aaa69db61193ba365c1f3505874b9f87ea09b0936dd9077c06d465cb1,19336f9aaa69db61193ba365c1f3505874b9f87ea09b0936dd9077c06d465cb1,moved,Astrology/Nadi,19336f9aaa69db61193ba365c1f3505874b9f87ea09b0936dd9077c06d465cb1,no
Astrology-Database/Planets_and_Education vol1 Singh-KN.Rao.pdf.md,Astrology-Database/Jaimini/Planets_and_Education vol1 Singh-KN.Rao.pdf.md,db70313e03f0411499db58da4c8bb5435b239237043ad2ebf36c8df13669507c,db70313e03f0411499db58da4c8bb5435b239237043ad2ebf36c8df13669507c,moved,Astrology/Jaimini,db70313e03f0411499db58da4c8bb5435b239237043ad2ebf36c8df13669507c,no
Astrology-Database/prashna-tantra.md,Astrology-Database/KP-Prashna/prashna-tantra.md,2a1edaef96e8cc4d4cb370913959eb4bd9e6d244d19565c15255f6bb5123bb52,2a1edaef96e8cc4d4cb370913959eb4bd9e6d244d19565c15255f6bb5123bb52,moved,Astrology/KP-Prashna,2a1edaef96e8cc4d4cb370913959eb4bd9e6d244d19565c15255f6bb5123bb52,no
Astrology-Database/Prasna Arudhaphala.md,Astrology-Database/KP-Prashna/Prasna Arudhaphala.md,6629d0a397047e27c5f43903e825475c90f1a99093bffc018d42c36d60a5b02f,6629d0a397047e27c5f43903e825475c90f1a99093bffc018d42c36d60a5b02f,moved,Astrology/KP-Prashna,6629d0a397047e27c5f43903e825475c90f1a99093bffc018d42c36d60a5b02f,no
Astrology-Database/Predicting with KP Horary-20100324-193133.md,Astrology-Database/KP-Prashna/Predicting with KP Horary-20100324-193133.md,b1277cd6559825c17b4725a9ee112f4a842b0e6606797783e33512f8b3c31c76,b1277cd6559825c17b4725a9ee112f4a842b0e6606797783e33512f8b3c31c76,moved,Astrology/KP-Prashna,b1277cd6559825c17b4725a9ee112f4a842b0e6606797783e33512f8b3c31c76,no
Astrology-Database/Prediction secrets naadi astrology.md,Astrology-Database/Nadi/Prediction secrets naadi astrology.md,7b838611dabd6341e74d9ff879fbb8e72a063be9a9fbefae23b757b19d6e924b,7b838611dabd6341e74d9ff879fbb8e72a063be9a9fbefae23b757b19d6e924b,moved,Astrology/Nadi,7b838611dabd6341e74d9ff879fbb8e72a063be9a9fbefae23b757b19d6e924b,no
Astrology-Database/Predictive Jyotish by m-n-kedaar.md,Astrology-Database/Jaimini/Predictive Jyotish by m-n-kedaar.md,9b17c38addb3294f0e5af0fbf69f6447c7e1e58238f081219b0072d545efe974,9b17c38addb3294f0e5af0fbf69f6447c7e1e58238f081219b0072d545efe974,moved,Astrology/Jaimini,9b17c38addb3294f0e5af0fbf69f6447c7e1e58238f081219b0072d545efe974,no
Astrology-Database/Raghav-yadviyam.md,Astrology-Database/Vedic-Classics/Raghav-yadviyam.md,b448bab6d865188fa787b44b6a6205c5ea45eed38deadc0768701225587ac4e5,b448bab6d865188fa787b44b6a6205c5ea45eed38deadc0768701225587ac4e5,moved,Astrology/Vedic-Classics,b448bab6d865188fa787b44b6a6205c5ea45eed38deadc0768701225587ac4e5,no
Astrology-Database/raj-bhanga.md,Astrology-Database/Jaimini/raj-bhanga.md,143d8988df74a32994c3761ec22f63331eaebfb85a155ad7d6e035c71d38daee,143d8988df74a32994c3761ec22f63331eaebfb85a155ad7d6e035c71d38daee,moved,Astrology/Jaimini,143d8988df74a32994c3761ec22f63331eaebfb85a155ad7d6e035c71d38daee,no
Astrology-Database/RareYogasOfJyotishSangraha-1BW.md,Astrology-Database/Jaimini/RareYogasOfJyotishSangraha-1BW.md,a750cd26cab09502363673cfe86d60631cbe596fd7d320ed598965e222194f5c,a750cd26cab09502363673cfe86d60631cbe596fd7d320ed598965e222194f5c,moved,Astrology/Jaimini,a750cd26cab09502363673cfe86d60631cbe596fd7d320ed598965e222194f5c,no
Astrology-Database/Rashi_Financial_Astrology_Summary_EN.md,Astrology-Database/Financial/Rashi_Financial_Astrology_Summary_EN.md,51ec808382947a00e8a58be56904978d4d61e53cd02f924de5392ceef3cc6a6c,51ec808382947a00e8a58be56904978d4d61e53cd02f924de5392ceef3cc6a6c,moved,Astrology/Financial,51ec808382947a00e8a58be56904978d4d61e53cd02f924de5392ceef3cc6a6c,no
Astrology-Database/Rasi-Characteristics.md,Astrology-Database/Financial/Rasi-Characteristics.md,770448d7d7d29e0fb1b235e0ae9ac363106f549f7d2f43fdfa9306fca26f71a7,770448d7d7d29e0fb1b235e0ae9ac363106f549f7d2f43fdfa9306fca26f71a7,moved,Astrology/Financial,770448d7d7d29e0fb1b235e0ae9ac363106f549f7d2f43fdfa9306fca26f71a7,no
Astrology-Database/role-of-saturn-in-career-and-profession.action.md,Astrology-Database/Financial/role-of-saturn-in-career-and-profession.action.md,1158c15709162e19c1fe1e7683777e1411a27b62c74537a7855d33ed8ce5330b,1158c15709162e19c1fe1e7683777e1411a27b62c74537a7855d33ed8ce5330b,moved,Astrology/Financial,1158c15709162e19c1fe1e7683777e1411a27b62c74537a7855d33ed8ce5330b,no
Astrology-Database/Roots of Nadi - Satyanarayan Naik.md,Astrology-Database/Nadi/Roots of Nadi - Satyanarayan Naik.md,b0c7046ff06c0fd505108d970dff564ea2de304eaaaaaaaf2af62880cc173a14,b0c7046ff06c0fd505108d970dff564ea2de304eaaaaaaaf2af62880cc173a14,moved,Astrology/Nadi,b0c7046ff06c0fd505108d970dff564ea2de304eaaaaaaaf2af62880cc173a14,no
Astrology-Database/Sanketanidhi.md,Astrology-Database/Nadi/Sanketanidhi.md,d4a66e7d3c2ec076a091c2719b8fe2a78ff9d3233d12ed136ede8c9e9255d590,d4a66e7d3c2ec076a091c2719b8fe2a78ff9d3233d12ed136ede8c9e9255d590,moved,Astrology/Nadi,d4a66e7d3c2ec076a091c2719b8fe2a78ff9d3233d12ed136ede8c9e9255d590,no
Astrology-Database/SaptarishisFacebookResearchGroupTechnique2BW.md,Astrology-Database/Jaimini/SaptarishisFacebookResearchGroupTechnique2BW.md,165fe846e5f9b816df314a59b19a6b6a329f9fdacce138bc1814b6939eae5449,165fe846e5f9b816df314a59b19a6b6a329f9fdacce138bc1814b6939eae5449,moved,Astrology/Jaimini,165fe846e5f9b816df314a59b19a6b6a329f9fdacce138bc1814b6939eae5449,no
Astrology-Database/saptavarga-phala-in-astrology.md,Astrology-Database/Vedic-Classics/saptavarga-phala-in-astrology.md,5efdfcc9d428129ccc81c7c911eeb90734b98b755707c3cafe0fcedbd73652df,5efdfcc9d428129ccc81c7c911eeb90734b98b755707c3cafe0fcedbd73652df,moved,Astrology/Vedic-Classics,5efdfcc9d428129ccc81c7c911eeb90734b98b755707c3cafe0fcedbd73652df,no
Astrology-Database/SaralVastuShastra-Hindi.md,Astrology-Database/Vedic-Classics/SaralVastuShastra-Hindi.md,1ca44ce6a5d0c578428a5e2917b7c2d51681db75dd3a0b688363c92315e37902,1ca44ce6a5d0c578428a5e2917b7c2d51681db75dd3a0b688363c92315e37902,moved,Astrology/Vedic-Classics,1ca44ce6a5d0c578428a5e2917b7c2d51681db75dd3a0b688363c92315e37902,no
Astrology-Database/Sarvartha-Cintamani.md,Astrology-Database/KP-Prashna/Sarvartha-Cintamani.md,7a16a10370fe3c91a682381f5608cb7045d47945f6409e0e0ab69ea4f0d35fe0,7a16a10370fe3c91a682381f5608cb7045d47945f6409e0e0ab69ea4f0d35fe0,moved,Astrology/KP-Prashna,7a16a10370fe3c91a682381f5608cb7045d47945f6409e0e0ab69ea4f0d35fe0,no
Astrology-Database/Satya Jataka.md,Astrology-Database/Jaimini/Satya Jataka.md,8396de7d37b82138cec65615deba1b0e31bee28bf2407becce1037d78718ea87,8396de7d37b82138cec65615deba1b0e31bee28bf2407becce1037d78718ea87,moved,Astrology/Jaimini,8396de7d37b82138cec65615deba1b0e31bee28bf2407becce1037d78718ea87,no
Astrology-Database/Satyajatakam Dhruva Nadi.md,Astrology-Database/Jaimini/Satyajatakam Dhruva Nadi.md,fb5331150b034072926936cd8ca9c453c532c25d21f6edc66e0099f6d2f13aea,fb5331150b034072926936cd8ca9c453c532c25d21f6edc66e0099f6d2f13aea,moved,Astrology/Jaimini,fb5331150b034072926936cd8ca9c453c532c25d21f6edc66e0099f6d2f13aea,no
Astrology-Database/SBH 13 - Sukra Niti English Translation 1924.md,Astrology-Database/Vedic-Classics/SBH 13 - Sukra Niti English Translation 1924.md,45d975def9a22b82f06cce7d21ed5449c7c575b390d8945348b5504705fbd605,45d975def9a22b82f06cce7d21ed5449c7c575b390d8945348b5504705fbd605,moved,Astrology/Vedic-Classics,45d975def9a22b82f06cce7d21ed5449c7c575b390d8945348b5504705fbd605,no
Astrology-Database/Scientific-hindu-astrology.md,Astrology-Database/Western/Scientific-hindu-astrology.md,eccb3119d6474fa0906410081f8dce755bfc788dad8da999fc0f6e16ba8a643d,eccb3119d6474fa0906410081f8dce755bfc788dad8da999fc0f6e16ba8a643d,moved,Astrology/Western,4226f02bc625a10b03152b822cd18e4cc9aa974dfe797e11249ea38e9f9b290f,yes
Astrology-Database/secrets of nadi jyotish s ravi.md,Astrology-Database/Nadi/secrets of nadi jyotish s ravi.md,2588b51b802e136c65f6cac7ca77a873577375703ef19456653e6ec8612f4da5,2588b51b802e136c65f6cac7ca77a873577375703ef19456653e6ec8612f4da5,moved,Astrology/Nadi,2588b51b802e136c65f6cac7ca77a873577375703ef19456653e6ec8612f4da5,no
Astrology-Database/Shastyamsa-D60.md,Astrology-Database/Jaimini/Shastyamsa-D60.md,b30805a7172eb863ac114271284a957c54d65f4ac164112033d1e8d8f439e510,b30805a7172eb863ac114271284a957c54d65f4ac164112033d1e8d8f439e510,moved,Astrology/Jaimini,b30805a7172eb863ac114271284a957c54d65f4ac164112033d1e8d8f439e510,no
Astrology-Database/Shukra characterstics.md,Astrology-Database/Jaimini/Shukra characterstics.md,bcdad52c6c9b0bd8979f75d06fa089a3a3c8d3f74a1008b194943e72ac3b34a1,bcdad52c6c9b0bd8979f75d06fa089a3a3c8d3f74a1008b194943e72ac3b34a1,moved,Astrology/Jaimini,bcdad52c6c9b0bd8979f75d06fa089a3a3c8d3f74a1008b194943e72ac3b34a1,no
"Astrology-Database/Sign lord,star lord,sub lord ,sub sub lord.......md","Astrology-Database/Nadi/Sign lord,star lord,sub lord ,sub sub lord.......md",5b7bb89ad47127ca9df010086b6f148fdc0ed9ecf945d7bd6534e7bd1665d92c,5b7bb89ad47127ca9df010086b6f148fdc0ed9ecf945d7bd6534e7bd1665d92c,moved,Astrology/Nadi,5b7bb89ad47127ca9df010086b6f148fdc0ed9ecf945d7bd6534e7bd1665d92c,no
Astrology-Database/Significance-of-nakshatras.md,Astrology-Database/Nadi/Significance-of-nakshatras.md,dd7dd4ea3fd4d731ed67b42f7c51ff85010800e26b0bfd7005ddedea375d0833,dd7dd4ea3fd4d731ed67b42f7c51ff85010800e26b0bfd7005ddedea375d0833,moved,Astrology/Nadi,dd7dd4ea3fd4d731ed67b42f7c51ff85010800e26b0bfd7005ddedea375d0833,no
Astrology-Database/SP-jaminicharadasaknraoBW1.md,Astrology-Database/Jaimini/SP-jaminicharadasaknraoBW1.md,572f0ae56d85227e04caac2148720e9458e407fd07f534fd1b522fc6b29c1225,572f0ae56d85227e04caac2148720e9458e407fd07f534fd1b522fc6b29c1225,moved,Astrology/Jaimini,572f0ae56d85227e04caac2148720e9458e407fd07f534fd1b522fc6b29c1225,no
Astrology-Database/STRIJATAKA.md,Astrology-Database/Vedic-Classics/STRIJATAKA.md,87bed80d5d5f22577e1c43181216af742fcc40b039ce88a74f4d3585ac08c9eb,87bed80d5d5f22577e1c43181216af742fcc40b039ce88a74f4d3585ac08c9eb,moved,Astrology/Vedic-Classics,87bed80d5d5f22577e1c43181216af742fcc40b039ce88a74f4d3585ac08c9eb,no
Astrology-Database/sub sub table.md,Astrology-Database/Vedic-Classics/sub sub table.md,f2e5b0738d1f3fec5ebcd4738c0d5bf5d86097e03d7f1b24df0bc231bb3db331,f2e5b0738d1f3fec5ebcd4738c0d5bf5d86097e03d7f1b24df0bc231bb3db331,moved,Astrology/Vedic-Classics,f2e5b0738d1f3fec5ebcd4738c0d5bf5d86097e03d7f1b24df0bc231bb3db331,no
Astrology-Database/Sugam Jyotish.md,Astrology-Database/Vedic-Classics/Sugam Jyotish.md,316d42aa221bafca3b7d286e0cd1110f4c8b517876303f076b229c20a31275d4,316d42aa221bafca3b7d286e0cd1110f4c8b517876303f076b229c20a31275d4,moved,Astrology/Vedic-Classics,316d42aa221bafca3b7d286e0cd1110f4c8b517876303f076b229c20a31275d4,no
Astrology-Database/SukarNadi-2.md,Astrology-Database/Nadi/SukarNadi-2.md,fc8d5df2b3a3e4afc2414a5c8e44bd62ec013242827ab40e4a52759fa71e23c9,fc8d5df2b3a3e4afc2414a5c8e44bd62ec013242827ab40e4a52759fa71e23c9,moved,Astrology/Nadi,fc8d5df2b3a3e4afc2414a5c8e44bd62ec013242827ab40e4a52759fa71e23c9,no
Astrology-Database/SukarNadi-5.md,Astrology-Database/Jaimini/SukarNadi-5.md,4d2f4f1b8c5cb8950549c0ebaf90d54c57c9ce1e9fde995dac4af45920870cbd,4d2f4f1b8c5cb8950549c0ebaf90d54c57c9ce1e9fde995dac4af45920870cbd,moved,Astrology/Jaimini,4d2f4f1b8c5cb8950549c0ebaf90d54c57c9ce1e9fde995dac4af45920870cbd,no
Astrology-Database/SukarNadi-6.md,Astrology-Database/Jaimini/SukarNadi-6.md,82735376bc664d222e58c7b395fad0a4bc3e0eb461d68a8b3259bb962f722f01,82735376bc664d222e58c7b395fad0a4bc3e0eb461d68a8b3259bb962f722f01,moved,Astrology/Jaimini,82735376bc664d222e58c7b395fad0a4bc3e0eb461d68a8b3259bb962f722f01,no
Astrology-Database/SukarNadi1.md,Astrology-Database/Nadi/SukarNadi1.md,03ff6b9974ef863d767cecf16d34a984f3dcd57101f7f26f6e873f0d6d32ceb2,03ff6b9974ef863d767cecf16d34a984f3dcd57101f7f26f6e873f0d6d32ceb2,moved,Astrology/Nadi,03ff6b9974ef863d767cecf16d34a984f3dcd57101f7f26f6e873f0d6d32ceb2,no
Astrology-Database/SukraNadi-Grantha.md,Astrology-Database/Jaimini/SukraNadi-Grantha.md,c563402242d59918888a318d391f48633e5bebef235ae9bb77836a82289412e1,c563402242d59918888a318d391f48633e5bebef235ae9bb77836a82289412e1,moved,Astrology/Jaimini,c563402242d59918888a318d391f48633e5bebef235ae9bb77836a82289412e1,no
Astrology-Database/TamperingWithSpecialArudhaRulesOfBPHSBW.md,Astrology-Database/Jaimini/TamperingWithSpecialArudhaRulesOfBPHSBW.md,854d734988adf28611378b833e0954f955d036353289d5a00872d79ecffa61ff,854d734988adf28611378b833e0954f955d036353289d5a00872d79ecffa61ff,moved,Astrology/Jaimini,854d734988adf28611378b833e0954f955d036353289d5a00872d79ecffa61ff,no
Astrology-Database/The Enigma OfArudha-Part1-BPHS.md,Astrology-Database/Jaimini/The Enigma OfArudha-Part1-BPHS.md,0a1948b07650eba83163db02270503703c2f7acf88b6b3ed84a33a438baaadbc,0a1948b07650eba83163db02270503703c2f7acf88b6b3ed84a33a438baaadbc,moved,Astrology/Jaimini,0a1948b07650eba83163db02270503703c2f7acf88b6b3ed84a33a438baaadbc,no
Astrology-Database/The Significance of Jaimni Karakas.md,Astrology-Database/Jaimini/The Significance of Jaimni Karakas.md,9f16d27fd6ced2dc38cc642d1df7deb24c825a9e1d8095ddbc6c6f36c86744ab,9f16d27fd6ced2dc38cc642d1df7deb24c825a9e1d8095ddbc6c6f36c86744ab,moved,Astrology/Jaimini,9f16d27fd6ced2dc38cc642d1df7deb24c825a9e1d8095ddbc6c6f36c86744ab,no
Astrology-Database/the_brihat_jataka_of_varaha_mihira.md,Astrology-Database/Vedic-Classics/the_brihat_jataka_of_varaha_mihira.md,c88ded7a0caadef80e3e2bc74518b2311d23f51645ffe782ef3bfecb74a5c7ed,c88ded7a0caadef80e3e2bc74518b2311d23f51645ffe782ef3bfecb74a5c7ed,moved,Astrology/Vedic-Classics,c88ded7a0caadef80e3e2bc74518b2311d23f51645ffe782ef3bfecb74a5c7ed,no
Astrology-Database/Uttara-kalamrita-kalidas.md,Astrology-Database/Vedic-Classics/Uttara-kalamrita-kalidas.md,9ff7abca20604de332f028c8e462763ebd79b3d3f706242c28ffafb23f928096,9ff7abca20604de332f028c8e462763ebd79b3d3f706242c28ffafb23f928096,moved,Astrology/Vedic-Classics,9ff7abca20604de332f028c8e462763ebd79b3d3f706242c28ffafb23f928096,no
Astrology-Database/Vakri_grahas.md,Astrology-Database/Jaimini/Vakri_grahas.md,828052a836bce61b6c9bd5b38f20772ae28fd408e4732632ab37dd6c8f479e51,828052a836bce61b6c9bd5b38f20772ae28fd408e4732632ab37dd6c8f479e51,moved,Astrology/Jaimini,828052a836bce61b6c9bd5b38f20772ae28fd408e4732632ab37dd6c8f479e51,no
Astrology-Database/varbrhs.md,Astrology-Database/Vedic-Classics/varbrhs.md,449274ac8b869506a70e476e93f5ffa45ce297c163618516a617f8b52ca0c2bb,449274ac8b869506a70e476e93f5ffa45ce297c163618516a617f8b52ca0c2bb,moved,Astrology/Vedic-Classics,449274ac8b869506a70e476e93f5ffa45ce297c163618516a617f8b52ca0c2bb,no
Astrology-Database/Vedic Astrology And Predictions.md,Astrology-Database/Vedic-Classics/Vedic Astrology And Predictions.md,76b41368e4ce55194911f0bc42e9a783b5b8dd23c28e9842a0b8e93cbdc4eceb,76b41368e4ce55194911f0bc42e9a783b5b8dd23c28e9842a0b8e93cbdc4eceb,moved,Astrology/Vedic-Classics,76b41368e4ce55194911f0bc42e9a783b5b8dd23c28e9842a0b8e93cbdc4eceb,no
Astrology-Database/vedic_astro_textbook.md,Astrology-Database/Jaimini/vedic_astro_textbook.md,23f5698691dc46431dea22691ab7e37b9923b9ec73ad4137501f5528785d0840,23f5698691dc46431dea22691ab7e37b9923b9ec73ad4137501f5528785d0840,moved,Astrology/Jaimini,23f5698691dc46431dea22691ab7e37b9923b9ec73ad4137501f5528785d0840,no
Astrology-Database/vimsottari-and-udu-dasas.md,Astrology-Database/Jaimini/vimsottari-and-udu-dasas.md,47a2fb11f18d41157510d9668a94320915f0a0d8ca98d8a933d8b09bf4f98e4e,47a2fb11f18d41157510d9668a94320915f0a0d8ca98d8a933d8b09bf4f98e4e,moved,Astrology/Jaimini,47a2fb11f18d41157510d9668a94320915f0a0d8ca98d8a933d8b09bf4f98e4e,no
Astrology-Database/Vrash-Lagn-Ka-Faladesh-Astrology.md,Astrology-Database/Vedic-Classics/Vrash-Lagn-Ka-Faladesh-Astrology.md,ec252f554141aa6b5f1f6c5febea201376d7aee014141fb10fc69690a4052c7d,ec252f554141aa6b5f1f6c5febea201376d7aee014141fb10fc69690a4052c7d,moved,Astrology/Vedic-Classics,ec252f554141aa6b5f1f6c5febea201376d7aee014141fb10fc69690a4052c7d,no
Astrology-Database/Vrishabha Vijaya Jyothisha Prakaasham.md,Astrology-Database/KP-Prashna/Vrishabha Vijaya Jyothisha Prakaasham.md,efa9440de99e722df1c51248b4dedccf417871911ae5c663f93a5b90bcc13996,efa9440de99e722df1c51248b4dedccf417871911ae5c663f93a5b90bcc13996,moved,Astrology/KP-Prashna,efa9440de99e722df1c51248b4dedccf417871911ae5c663f93a5b90bcc13996,no
Astrology-Database/Western Astrology - Planets in Signs and Houses.md,Astrology-Database/Natal-Rectification/Western Astrology - Planets in Signs and Houses.md,bd7230993b1ef1725d94da6a7f324df746d147a625b9ea346fcf58f06ab9cb4f,bd7230993b1ef1725d94da6a7f324df746d147a625b9ea346fcf58f06ab9cb4f,moved,Astrology/Natal-Rectification,bd7230993b1ef1725d94da6a7f324df746d147a625b9ea346fcf58f06ab9cb4f,no
Astrology-Database/YashodharMehtasResearchinAstrologyBW.md,Astrology-Database/Natal-Rectification/YashodharMehtasResearchinAstrologyBW.md,4304cb174585fbcfc85975f476d692dd5cfa9c8a4cfaa829d4aa17850a3fc4c8,4304cb174585fbcfc85975f476d692dd5cfa9c8a4cfaa829d4aa17850a3fc4c8,moved,Astrology/Natal-Rectification,4304cb174585fbcfc85975f476d692dd5cfa9c8a4cfaa829d4aa17850a3fc4c8,no
Astrology-Database/नाड़ी ज्योतिष _ भाग 1 Naadi Jyotish Jitendra.md,Astrology-Database/Nadi/नाड़ी ज्योतिष _ भाग 1 Naadi Jyotish Jitendra.md,afb039c8e06f8091889703f4830b2e581deec4d383e86781dbbbbd12a8709095,afb039c8e06f8091889703f4830b2e581deec4d383e86781dbbbbd12a8709095,moved,Astrology/Nadi,afb039c8e06f8091889703f4830b2e581deec4d383e86781dbbbbd12a8709095,no
Astrology-Database/भारतीय ज्योतिष bhartiya jyotish.md,Astrology-Database/Vedic-Classics/भारतीय ज्योतिष bhartiya jyotish.md,a975c35192955b1f35cdbebd5226b39cfca381d9dd90d7f59ee42e4d3edfd053,a975c35192955b1f35cdbebd5226b39cfca381d9dd90d7f59ee42e4d3edfd053,moved,Astrology/Vedic-Classics,a975c35192955b1f35cdbebd5226b39cfca381d9dd90d7f59ee42e4d3edfd053,no
Convergence-Database/20260731-chart-describes-terrain-soulmate-is-built.md,Convergence-Database/Astrology Insights/20260731-chart-describes-terrain-soulmate-is-built.md,041c82107a3bf781a51c9e3ba0426c3acf4f80ef7ebcceb5bc3768272dcbf863,041c82107a3bf781a51c9e3ba0426c3acf4f80ef7ebcceb5bc3768272dcbf863,moved,Astrology/Convergence,48ef359871992a6f79f4a13707b3b65bc21a4d9deab1eb1835c40520c48e7e99,yes
Convergence-Database/20260731-dk-in-8th-terrain-depth-not-destiny.md,Convergence-Database/Astrology Insights/20260731-dk-in-8th-terrain-depth-not-destiny.md,437efad3cec6dfe9dbad0b3e4a4b1a8dd2230f3ea237ddf97845c903d68e4006,437efad3cec6dfe9dbad0b3e4a4b1a8dd2230f3ea237ddf97845c903d68e4006,moved,Astrology/Convergence,8ab5a723072ba91762f9c4186f3bd0bc5d3ce1bfa2d5a8034f84b8813e3d919c,yes
Convergence-Database/20260801-relationship-good-or-bad-two-axis-model.md,Convergence-Database/Astrology Insights/20260801-relationship-good-or-bad-two-axis-model.md,d89713f154364231a27a514b0e561b1bdee74a69a3ca3a12454f893d8c415aee,d89713f154364231a27a514b0e561b1bdee74a69a3ca3a12454f893d8c415aee,moved,Astrology/Convergence,68b4cee6740b62284f1622df12dc4d7481667546b8cf156807acdbfdc12c14df,yes
Convergence-Database/Astrology Insights/20260809-saturn-retrograde-insight.md,Convergence-Database/Astrology Insights/20260809-saturn-retrograde-insight.md,0bca127c54d46eddaf75b1d10621c776c7f5efc8198b9535c247a6c10b93a091,0bca127c54d46eddaf75b1d10621c776c7f5efc8198b9535c247a6c10b93a091,moved,Astrology/Convergence,0bca127c54d46eddaf75b1d10621c776c7f5efc8198b9535c247a6c10b93a091,no
Convergence-Database/Astrology Insights/20260809-transit-reading-principles-insight.md,Convergence-Database/Astrology Insights/20260809-transit-reading-principles-insight.md,66d300353859fb72f8c8a1834351c67c89af4b74dc65de3f128652d3e0c599f5,66d300353859fb72f8c8a1834351c67c89af4b74dc65de3f128652d3e0c599f5,moved,Astrology/Convergence,66d300353859fb72f8c8a1834351c67c89af4b74dc65de3f128652d3e0c599f5,no
Convergence-Database/Astrology Insights/20260809-transit-reading-principles-source-grounded-insight.md,Convergence-Database/Astrology Insights/20260809-transit-reading-principles-source-grounded-insight.md,910e54eff601857c611526c10c81ce7021828a29aa1fc30aeecf4ed47ee5863c,910e54eff601857c611526c10c81ce7021828a29aa1fc30aeecf4ed47ee5863c,moved,Astrology/Convergence,910e54eff601857c611526c10c81ce7021828a29aa1fc30aeecf4ed47ee5863c,no
Convergence-Database/ML-AI Insights/20260809-deepseek-v4-vs-gpt-5.6-insight.md,Convergence-Database/ML-AI Insights/20260809-deepseek-v4-vs-gpt-5.6-insight.md,e9dbe3e36483a93f66cfc7e1a7a794c5687eda175fb7415de766b52e352e3d03,e9dbe3e36483a93f66cfc7e1a7a794c5687eda175fb7415de766b52e352e3d03,moved,ML-AI/Insights,e9dbe3e36483a93f66cfc7e1a7a794c5687eda175fb7415de766b52e352e3d03,no
Psychology-Database/20260731-intensity-and-karmic-framing-amplify-fit.md,Psychology-Database/Applications/20260731-intensity-and-karmic-framing-amplify-fit.md,0c6de09079e0c1a1a1a470bbd32fc90af1e64038118865a4a1cf65325cc9e9b7,0c6de09079e0c1a1a1a470bbd32fc90af1e64038118865a4a1cf65325cc9e9b7,moved,Psychology/Applications,8052fd81a177d271c0aa6022865f11d9949f5a401eb9eb1abd0ed33e476445a7,yes
Psychology-Database/20260731-soulmate-belief-fit-interaction.md,Psychology-Database/Applications/20260731-soulmate-belief-fit-interaction.md,bb23d18057c5e9ecfcda5fb19e76adc35e5d7ccd903b5fd5dc37284e6e4a25b2,bb23d18057c5e9ecfcda5fb19e76adc35e5d7ccd903b5fd5dc37284e6e4a25b2,moved,Psychology/Applications,5a506957f72f044d121d3ccdfc750c4e328592fffdbdf7ba9955171505a2fa07,yes
Psychology-Database/20260801-relationship-good-or-bad-climate-layer.md,Psychology-Database/Applications/20260801-relationship-good-or-bad-climate-layer.md,255ab486d8e9e409016c9620473255d511a8bbaa0da61d2ca392c413eb20aaf6,255ab486d8e9e409016c9620473255d511a8bbaa0da61d2ca392c413eb20aaf6,moved,Psychology/Applications,5a2c8fe1d14bc71356cb0e3bec44a37c91e730dd46a44b8efa4fed6cb2d44a43,yes
Astrology-Database/Articles/#Articles/Dasamsa-Loss and Gain in Career.pptx,Astrology-Database/Articles/Dasamsa-Loss and Gain in Career.pptx,6ca6e1dc770b0a5562330cf59097679a1728f5a957af270623788a94ee75b113,6ca6e1dc770b0a5562330cf59097679a1728f5a957af270623788a94ee75b113,flattened,structure-cleanup,6ca6e1dc770b0a5562330cf59097679a1728f5a957af270623788a94ee75b113,no
Astrology-Database/Articles/#Articles/Horary Astrology the 6th Reader 3.doc,Astrology-Database/Articles/Horary Astrology the 6th Reader 3.doc,fbbb5d9533082a342a90f6ae02803b71e2531d1becc59d0bcaa02e202c23e6e9,fbbb5d9533082a342a90f6ae02803b71e2531d1becc59d0bcaa02e202c23e6e9,flattened,structure-cleanup,fbbb5d9533082a342a90f6ae02803b71e2531d1becc59d0bcaa02e202c23e6e9,no
Astrology-Database/Articles/#Articles/Jaimini Chara Dasha in Astrology.doc,Astrology-Database/Articles/Jaimini Chara Dasha in Astrology.doc,0bd4dcb651ff8b47dc950ce40f7e5554f17f3a0d22185cc3ee71de55e17ab024,0bd4dcb651ff8b47dc950ce40f7e5554f17f3a0d22185cc3ee71de55e17ab024,flattened,structure-cleanup,0bd4dcb651ff8b47dc950ce40f7e5554f17f3a0d22185cc3ee71de55e17ab024,no
Astrology-Database/Articles/#Articles/jaimini_astrology.doc,Astrology-Database/Articles/jaimini_astrology.doc,fa1aaa98a2279991d85d3e41a4c3b98ac33cde9759632fe3514b220f4f6a4f82,fa1aaa98a2279991d85d3e41a4c3b98ac33cde9759632fe3514b220f4f6a4f82,flattened,structure-cleanup,fa1aaa98a2279991d85d3e41a4c3b98ac33cde9759632fe3514b220f4f6a4f82,no
Astrology-Database/Articles/#Articles/Jyotish and free will (Sanjay Rath).doc,Astrology-Database/Articles/Jyotish and free will (Sanjay Rath).doc,929720c3dde73ad6ca9fb6b516211cda5a01dd098baa899258a36cea6671c476,929720c3dde73ad6ca9fb6b516211cda5a01dd098baa899258a36cea6671c476,flattened,structure-cleanup,929720c3dde73ad6ca9fb6b516211cda5a01dd098baa899258a36cea6671c476,no
Astrology-Database/Articles/#Articles/prashna-FINDING LOST ARTICLES USING HORARY ASTROLOGY.doc,Astrology-Database/Articles/prashna-FINDING LOST ARTICLES USING HORARY ASTROLOGY.doc,7ee0433a9bc0bf1177bfe4a0e5202beb929dbff44ab419f2b5cebd9a392fe808,7ee0433a9bc0bf1177bfe4a0e5202beb929dbff44ab419f2b5cebd9a392fe808,flattened,structure-cleanup,7ee0433a9bc0bf1177bfe4a0e5202beb929dbff44ab419f2b5cebd9a392fe808,no
Astrology-Database/Articles/#Articles/yogas.html,Astrology-Database/Articles/yogas.html,d114bfbdb11973ad00de45155b396f4e8a906980ffe9e47d81d3d4af020fbab4,d114bfbdb11973ad00de45155b396f4e8a906980ffe9e47d81d3d4af020fbab4,flattened,structure-cleanup,d114bfbdb11973ad00de45155b396f4e8a906980ffe9e47d81d3d4af020fbab4,no
Convergence-Database/Astrology Insights/Astrology Insights/20260809-saturn-retrograde-insight.md,Convergence-Database/Astrology Insights/20260809-saturn-retrograde-insight.md,0bca127c54d46eddaf75b1d10621c776c7f5efc8198b9535c247a6c10b93a091,0bca127c54d46eddaf75b1d10621c776c7f5efc8198b9535c247a6c10b93a091,flattened,structure-cleanup,0bca127c54d46eddaf75b1d10621c776c7f5efc8198b9535c247a6c10b93a091,no
Convergence-Database/Astrology Insights/Astrology Insights/20260809-transit-reading-principles-insight.md,Convergence-Database/Astrology Insights/20260809-transit-reading-principles-insight.md,66d300353859fb72f8c8a1834351c67c89af4b74dc65de3f128652d3e0c599f5,66d300353859fb72f8c8a1834351c67c89af4b74dc65de3f128652d3e0c599f5,flattened,structure-cleanup,66d300353859fb72f8c8a1834351c67c89af4b74dc65de3f128652d3e0c599f5,no
Convergence-Database/Astrology Insights/Astrology Insights/20260809-transit-reading-principles-source-grounded-insight.md,Convergence-Database/Astrology Insights/20260809-transit-reading-principles-source-grounded-insight.md,910e54eff601857c611526c10c81ce7021828a29aa1fc30aeecf4ed47ee5863c,910e54eff601857c611526c10c81ce7021828a29aa1fc30aeecf4ed47ee5863c,flattened,structure-cleanup,910e54eff601857c611526c10c81ce7021828a29aa1fc30aeecf4ed47ee5863c,no
Convergence-Database/ML-AI Insights/ML-AI Insights/20260809-deepseek-v4-vs-gpt-5.6-insight.md,Convergence-Database/ML-AI Insights/20260809-deepseek-v4-vs-gpt-5.6-insight.md,e9dbe3e36483a93f66cfc7e1a7a794c5687eda175fb7415de766b52e352e3d03,e9dbe3e36483a93f66cfc7e1a7a794c5687eda175fb7415de766b52e352e3d03,flattened,structure-cleanup,e9dbe3e36483a93f66cfc7e1a7a794c5687eda175fb7415de766b52e352e3d03,no
